6.768730840689067829e-01 1.849793950121006447e-01 -1.545969552248221621e-02 -9.786142132722360182e-05
7.645546609058134768e-01 2.329222198070382277e-01 -2.904223371970053244e-02 3.284269809538882035e-04
9.186633608684984242e-01 1.669965715976603482e-01 -3.955347550721535071e-02 2.169855860046757384e-03
1.202410151020103513e+00 -1.094155955485209553e-01 2.032601945741430161e-02 -1.186302553995797560e-03
7.818681361364142601e-01 2.605726541984887401e-01 -4.835779408107961780e-02 2.392635056226570436e-03
5.441672449617118712e-01 3.622401476698327016e-01 -5.088876754259499119e-02 1.282680043601439968e-03
4.692782037931526595e-01 3.547089688494077797e-01 -4.370706450325639869e-02 1.039809141598668383e-03
8.412631158144198151e-01 2.748272572899598809e-01 -6.336632048430487774e-02 3.257363971271695982e-03
3.699805832003452699e-01 5.034066619424319988e-01 -8.829697596489004263e-02 4.324016610802449388e-03
6.490939479806504542e-01 2.536416904162679953e-01 -3.096370255360431090e-02 6.728599937381776188e-04
3.066240428169832444e-01 5.725404251913472908e-01 -9.415249031278903613e-02 3.781853240571991966e-03
7.600915968464613259e-01 3.829833450121655214e-01 -8.736539234565303402e-02 4.588092523351459603e-03
2.706201987846940660e-01 5.317236816184570669e-01 -8.398626389423360927e-02 3.824351103854956892e-03
5.508663245175821066e-01 2.827492092309754623e-01 -3.354162655069805460e-02 7.106476721177912336e-04
4.370430674384715442e-01 4.326259927477790201e-01 -6.561834869365815170e-02 2.657819493579679799e-03
5.708209011323834847e-01 4.534237574046249830e-01 -7.467154511426739305e-02 2.685904957928304197e-03
5.929626724874524912e-01 3.081118344209306525e-01 -4.505393120793230871e-02 1.676562742319917271e-03
2.069817794071090455e-01 5.374946688828726726e-01 -7.258763153183342420e-02 2.070464611406595216e-03
4.910192332186719133e-01 5.197099562138630668e-01 -8.295529598293614748e-02 3.166853309829683032e-03
9.607998643785694570e-01 1.029447623951272039e-01 -1.765693342326857609e-02 5.076051962225575738e-04
6.100573663583916950e-01 3.410842541403999451e-01 -6.018764663259473097e-02 2.974304608744779942e-03
5.237388962597737674e-01 4.863520871501744169e-01 -9.963780090275187185e-02 5.308382137840942164e-03
2.508853611418040419e-01 4.595356315346503795e-01 -5.382032401650192754e-02 1.207880039492164248e-03
2.667405610624862811e-01 4.552498979781857691e-01 -5.103839418939939282e-02 8.784370485446541151e-04
6.265753204670444498e-01 6.496310971526203515e-01 -1.647441757032993559e-01 9.096600030204148035e-03
2.433847965695833671e-01 9.343611939892918494e-01 -2.068827896122210352e-01 1.087373397471495286e-02
3.265624766923932998e-01 7.712478922077944388e-01 -1.648009060285120786e-01 8.572064936161008855e-03
3.241879249441276811e-01 6.512754267448500611e-01 -1.090989745544297257e-01 4.274806317419991251e-03
3.271323879949007418e-01 5.956105606386314921e-01 -1.036451317525161203e-01 4.608880550830159357e-03
3.928074420794792632e-01 8.253792579320423650e-01 -1.873569419004636749e-01 1.033518362642530004e-02
3.781721482483854646e-01 7.514810360015320434e-01 -1.676795355620100125e-01 9.122099655784482106e-03
2.473145558374103548e-01 8.391920082203582210e-01 -1.812198043604357489e-01 9.774035131586863295e-03
6.120774719235912986e-01 4.122781212118896144e-01 -6.836329983070085770e-02 2.807075321924809748e-03
4.341886385846299157e-01 3.417723573627725608e-01 -3.222803985832410623e-02 -1.367310831780550902e-04
6.367559909144292485e-01 3.262518196344130206e-01 -4.169072839396890245e-02 6.270777539871473212e-04
5.569206582371263314e-01 2.614684869386322275e-01 -2.096181474748158233e-02 -5.385664524329469892e-04
4.187784607023669059e-01 5.131241442671906627e-01 -9.001198977466746964e-02 3.955690192656237739e-03
2.732859722010580472e-01 5.170430476454324076e-01 -6.983844414269109457e-02 2.146364050293309012e-03
3.571601834536500819e-01 5.553911962465779562e-01 -1.023075395351541600e-01 4.897646140719246442e-03
8.312783115760866703e-01 1.336727074702123153e-01 -9.525944583456909254e-03 -6.266896619016087619e-04
4.840410565766699036e-01 4.398360239002872540e-01 -7.031705619725141243e-02 2.439161951117441336e-03
1.129783097833710226e+00 3.014787285673572667e-02 -3.794711797367275163e-03 -3.504275848662728146e-04
7.038915627572933653e-01 3.832438993069480770e-01 -7.292349473065003196e-02 3.134363539695244043e-03
2.044703071541117134e-01 7.253363266840463508e-01 -1.393517592088815982e-01 7.141576545273111559e-03
6.636305822209066507e-01 2.532942052799085353e-01 -3.305233736739803668e-02 6.966736675343385447e-04
6.163857727423728283e-01 4.442032531999328127e-01 -8.584585141179178203e-02 3.613001525898715868e-03
6.120596456911455707e-01 5.488652612664950414e-01 -1.220160732013658850e-01 6.527579381519048492e-03
7.890422681991001719e-01 3.038701795610159739e-01 -5.324386014360327213e-02 1.974658764151039549e-03
2.986277032533918296e-01 5.578275796710944201e-01 -9.012593803567864326e-02 3.364345923400130587e-03
7.828026138173961312e-01 3.069058389952757371e-01 -5.918972606043482187e-02 2.743869831441996757e-03
5.858482530459209192e-01 2.871923283075080713e-01 -3.554770293622204480e-02 6.875987234977215708e-04
4.658381899019584660e-01 4.569768783224678610e-01 -6.848645428357839904e-02 2.426618358314984632e-03
5.174514646045009769e-01 5.239535354500918229e-01 -9.661146285932269151e-02 4.365749807825159562e-03
3.954330209482820879e-01 5.166790784948919191e-01 -8.730282958049304098e-02 3.325515164778847493e-03
5.593107797187615304e-01 5.921368137045645019e-01 -1.330046941582245512e-01 6.510114964137076604e-03
4.295125387976572728e-01 8.383853701029192473e-01 -1.917315941898241616e-01 1.011349271426549568e-02
5.460465699081000768e-01 5.689825225882633175e-01 -1.193185735253428359e-01 6.140673168358742884e-03
5.352305129407278761e-01 6.718961732865653680e-01 -1.576980453422946737e-01 8.331009354071893663e-03
1.479150328053151497e+00 -3.720764562637580708e-01 7.698455419439646785e-02 -4.653390776526288020e-03
1.057214602217306787e+00 1.571911899769658921e-02 -3.301897338323594219e-03 -2.692884303428383103e-04
8.228520726308137245e-01 1.182357002020382603e-01 -1.215150455102462744e-02 6.220308510858401285e-05
8.412086256339894597e-01 6.098920969270948261e-02 4.162725011822660838e-03 -1.081815216758971526e-03
6.093599573731822705e-01 5.527054907096846659e-01 -1.195804714390217571e-01 5.583568101347922800e-03
5.033675499917191765e-01 5.765106439004735739e-01 -1.226147974323226059e-01 6.590035658544456110e-03
5.148125022555739561e-01 5.024828573216054695e-01 -1.007330170812360814e-01 5.225850867138261135e-03
7.176832321328154851e-01 3.122922290057446593e-01 -5.609817693666661886e-02 2.408517882205997700e-03
2.634054053249767491e-01 8.449741107688507613e-01 -1.753485329219145739e-01 8.785905847030296700e-03
2.154935949298734665e-01 5.442841538327328754e-01 -7.541284646919831081e-02 2.560965046232862707e-03
6.294491004145251756e-01 3.692831128252543338e-01 -5.793394704310479704e-02 1.909568902082040085e-03
6.932613655098107674e-01 2.518286030904099970e-01 -4.024873082789479778e-02 1.655511380116338714e-03
1.413492911454839129e+00 -2.695471993448104731e-01 5.124516821512221931e-02 -3.158604701814692918e-03
8.414866019215001547e-01 2.222075886753687168e-01 -3.196740963218938636e-02 5.476099084485106525e-04
2.636968495182166472e-01 4.844962964973367758e-01 -6.198391839835155209e-02 1.481716114774476274e-03
3.922079388445057768e-01 5.308827089141158195e-01 -9.042270524805680332e-02 3.453261151697185633e-03
3.726470965033889526e-01 5.677570123359124699e-01 -8.603775103855704209e-02 3.035797134500058028e-03
6.794623348692947484e-01 2.767573201208272105e-01 -4.935392115580631428e-02 2.286896613514860076e-03
6.614573571044060074e-01 1.913082731129008007e-01 -1.694391526331337841e-02 -9.270560409428841425e-05
4.306212002626699231e-01 4.220462648777876247e-01 -5.983316989977198463e-02 1.749105148612306419e-03
5.437012931097265911e-01 3.016086941030936552e-01 -3.133561316837737282e-02 5.411639733739604627e-05
4.269452581566308691e-01 3.683424313633171798e-01 -3.991603068486031247e-02 3.802325174311153031e-04
2.301351336604419706e-01 7.881264469797130134e-01 -1.588179660796235626e-01 8.189339400769161254e-03
3.034583777222811252e-01 6.060040706100775498e-01 -1.119157249851243652e-01 5.510654050040079098e-03
3.414318596205324075e-01 6.661241635160690677e-01 -1.305115170833345828e-01 5.930245720777886816e-03
9.629795407638207516e-01 7.639598183686076814e-03 1.253862178839844008e-02 -1.443721922326852720e-03
5.377264993483512612e-01 4.887038906266287785e-01 -8.634252804739073195e-02 3.418372573126580733e-03
2.905333146820530676e-01 6.526543313153533310e-01 -1.164462719932697621e-01 5.687611642616439631e-03
6.385462192541234705e-01 4.002189400554581056e-01 -7.882436536154470430e-02 3.264685657402903191e-03
6.107785038141736456e-01 3.543177075235749429e-01 -5.367240026495939675e-02 2.072857487263548085e-03
3.008225375563684523e-01 4.827264409395872202e-01 -6.895427374796815612e-02 2.405527976338803827e-03
2.716169033504218788e-01 5.695216896917177918e-01 -8.840245090917248083e-02 3.305470004313606786e-03
1.068823523085264293e+00 9.455399683693513357e-02 -2.585100885871915999e-02 6.412139375956216539e-04
9.957494017984819257e-01 2.609531206891606003e-01 -7.007922433981909893e-02 3.937020762695169450e-03
1.027530321569224858e+00 2.272422990702571977e-01 -6.765682661640511075e-02 3.986518854909196045e-03
2.608970446753820505e-01 8.333789096288364284e-01 -1.644943888651250463e-01 7.521899550411888236e-03
3.935124248090621779e-01 7.008657234989537077e-01 -1.347131073935692036e-01 5.950573337530655135e-03
1.333054041142103907e+00 -2.882560215418324967e-01 6.590047061024725816e-02 -4.213775948393841224e-03
8.821152494041315517e-01 3.167602368873653762e-01 -8.104238343069553041e-02 4.721592661123885822e-03
6.980161717440954705e-01 2.336097320437836022e-01 -3.685622472669080468e-02 1.533603433428069613e-03
2.081801722059175574e-01 6.579732765128165628e-01 -1.105021133969246450e-01 4.899477737417359986e-03
4.230508773493912855e-01 6.268503435556526115e-01 -1.295783850832200323e-01 6.673871337293022996e-03
4.100054478788343060e-01 5.756156990591198008e-01 -9.842875087422908731e-02 3.879061244296492812e-03
2.471726987661267694e-01 5.185382247179866066e-01 -7.087260706728380766e-02 2.279311686861337782e-03
3.632544090655764890e-01 8.378946946820684527e-01 -1.958609403090277867e-01 1.076464854843355197e-02
2.900116265496147094e-01 8.143698601575475315e-01 -1.680940686217268776e-01 8.785412522306391969e-03
5.001373752566767861e-01 3.827881282360634518e-01 -5.893755319219261268e-02 2.144346250858528494e-03
9.045554030235422038e-01 1.488674280563096752e-01 -3.429185166719932176e-02 2.109359598443935786e-03
9.564540646264156898e-01 1.145624130735379553e-01 -3.040478630166472060e-02 1.914011000029663522e-03
2.386086212128789574e-01 7.349632349663260955e-01 -1.469265089441133543e-01 7.649118212351633563e-03
8.080313031675327995e-01 6.477426931839987134e-02 9.673072287890226856e-03 -1.788155657706797701e-03
8.483196048946342049e-01 6.100679046673661288e-02 8.085737978443269941e-03 -1.460390292368030606e-03
8.209322463158401639e-01 2.449307591490021696e-01 -3.531690293834523209e-02 6.988735775828049633e-04
2.815655465585419348e-01 5.251170525058852512e-01 -7.810929468066059311e-02 2.670685608371660674e-03
6.165977939688410681e-01 3.591804809290192746e-01 -5.975575552826112996e-02 2.036466016650697111e-03
7.835212057152980414e-01 3.821441056955796611e-01 -8.811405525112706028e-02 4.455418533462015933e-03
4.114055141897807744e-01 3.501530410053568243e-01 -3.620342460158176845e-02 1.690909646026522522e-04
1.280673330303483626e+00 -1.263153089271574214e-01 2.576718646853451075e-02 -2.159452962197971979e-03
2.811805756761591724e-01 4.878801410049003473e-01 -6.452008056453376050e-02 1.842983779042289957e-03
3.084635849614364989e-01 4.648258378437203908e-01 -6.802234708957277665e-02 2.742302118766201148e-03
9.813407420670944292e-01 4.639512097257175172e-01 -1.438715033618931660e-01 8.691848174109253339e-03
2.386771461087758284e-01 5.777977501595322751e-01 -9.264860067394418974e-02 3.973945653213966853e-03
4.035651771566917678e-01 7.109918071106282600e-01 -1.398220737803375635e-01 6.211033944792079126e-03
8.373928820175833287e-01 2.027792014860707315e-01 -3.008834099136671950e-02 8.685963612800577530e-04
6.066374035185843061e-01 4.069123628493463984e-01 -7.048930647211175404e-02 2.976312959036932822e-03
1.242366547822363998e+00 -9.452804255788016530e-02 1.246873275215919577e-02 -2.799736628799564218e-04
6.662885941435743309e-01 3.951200156192697377e-01 -7.426139721072808064e-02 3.402616127828521006e-03
4.662152785661021759e-01 5.203109398361065452e-01 -8.927910062598561070e-02 3.634391206310084738e-03
3.030340653319072985e-01 4.660892617540211003e-01 -5.805828992818489603e-02 1.310878321734414848e-03
2.203915330882265655e-01 6.000690956195486869e-01 -9.258779217101031911e-02 3.710534565128865720e-03
5.234495382187516199e-01 5.369702305987495983e-01 -9.986691697404537216e-02 4.103889784641216038e-03
2.695479054295170096e-01 5.283372026448157621e-01 -7.664600050725736691e-02 2.348003107755278207e-03
3.632757554312818216e-01 8.493799172430102074e-01 -1.876133136944455881e-01 1.022701891398068719e-02
3.929677408084035761e-01 7.201371648570288331e-01 -1.450371474094267477e-01 6.967670204904317065e-03
6.145249740851620457e-01 4.934669466934322180e-01 -1.014669592821801636e-01 4.506410284976582019e-03
4.827552106911649488e-01 4.877823495188383096e-01 -8.959682098457870392e-02 3.833452990149903254e-03
2.369442386539687972e-01 5.638562576430588003e-01 -8.222635298559378969e-02 3.004178270420721115e-03
3.524841357903082950e-01 7.834594766782926323e-01 -1.612926770189360703e-01 8.230496335177360165e-03
3.312027391603246662e-01 4.231089334164922500e-01 -5.301100110803604742e-02 1.458860369561271967e-03
3.682280723042095083e-01 6.630028016727417262e-01 -1.295381639599025581e-01 6.424942150084877145e-03
2.315110687238148279e-01 8.453309272133110452e-01 -1.711849909974471062e-01 8.813534766682347421e-03
4.567825979710040674e-01 6.582496710746756907e-01 -1.360986899768308056e-01 6.450451857726796981e-03
6.672651176840480591e-01 1.999533558185264681e-01 -2.091643654083872456e-02 9.287052395563420682e-05
2.463715807263888724e-01 6.284769944305566014e-01 -1.030978254234523606e-01 4.670912961673401656e-03
4.338210145072580182e-01 4.226268262715065505e-01 -6.358323923289659063e-02 2.023932110459961478e-03
3.282385387209054151e-01 4.822095307643651796e-01 -6.849099171882827575e-02 1.992620451950171800e-03
4.175262642941385827e-01 4.140289073619040638e-01 -6.016123992964231282e-02 2.273987616927334188e-03
2.878368280864151973e-01 4.776108840516207210e-01 -6.906122156123410682e-02 2.683236285812283864e-03
4.064212933960588137e-01 4.809786965755362131e-01 -7.665404438410571009e-02 3.125283517454928699e-03
6.527174402348545623e-01 4.282386952604668728e-01 -8.405622395993438134e-02 4.119092409226966095e-03
2.756967902386058822e-01 6.961374211637884057e-01 -1.246179321262965989e-01 5.574347053548583432e-03
2.608970710574192164e-01 6.506086375735657956e-01 -1.148711807868084411e-01 4.804791905943974449e-03
1.078087721129415533e+00 -1.288469932004142338e-02 6.797927418686624049e-03 -6.763664051496565219e-04
5.026732278705919876e-01 4.042999359913564961e-01 -6.555731388754060252e-02 2.818636585557282147e-03
4.020891799001424238e-01 3.700938545403156810e-01 -3.836580877892772218e-02 2.808726412383508197e-04
3.973021013715350991e-01 7.929785782841911601e-01 -1.795458820539973521e-01 9.873924409269404026e-03
7.908463448891459580e-01 1.024220264943795228e-01 4.977051521964812215e-03 -1.781597507564340382e-03
9.509126167190375956e-01 1.039897192583128238e-01 -1.427356381932712477e-02 2.631680726044759101e-04
2.464091225079763914e-01 7.520560981065379513e-01 -1.336442168133104014e-01 5.634267034319336530e-03
5.732372110802826937e-01 4.707348901905801797e-01 -8.299302053704445126e-02 3.635499742358944651e-03
4.631485370038418425e-01 3.977202492095420761e-01 -5.228709875100137627e-02 1.172977681201553893e-03
5.563704846898294143e-01 4.902209557928332018e-01 -1.038917935353119576e-01 5.549620259510531020e-03
8.863404408869086648e-01 6.205978136104609716e-02 2.481337579486544379e-03 -1.209905335259727583e-03
4.390144903938181797e-01 5.059477272722792129e-01 -9.634738965232664265e-02 4.967328995540478201e-03
2.250916387912426098e-01 6.465120976162829214e-01 -1.024508729837814436e-01 3.851784557126173777e-03
2.292464389173121675e-01 6.398153917979765293e-01 -9.915885331430274174e-02 3.867607205435757717e-03
5.453867914602876787e-01 6.124582575519257333e-01 -1.249386641441316004e-01 6.375567441763782192e-03
3.269747292992541410e-01 7.257006503337853909e-01 -1.358937369078506707e-01 6.530298266350619864e-03
4.373597875888743935e-01 6.818195665115993620e-01 -1.308225643789279469e-01 6.127844034809274733e-03
9.748434625519896146e-01 1.040177193351056462e-01 -1.130790277283261550e-02 -2.853201363257897808e-04
6.752472818588363124e-01 2.203951800834519914e-01 -2.188558339488784824e-02 -1.298224585194844300e-04
9.671265070511464446e-01 1.783023753866139899e-02 9.098751244282200779e-03 -1.322861074411791444e-03
7.830583947707187020e-01 1.393850553809349024e-01 -1.344545684158122804e-02 -1.315060420408100804e-04
1.251283219333379826e+00 -8.645832748078433050e-02 6.610273574681019629e-03 -2.799902310593187400e-04
2.749256417155600540e-01 6.656265890480432823e-01 -1.239422615161222402e-01 5.824586007757228540e-03
8.483907970268571574e-01 1.794122990277208229e-01 -3.566734854815015870e-02 1.818056560708618393e-03
1.002779546210681882e+00 5.696542987154343263e-02 -9.777880813765378945e-03 2.647721628009546075e-04
2.021811822786658275e-01 6.471685750526993131e-01 -9.702259056874716625e-02 3.507410525075496839e-03
1.002672336381897011e+00 -1.165358337362728536e-01 4.711397667778401133e-02 -3.866367797035348639e-03
1.084302945852465117e+00 -2.916387137178096112e-02 1.139152566297709987e-02 -8.825513629908694323e-04
6.878692480168121515e-01 3.359638017555006129e-01 -6.424568821444751054e-02 2.643683862841274962e-03
8.168431018348545347e-01 2.568662672430508942e-01 -4.099527821977975994e-02 1.346144756893589110e-03
3.330231269096305402e-01 6.642126846542105723e-01 -1.226897533197805201e-01 5.748687641431423322e-03
1.054946358987473021e+00 7.306879911269135996e-02 -1.780845483653529029e-02 2.443017627519260639e-04
5.297386459425872385e-01 3.544281184410885688e-01 -5.847116952889295366e-02 2.887924126763334251e-03
6.360807509452209851e-01 2.843727375784428912e-01 -4.795591533651636512e-02 2.264348895531420082e-03
2.365808536021182795e-01 8.454029052285270129e-01 -1.757529605223277502e-01 8.832210783259780013e-03
1.203399454748032671e+00 -2.952108667420542260e-02 3.260855333536316625e-03 -9.584526069366076798e-04
6.481899822823976587e-01 3.749055848763977461e-01 -6.571693599999298141e-02 2.578940917939114095e-03
1.139593267284985112e+00 2.771872237748769785e-01 -9.875619141153811620e-02 6.191579780630028507e-03
1.410821803097167537e+00 -1.743029418283824350e-01 2.846418230451127143e-02 -1.411591701904966242e-03
1.414173609968877310e+00 -2.059376460988331936e-01 2.961122443993752934e-02 -1.301182288700431303e-03
1.152623306415560211e+00 -1.385546253676843975e-01 3.554517337047467113e-02 -2.433221857602924608e-03
7.614651690504262715e-01 1.530485746646884637e-01 -1.533153825826842273e-02 2.023906155952130345e-04
1.270010327976244691e+00 -1.627672548068346825e-01 3.552609426516696589e-02 -2.769130161311114495e-03
6.016374761945419980e-01 4.188541501082354568e-01 -7.541921086810364494e-02 3.163604688446832076e-03
3.606344708832089352e-01 4.664876275839081599e-01 -7.013522152322820835e-02 2.778744138484552043e-03
1.281810346586119254e+00 -1.665286205596438751e-01 4.263877928507036480e-02 -3.095157697501578486e-03
6.633608489609031933e-01 2.827418108480566072e-01 -5.065224035669705499e-02 2.608349818060442561e-03
3.845603713723568795e-01 7.710012176210350177e-01 -1.710826556779210528e-01 8.529720822305122616e-03
5.401072545073297704e-01 5.053276519581288984e-01 -8.497538080967953489e-02 3.294227656762418587e-03
6.301951287751911268e-01 4.271127528471157508e-01 -8.386512165978746158e-02 4.097407389367695163e-03
6.842128712476456265e-01 2.313725363728989237e-01 -2.964307407056610347e-02 6.091253476880898734e-04
3.154891298847599113e-01 5.591371610955890858e-01 -9.291534856890529270e-02 4.226945689416317618e-03
5.102971967083335114e-01 7.164041943992414119e-01 -1.620646741446928607e-01 8.167783403926319116e-03
1.074543703024936736e+00 -1.720926451560156056e-01 5.687059851803960564e-02 -4.299524605296110857e-03
5.791545335480439149e-01 2.934475061910299387e-01 -4.599810337630879514e-02 2.209716867237282011e-03
1.351202179640128342e+00 -2.328042542898485501e-01 5.078805956761129475e-02 -3.113447688883367107e-03
4.505329895793225847e-01 4.441351922635140559e-01 -7.217758348229773302e-02 3.262369372471124462e-03
2.226789142580092307e-01 5.667203106169624860e-01 -8.032975982032611317e-02 2.446665978992347470e-03
2.579482225052815991e-01 5.946350019605630699e-01 -9.504257164213100739e-02 4.051131143366632284e-03
1.120767182594651690e+00 -2.049157330894544118e-02 -2.679741953794870582e-03 3.924991853331147784e-04
1.086629697653190396e+00 1.334670181741592909e-01 -4.001533444255021832e-02 1.705418339791581151e-03
2.256239630750484781e-01 7.180316214107289596e-01 -1.370897054489491063e-01 6.921073143929931150e-03
9.185714856517196436e-01 -3.288810883456844830e-02 2.852148130324999586e-02 -2.655894018622218140e-03
1.132317582198620443e+00 -1.156815648566480448e-01 3.208191266525044910e-02 -2.585995855091208131e-03
1.325423051549769138e+00 -2.130968808520783131e-01 5.154765256283112135e-02 -3.583208071653248058e-03
2.770542116867211746e-01 5.216539720693716964e-01 -7.163214667116309109e-02 2.351265170538808721e-03
5.900082003531079700e-01 2.153465676199469714e-01 -1.679343873109906404e-02 -3.392687637399045353e-04
3.199494097709095208e-01 6.560458759501353043e-01 -1.220797018455941629e-01 6.209876492158189661e-03
3.579051875547965000e-01 7.185403242886400088e-01 -1.413858651693526702e-01 6.833460820482025605e-03
1.046830728693599832e+00 -8.113264338223244443e-02 3.134856926057607435e-02 -2.645421384889028431e-03
5.816005614374495369e-01 4.590873658663421342e-01 -9.290507953067926594e-02 4.717312638769274001e-03
7.038227256991927971e-01 1.293795802613871837e-01 -2.606059598515120691e-03 -8.627352942886224417e-04
6.362974217639648655e-01 3.964881478504536649e-01 -6.868913245974109238e-02 3.009188269223801553e-03
1.259078233121770474e+00 -1.411028730077459048e-01 2.079349905084059216e-02 -7.933831249131315317e-04
8.626388735552945608e-01 2.006303098123832784e-01 -2.595348136380679765e-02 3.197642769355387880e-04
1.144269052595664693e+00 6.357199661690041310e-03 -5.025159436146203751e-03 -2.627343741565140215e-04
9.793742896910696549e-01 1.333132768945757274e-01 -2.708751778089936446e-02 5.771382305820595658e-04
1.134181117015053974e+00 1.312629938358471186e-02 4.005435328895913874e-03 -9.163051338402536210e-04
7.654641348810241608e-01 2.830579800733784013e-01 -3.677648897358809510e-02 6.566786968714951375e-04
5.453958536791757572e-01 2.967182901364376901e-01 -3.695627636792180037e-02 1.043359332810039506e-03
2.120914258504784100e-01 6.891708213678712225e-01 -1.107668483607656407e-01 4.582972574739929521e-03
2.686400546174814163e-01 5.409869163644956958e-01 -7.910099638978194958e-02 3.044889556688937411e-03
2.095148744449064904e-01 6.144302544137421052e-01 -9.771921987222734196e-02 4.254821862417344780e-03
3.104856927784391818e-01 5.265984243776267171e-01 -7.555299835378931350e-02 2.611288000567767859e-03
4.676716261181909640e-01 4.096080501055616163e-01 -6.463461917409724089e-02 2.675913743976818335e-03
2.079873621552701113e-01 6.107731386533101769e-01 -9.586335622226942188e-02 3.505994588871815150e-03
9.844522938216737629e-01 1.800695047039716779e-01 -4.951095595894693113e-02 3.097321649588138590e-03
3.747535224453794611e-01 4.876463493866676213e-01 -7.952507675783478114e-02 3.626600531089623890e-03
3.012415404229204507e-01 6.741709785606879723e-01 -1.197971807922200843e-01 5.516909508838152565e-03
5.143039787288868903e-01 6.729115234330377282e-01 -1.491842073872461094e-01 7.344704000559289236e-03
5.954069836022745088e-01 4.975414672546836781e-01 -1.051912443843829731e-01 5.263181911143833581e-03
2.640118269971186149e-01 7.071231616493649508e-01 -1.267492131232799690e-01 5.350552238981774213e-03
2.853250752097186149e-01 8.119891696058758601e-01 -1.658881202967276702e-01 8.616087245879288856e-03
5.316238662241080659e-01 6.324551632239308052e-01 -1.492494780655537201e-01 8.450609223319555108e-03
6.288481780901387097e-01 5.133852652417165707e-01 -1.058289971137018060e-01 5.246657577933170127e-03
2.372510896196565189e-01 5.568718400654004697e-01 -7.743546321879846150e-02 2.257011140115413803e-03
3.963649494735455026e-01 4.211325069448837444e-01 -6.707487435871306580e-02 3.204433027288302281e-03
3.487689984216236216e-01 7.806722222770059449e-01 -1.639420092858984712e-01 8.674443915495056931e-03
2.115913140589548713e-01 6.486652101911940527e-01 -1.056097405072117246e-01 4.000021420277921277e-03
5.099786891663609101e-01 4.757280736971010171e-01 -9.300734261650032975e-02 4.777536755390739305e-03
3.281612648031106416e-01 7.770433999546865200e-01 -1.637048030769831519e-01 8.045979041687566571e-03
5.860499825115641492e-01 5.044060844684912226e-01 -1.016828967296576208e-01 4.670180658932552957e-03
2.128303950867635463e-01 6.744483122122819641e-01 -1.172120471597850044e-01 4.952453432302131482e-03
5.193174899469997774e-01 3.777587949519695121e-01 -6.693542838901077319e-02 3.397359160598548752e-03
9.275219224968456189e-01 1.425078047585368601e-01 -2.896286605169629685e-02 9.226385867918844358e-04
3.953374629543414676e-01 5.474743976966107706e-01 -1.027544096603693335e-01 4.893673151220235412e-03
7.604247952340594807e-01 3.174693523504136250e-01 -6.457735072999849779e-02 2.866766631211112651e-03
5.702521115998785417e-01 3.442085763789340946e-01 -5.847399545685021127e-02 2.740310531783164954e-03
1.054857405260821279e+00 8.114564871850746264e-02 -2.651948498349691874e-02 1.417442862072191938e-03
6.288703400042411351e-01 3.691562937573409364e-01 -5.997705812116919249e-02 2.464419942820299941e-03
2.670545995689096452e-01 6.382212952727288613e-01 -1.161422902081975933e-01 5.334394660500635203e-03
3.646705522145943790e-01 5.637501081796102431e-01 -9.569755688919442949e-02 4.155027716440574774e-03
8.769374476789894013e-01 2.036693906080873917e-01 -3.277146881613336726e-02 8.322831295664197271e-04
6.167743906906252294e-01 3.651294827636384910e-01 -6.150077796696254429e-02 2.926862649203457612e-03
5.651456419865249492e-01 5.130454519298836003e-01 -1.034805389471658427e-01 4.574488274601272962e-03
9.823840366192022611e-01 -5.033319995644951195e-02 2.498500533758553702e-02 -2.180702028818660640e-03
5.683011441832828137e-01 3.534387112016413868e-01 -5.351983265017344615e-02 1.470578569453504696e-03
6.884274181609637555e-01 3.637900516506385462e-01 -7.146578107402541680e-02 3.145212841555570116e-03
3.314895799900512974e-01 5.065383545652369923e-01 -7.673939875908793173e-02 2.699865435709469016e-03
3.567868500624529760e-01 5.016682073285497756e-01 -7.618419915040834656e-02 2.745721172792096616e-03
8.272705745099570018e-01 2.217102525110133671e-01 -3.559254628878499860e-02 1.405818547372055102e-03
7.138804707894268464e-01 2.344062278555829326e-01 -2.893338770016229758e-02 5.061776741521839627e-04
7.005335725085171106e-01 3.522526961306178817e-01 -7.778207561762093269e-02 4.283193048991189820e-03
3.044344374484140303e-01 7.813369332492269281e-01 -1.687735011476541036e-01 8.833294977860291219e-03
4.169611724440565048e-01 3.235331392135468720e-01 -2.732087866293218467e-02 -3.797638428137761020e-04
8.204512427078014536e-01 4.505451340245952840e-01 -1.202218743199245238e-01 6.796309633082920666e-03
5.108249548551605512e-01 3.202343699358135010e-01 -3.376227705352281144e-02 1.012568693159240766e-04
3.372925188761144444e-01 7.483504048412622511e-01 -1.519262595249479542e-01 7.288434877994886749e-03
5.416285490921604051e-01 5.499725545971589913e-01 -1.105018609930226020e-01 5.869124237281847685e-03
6.307415289137475733e-01 3.747337601025073073e-01 -7.183117962470073059e-02 3.162247505563855077e-03
2.779201095574648783e-01 7.592419903940569315e-01 -1.520772957338961118e-01 7.238187693288058999e-03
2.906939367876901770e-01 5.826723885544855541e-01 -9.357233992448237003e-02 3.664127184920441468e-03
6.960756413350543959e-01 4.836170242552684795e-01 -1.103365544342151949e-01 5.389579446728156448e-03
3.445502390124978720e-01 5.142971472249233678e-01 -8.129143147094701483e-02 2.794033342006553306e-03
2.623893397833764185e-01 5.447436770636771008e-01 -8.975465048016983971e-02 4.249250057600521997e-03
3.922073226766633058e-01 5.141456938109304486e-01 -8.042694917856806069e-02 3.016479453821086908e-03
4.298908175692098266e-01 3.767214485535609336e-01 -4.348551704535298656e-02 7.375770243860809393e-04
3.949157037063096842e-01 5.783307079150028507e-01 -1.042549215037174432e-01 4.811323851448385917e-03
1.012595287853153669e+00 1.706057592927965882e-01 -3.027567338964583590e-02 5.380099344850175708e-04
1.319651652543845977e+00 -1.155457128379775850e-01 2.032106020210233330e-02 -1.409926465911959552e-03
4.232738042104793874e-01 4.775584436006540812e-01 -8.468208857385388366e-02 3.910480089481509040e-03
3.266056743667130058e-01 4.548956640185740086e-01 -6.891795471945989793e-02 3.060704752395090704e-03
5.182958972100325523e-01 4.626719871097452197e-01 -7.182467886804184964e-02 2.529170453462974057e-03
8.344216688240490010e-01 8.480944129524076169e-02 -4.821365401401192866e-03 -2.775360030082531996e-04
5.460686607358047340e-01 3.572759611934140933e-01 -5.942696570207701284e-02 2.954359855036089392e-03
6.155138111743593266e-01 5.159880523720614676e-01 -1.098337187884970839e-01 5.586187153940005978e-03
1.025636942665253848e+00 -4.806127250640936099e-02 2.936960539978215184e-02 -2.814700969921950756e-03
2.369619438252896781e-01 5.109129052348023725e-01 -7.272816946177131092e-02 2.714595848972544811e-03
2.396806259709794718e-01 5.194710328088741891e-01 -6.714360396548919863e-02 1.683048667453421231e-03
3.449277571724656544e-01 3.717128350392128189e-01 -3.785274403857682296e-02 3.935053134225610649e-04
3.104491427794439096e-01 4.762671878064113629e-01 -6.474486597487748296e-02 2.123339824958280636e-03
2.916800706220958328e-01 5.301829150306641703e-01 -8.253326971466115602e-02 3.287675514478259793e-03
2.791003986733970876e-01 5.613590512806537758e-01 -8.916910227161864433e-02 3.343863356191379213e-03
9.622716127880631687e-01 1.639979643810741405e-01 -4.481427064831634138e-02 2.803777424284985102e-03
7.134091611034487634e-01 4.387988552903944184e-01 -9.603689831702418023e-02 4.748817448954587711e-03
6.513716117081381762e-01 4.128295321193551914e-01 -8.028020698837043390e-02 3.773299596686100627e-03
7.928423659842891436e-01 2.933402035624126380e-01 -5.557800609892026705e-02 1.915126155542267936e-03
3.691678982211143434e-01 4.720497221923500852e-01 -7.837676266064118324e-02 3.653944142742700588e-03
2.648032417128150517e-01 5.934016409790535684e-01 -9.021381858053832692e-02 3.502898145226474025e-03
4.110535848557215766e-01 4.515267557233442197e-01 -7.839660500888966099e-02 3.922659023733386131e-03
4.701694970022348707e-01 4.193865893042795778e-01 -6.831404725271356115e-02 3.008879906703803946e-03
3.430165210622056482e-01 4.552078830025441669e-01 -6.484261964864486416e-02 2.373891124251405107e-03
3.217020351050212668e-01 7.101773528321775331e-01 -1.295618656124967738e-01 6.265672780634712162e-03
3.514380452651452713e-01 6.903923861571648057e-01 -1.306845960950578922e-01 6.432161546245369725e-03
3.041669642260693696e-01 7.041915134392026099e-01 -1.354749239665941074e-01 7.003059632072128858e-03
2.760064250439272504e-01 4.774428770219680263e-01 -5.558187730598164455e-02 1.067526583910413142e-03
4.918612977244872231e-01 4.484156933092888764e-01 -7.992511975063221197e-02 3.995714113974086282e-03
4.389909097793056603e-01 4.109439507126173563e-01 -5.497999925397256682e-02 1.702654263831594869e-03
3.914481062279531742e-01 5.301544283128273305e-01 -8.971731586108595835e-02 3.327657618643472745e-03
2.426383515885924269e-01 8.459094803220434944e-01 -1.757943556180283085e-01 9.014239533676545943e-03
4.985993400462649383e-01 5.766353996618263089e-01 -1.097669543980881179e-01 4.905058076061646032e-03
4.748869064523657535e-01 3.873943743556200747e-01 -5.523473809229232506e-02 1.676258325152731694e-03
1.477007320699954773e+00 -3.275964357761865786e-01 7.063669398587157922e-02 -4.645148147436942848e-03
3.863625315516669434e-01 7.098238376311287734e-01 -1.390364286132330096e-01 6.258670737816413900e-03
1.017078126382066738e+00 5.622312631505971964e-02 -1.052814289946026917e-02 -1.032630522229063146e-04
4.266943715122161751e-01 5.365916617054167226e-01 -8.758098812258412191e-02 3.108766446508222543e-03
7.121443908156881442e-01 4.430062889439271845e-01 -8.347744202003749836e-02 3.516282611434589506e-03
4.676875928628028700e-01 3.961292386400480647e-01 -6.221724697558015521e-02 2.769133993607584675e-03
5.888561618639711615e-01 4.656302992408100638e-01 -7.013042376336618700e-02 2.166611828617570103e-03
2.822688837347683832e-01 6.614566904602313668e-01 -1.223420790091353239e-01 5.443774584136961206e-03
3.029995249602499552e-01 8.753259152196884996e-01 -1.974995010692702779e-01 1.047736207637197173e-02
2.420036430769256786e-01 6.501831509839945955e-01 -1.117365275405818037e-01 4.727789326443725820e-03
5.642435762487153506e-01 3.764883661299513462e-01 -6.239921594986640868e-02 2.632887166849972628e-03
4.483865823886932223e-01 3.756415865416553035e-01 -5.382187148409452171e-02 2.141408184997118779e-03
7.351084414443174175e-01 2.474183028082125313e-01 -3.924569888227296549e-02 1.235451636876154719e-03
2.821835303245557869e-01 8.328676346133284669e-01 -1.833915181376466474e-01 9.980438083247720679e-03
7.978346155681939056e-01 7.743112722228548406e-02 5.501790779177684505e-03 -1.321794318318867192e-03
1.414817758577387119e+00 -3.093128651835351794e-01 6.539663009569993135e-02 -4.148112833672549203e-03
6.840334468016945335e-01 5.659649303560289058e-01 -1.398649150738040525e-01 7.576491303590142043e-03
2.335222070493518098e-01 9.697475706964681086e-01 -2.174938741463110781e-01 1.148447017003815206e-02
2.285798181755325509e-01 6.785838321285787567e-01 -1.237941708725822376e-01 6.130381496878643116e-03
4.321277800652774670e-01 3.863282222889233841e-01 -5.061813352125965615e-02 1.454618930442399096e-03
6.567138348244025980e-01 3.068636232227115457e-01 -4.834556455570607203e-02 1.706467841550302891e-03
5.428957879455307278e-01 5.257538913934769464e-01 -1.084181348489467039e-01 5.602559200138156927e-03
7.844455949186318611e-01 2.983014194870894920e-01 -6.409535624170385748e-02 3.019679376079600994e-03
6.142143905216745914e-01 3.379007869664710784e-01 -5.944470688850649054e-02 2.656414684640324205e-03
2.827500565062130433e-01 8.157999213522121318e-01 -1.763694550044537235e-01 9.088144979911842031e-03
3.536117677825044159e-01 6.328472722150670915e-01 -1.219701473724583984e-01 6.249736897148335316e-03
2.019093892191171913e-01 7.692437282335531368e-01 -1.379221907734848318e-01 6.698988368493039372e-03
4.383892334108789868e-01 4.529207945475892672e-01 -6.767631278919193638e-02 2.364320481909635077e-03
4.650552115805406950e-01 4.159631320487812700e-01 -6.232766354683060700e-02 2.086981845780738754e-03
3.349108734822364153e-01 4.995452749747915089e-01 -7.503416182938209278e-02 2.727936524618486923e-03
2.253078560005924713e-01 6.301742601166039348e-01 -1.069080501811850853e-01 4.610580043208661882e-03
6.324086120677882006e-01 5.361522912061043034e-01 -1.099926767180910148e-01 5.413405971739508778e-03
9.010341533359100819e-01 1.105753375516749237e-01 -1.359079878467169163e-02 2.052870939863527867e-04
1.203993003017345131e+00 -1.088598320268112235e-01 1.667047659211505148e-02 -5.479658423654959086e-04
4.032057840304458241e-01 3.361975292294789863e-01 -3.040706999089558271e-02 -7.147641532697485665e-05
4.785817388088181024e-01 4.291615489657212845e-01 -7.498414026613052508e-02 3.454214531841897501e-03
2.901861468940687416e-01 4.738026480161023346e-01 -6.673615445539220203e-02 2.543542821085431182e-03
2.184193590913242333e-01 5.348600695052947440e-01 -6.653718775369595051e-02 1.595808797662254816e-03
1.149156465691573148e+00 1.633125091529842240e-02 -9.558420233281626419e-03 -9.057083757095936135e-05
3.617384710684849458e-01 5.433066344048328444e-01 -8.786693849706950221e-02 3.393451314090556968e-03
1.010623030603553962e+00 2.810075938584248936e-02 -7.424337239661457383e-04 -8.257188110357904180e-04
7.684224625980873302e-01 9.278426213300944303e-02 4.675916284920228483e-03 -1.419581946848867161e-03
6.591390895707816000e-01 4.120106716380077527e-01 -7.741198983753741492e-02 3.336891953990393008e-03
7.836761397106233318e-01 1.111932637442397259e-01 -3.309580733594079047e-03 -6.551308104993141179e-04
3.942296378344913865e-01 4.705889551403996673e-01 -7.778398555876785136e-02 3.698992139480267085e-03
2.341762518837789686e-01 5.092434774339897885e-01 -6.207907307323059370e-02 1.326372061015414433e-03
4.976015829635652699e-01 5.053298226368173607e-01 -7.653525139560557466e-02 2.338609251859756748e-03
6.167213338663180000e-01 2.136811920009024923e-01 -2.087089883330994419e-02 2.569522145959186876e-04
8.939457681175523307e-01 8.280793069160177766e-02 -1.344210363317513597e-02 7.415540065924748929e-04
1.025573646790797877e+00 2.912779871650644781e-02 6.165625124264337634e-03 -1.296218341529336735e-03
7.819598767770412628e-01 1.667385141226328527e-01 -2.032829377532268875e-02 3.930082898649644714e-04
6.817926299950914926e-01 4.889895731432228887e-01 -1.094982392940624799e-01 5.553298716203632773e-03
1.379145856152814487e+00 -2.307494815691148726e-01 4.355158613797441292e-02 -2.768761136105993455e-03
1.267765763354639530e+00 3.264340967571760510e-02 -3.491632001685366499e-02 2.436764711661756552e-03
2.625611343093488537e-01 5.836555426681534486e-01 -9.531622011545561046e-02 3.949994211234472696e-03
4.552481116259216032e-01 4.055570503678824767e-01 -6.206369682049030917e-02 2.521322481428231801e-03
2.110480172888409556e-01 7.719434052017373205e-01 -1.479418403149008465e-01 7.152719387113540966e-03
3.270144603283152152e-01 7.135231753192541326e-01 -1.341635381184106413e-01 6.008097557130929502e-03
7.229894914677376105e-01 3.485630354873731074e-01 -7.216434871061483403e-02 3.321766016215042198e-03
8.449768276795827093e-01 6.740833750145577841e-02 2.264424565380625688e-03 -8.657228906463878887e-04
2.133216228772084888e-01 6.542101355215569347e-01 -1.123966670990973193e-01 5.486649648132839625e-03
5.676527053063140649e-01 2.425194583692475980e-01 -1.729587444471212057e-02 -6.723755080566937332e-04
6.663313951681125724e-01 4.653092914037662564e-01 -9.347709513826160665e-02 4.062740903142335672e-03
1.469521187320259603e+00 -3.367071022272819514e-01 7.151197055941881098e-02 -4.459015185376948368e-03
4.780070173652009036e-01 3.773821051015133765e-01 -5.385265187879156173e-02 1.714692344977721168e-03
4.933585684816269579e-01 4.921572059303249702e-01 -6.826959635631270340e-02 1.783011326087365804e-03
8.531330773902412457e-01 7.117580969765002763e-02 4.869886405530520108e-03 -1.513705692369555524e-03
8.649107657529011561e-01 9.214783804330990702e-02 2.219339075975062039e-03 -1.471748505572181929e-03
6.415969788665092377e-01 1.723449635431382743e-01 -5.095044143106400823e-03 -1.218946013251465512e-03
8.143694831288521563e-01 1.671131925766512205e-01 -2.567590212904418551e-02 7.851623610051577896e-04
6.894156871381821317e-01 2.445554734231504823e-01 -3.582213410337634074e-02 1.011934396262405625e-03
1.017709691995809518e+00 3.359787776557977834e-02 3.566176293265751855e-03 -1.023727823344621531e-03
1.328511168959809696e+00 -1.433950770878819059e-01 2.692341284080359762e-02 -2.020365606326156045e-03
5.645001606685118301e-01 5.274304789027974838e-01 -1.160606124840932868e-01 6.174294151890440639e-03
7.168082691600529133e-01 1.459979797673971180e-01 -3.006257683818992343e-03 -1.295745125507637109e-03
6.990692844839300202e-01 1.776750258913063485e-01 -8.940303179438261263e-03 -1.025112407089639891e-03
4.222618924639714444e-01 7.083975195815479520e-01 -1.507819499382196393e-01 8.037539923303851572e-03
3.544223046977009739e-01 4.453529645078213028e-01 -6.532848570129741461e-02 2.457808267881098508e-03
2.293724355693866068e-01 6.476972021514030287e-01 -1.007132406885610648e-01 3.517150503300462208e-03
1.032465711153975896e+00 7.582590853268435238e-04 1.336151004014517023e-02 -1.881519818082464084e-03
4.866022648225206138e-01 3.724807899175777703e-01 -6.036876803363260685e-02 2.926136229124951839e-03
1.372156379568921558e+00 -2.861180207798353359e-01 6.776819716278047190e-02 -4.624322406639573731e-03
8.501091611668210035e-01 6.683852909874893333e-02 6.111247859892863501e-04 -7.390147686200701201e-04
7.838741575977858922e-01 2.961175625307207460e-01 -5.633614687924881625e-02 2.455468040481940863e-03
1.108232725175214206e+00 -7.828366623726910195e-03 5.441236009898590097e-03 -9.403881474676480199e-04
1.175207940087590330e+00 1.498303959798667588e-02 -1.329777229140131217e-02 1.905660728691176728e-04
9.501189785385304454e-01 -1.009775230436284719e-02 1.972432347007542497e-02 -2.213506788247152079e-03
5.785267423318996016e-01 3.094238737386959537e-01 -4.084700035076449520e-02 7.953975074814772931e-04
7.929879451195090967e-01 2.897291064522588000e-01 -5.895186595420869730e-02 3.124902954233150978e-03
2.702574250210691975e-01 5.916862783624176059e-01 -1.035050823046736040e-01 4.965260262494287577e-03
2.951375859390670819e-01 5.102733789426363575e-01 -7.756487817987091360e-02 2.948995981081456788e-03
5.210739799608615774e-01 3.710225166391604157e-01 -5.753117673381601127e-02 1.960743989713540757e-03
6.412056706680872020e-01 2.733826159127077382e-01 -4.205544953661873031e-02 1.522742444406648306e-03
4.512750903644451861e-01 3.399501424387363357e-01 -3.817502450868032887e-02 7.478941481722088018e-04
9.159961342812159568e-01 1.772658624798743310e-01 -4.247567504950235107e-02 2.279107761735116658e-03
3.295053666892654998e-01 4.835617333899310255e-01 -6.599439853926156174e-02 1.778099373997762229e-03
6.468843463331389598e-01 1.411148539344886099e-01 5.345785853164405042e-03 -1.958177693480387012e-03
4.914500226622937618e-01 6.083674778860290733e-01 -1.269015561892744837e-01 5.777855503494913440e-03
8.575427312677358360e-01 3.071139715261905767e-01 -6.946078698812128971e-02 3.955400774022468924e-03
1.127175402594936759e+00 2.153345036562836698e-02 -1.095739840511482377e-02 1.678176547942077698e-06
7.869529428221977430e-01 2.815646218320921323e-01 -4.898874972284170126e-02 1.975800337245571959e-03
7.871885888337917248e-01 2.445602465693470506e-01 -4.040024525706519681e-02 1.222812926103695021e-03
6.474006246778680751e-01 2.275890680657021714e-01 -2.775938721970720724e-02 5.586765441195007875e-04
5.426452204664375945e-01 3.364165547594039074e-01 -4.938023287549628965e-02 1.726946335472015221e-03
8.418291377698650102e-01 1.650833465594412908e-01 -1.746580210759708651e-02 -4.449219538614403185e-05
4.205467656944769650e-01 5.705073632455786026e-01 -9.219125664230946871e-02 3.375396973038236915e-03
3.298790069645392009e-01 5.179373599686964980e-01 -8.125974945726974208e-02 3.269524546825152648e-03
4.781156717865738259e-01 4.200257550116500704e-01 -6.885814366594662783e-02 3.072847611779368996e-03
2.272089332297771713e-01 6.143491541597198013e-01 -1.024179472093937615e-01 4.264058692707271142e-03
5.141152786825329279e-01 5.131957780145325332e-01 -9.349918491101155693e-02 4.587512277880900768e-03
3.578658834134947342e-01 4.039267639315507474e-01 -4.930856178313878374e-02 1.234112663986240439e-03
4.394125033827667171e-01 4.084523944243730331e-01 -5.141598381321197536e-02 1.087581039502859108e-03
7.974863059283190392e-01 3.585335564210663795e-01 -9.009838877696560444e-02 5.286747160605636056e-03
3.568603270315734433e-01 5.886266002587763335e-01 -1.044614580310009588e-01 4.864357812881704365e-03
1.051035534434183294e+00 -1.907656432688160930e-02 1.883146803607622238e-02 -2.068904347356851931e-03
8.576474698195686308e-01 1.961827117369690787e-01 -2.357566947488271350e-02 9.592573319300369311e-05
1.253514119574195451e+00 -2.702918531062063479e-01 6.726667999159414990e-02 -4.419469734509848431e-03
1.501261806359737161e+00 -2.753097658746541665e-01 4.620475367035116465e-02 -2.302071720931728096e-03
8.610810509475790298e-01 1.475655501690658622e-01 -2.355758886575459038e-02 4.381903768468464570e-04
1.341483963053331951e+00 -2.441896498765747936e-01 5.256646619379417434e-02 -3.482328705339449420e-03
1.137761064902060415e+00 -1.396582520454738297e-01 4.506995154781177904e-02 -3.551245662845649645e-03
3.158176558527956979e-01 4.831072808945338637e-01 -6.422146277955238791e-02 1.713238634941552417e-03
4.424081566349437611e-01 3.997074508035656781e-01 -4.978566086587708772e-02 1.121088844869666751e-03
1.025591099199392620e+00 -4.760839270691151481e-02 2.029833907852416838e-02 -1.650373165569087855e-03
4.826186676725551794e-01 4.855774833360956277e-01 -9.100937485270577110e-02 4.094358594595694928e-03
2.289062357836522399e-01 6.046208954293497140e-01 -9.991811793838066558e-02 4.217914273539305481e-03
3.921765901672629728e-01 4.545042024844495043e-01 -6.765332911313835795e-02 2.734836579176455965e-03
4.981701682350516136e-01 3.419463221096720185e-01 -4.545879739260447888e-02 1.338533502503512366e-03
4.548969938232967358e-01 4.890171730978233877e-01 -8.702020109456923280e-02 3.837240576306518575e-03
4.381301270056311425e-01 7.242330347523804335e-01 -1.584014334055728057e-01 7.866702258188583083e-03
8.779072376223902019e-01 2.097304591434812071e-01 -3.388629423233436438e-02 1.365045508483022892e-03
4.433716769835320815e-01 3.554495893314168486e-01 -3.552604888844536346e-02 1.360478834276672086e-04
6.971546123819729601e-01 1.641069226336226705e-01 -1.089283938008082410e-02 -5.586573001096208036e-04
4.437560444964260831e-01 3.423567423977059154e-01 -3.402775291637703120e-02 1.757928169809280859e-04
2.446378241462167924e-01 6.595003542312594114e-01 -1.177665965857017244e-01 5.394496526598191628e-03
2.092161289868690321e-01 5.388807970014289905e-01 -6.902239128886321351e-02 1.770060962660081590e-03
2.114703569671302075e-01 7.398487968433949957e-01 -1.420671489723085157e-01 7.353496359795662178e-03
5.545979249065579042e-01 3.440525255601644683e-01 -4.988438513244560640e-02 1.217815204338657670e-03
4.962465008897983809e-01 4.208248698071886951e-01 -6.882799944655226820e-02 2.742179336462335828e-03
6.760377844252467572e-01 3.809597477145751920e-01 -7.618483143878510000e-02 4.048114543370684611e-03
2.024414892077223971e-01 5.868891969058398494e-01 -9.461871529338668207e-02 4.289055599650007551e-03
7.078791944406395142e-01 2.174901253617077257e-01 -3.407667051992022134e-02 1.443771186262805253e-03
3.365916451467860226e-01 6.977772947265660219e-01 -1.462963371650531919e-01 7.838846278735465273e-03
1.206254943607858676e+00 -1.552265036637597573e-01 3.547726575196675364e-02 -2.464358711654031538e-03
5.552278201744543784e-01 3.116749787653567139e-01 -4.180867981319665722e-02 9.930991550521682618e-04
6.667949932236991728e-01 2.282555984562805174e-01 -2.960647398788536500e-02 7.803104944765530075e-04
5.779859001028071486e-01 5.427649227105604268e-01 -1.136222680199453217e-01 5.635623966019756570e-03
2.877640108103401428e-01 6.887468570780543864e-01 -1.243275923328554800e-01 5.771575665333548814e-03
1.363446237437285991e+00 -2.591959013021080671e-01 5.063074954944140477e-02 -2.932663031330202605e-03
5.469279384366693142e-01 5.908186780749024036e-01 -1.130270735453839243e-01 5.241163643388379104e-03
3.587012264534658601e-01 4.686668189014039365e-01 -6.732619592789136631e-02 1.915115381914288826e-03
2.038141233479026371e-01 7.282221067470441289e-01 -1.372923879577107875e-01 6.451386545050591392e-03
6.049006871310370625e-01 2.954460114427376327e-01 -4.094390111231583501e-02 1.135732415631440697e-03
7.992060565248012560e-01 2.711873523255444729e-01 -5.791397140291436318e-02 3.236384254623192458e-03
4.480270600011400095e-01 3.057087230545544321e-01 -2.399568001843563683e-02 -5.852611437229099899e-04
6.642797876374567645e-01 3.584281720223368994e-01 -5.576062222442196986e-02 1.882897937225163926e-03
5.480758160253625944e-01 2.723247630986739276e-01 -2.782498003593384880e-02 2.214778456085726732e-04
4.964246675469976555e-01 3.000131239191050625e-01 -2.936880048552432954e-02 -3.910976520038231372e-05
6.818130826655718346e-01 3.181318758651231482e-01 -4.785599999574986080e-02 1.559878306647561512e-03
6.458055024401953004e-01 5.134307261615225215e-01 -9.757994761438472386e-02 4.435139661412279381e-03
2.883922367710527457e-01 5.558397682012089502e-01 -9.595425367458751409e-02 4.715130409739337614e-03
4.349423608274300967e-01 3.866407057211463938e-01 -5.376344769108972604e-02 1.727657803407965219e-03
5.730445463842039899e-01 3.279910684785418140e-01 -5.680615404603493040e-02 2.854178747906368965e-03
7.991499784754686475e-01 1.634107198730569699e-01 -1.768709120282334693e-02 7.150059203621345972e-05
3.975915783056447328e-01 4.419026862770379926e-01 -6.138140789309783768e-02 2.082069062850428615e-03
7.720277767783687572e-01 2.320309827765975885e-01 -3.544511847412810945e-02 7.746902019967049236e-04
6.114816072419470006e-01 4.284825374130484810e-01 -8.582983627175572172e-02 4.159251544721052213e-03
1.260508022095284231e+00 -1.045559241300483555e-01 1.916997748057707937e-02 -1.501920625151636742e-03
1.231941065889321951e+00 -4.026701253521403068e-02 4.001824071966381818e-03 -3.828041897713247831e-04
5.704038049273952860e-01 5.649189205982416695e-01 -1.176537176903717646e-01 5.764162766132507019e-03
5.744469463492043459e-01 2.722288046226887803e-01 -3.100385097773456639e-02 5.153122078066785239e-04
7.822283573404354984e-01 1.080075493753590021e-01 5.232753067833459046e-03 -1.805337799061106736e-03
7.263088501417142018e-01 1.739909931989744307e-01 -1.679190039315253680e-02 1.249534931720377615e-04
2.452644743621730516e-01 6.252959047592000497e-01 -1.110659631278008014e-01 5.358444946424073194e-03
7.929704169209758069e-01 1.435372077443745897e-01 -3.088911130566318781e-03 -1.344552532800323118e-03
1.030254576737900329e+00 8.792647809769311984e-02 -1.014535196392884336e-02 -2.190479804018759127e-04
1.114242818361825149e+00 -7.835483889537725455e-03 -1.545672836800450001e-03 1.219448761076631659e-04
4.185835258694269867e-01 7.134175072211175195e-01 -1.376494119649053494e-01 6.336105934871851669e-03
6.170008063263708875e-01 3.255423951581415398e-01 -5.903496145580961613e-02 2.920928317384320801e-03
7.727150573199571548e-01 2.035184383523378493e-01 -3.179748921976104786e-02 8.980279276398019138e-04
5.254545775614156700e-01 4.849679631428461812e-01 -8.471029014552822201e-02 3.586474853483870903e-03
6.759304573749811418e-01 3.287566195523792811e-01 -5.704820875005964936e-02 2.161080559599913402e-03
2.546338409752436638e-01 6.091354917792199952e-01 -1.067761937226467533e-01 5.076620450281441044e-03
4.337342807290232582e-01 3.761216040828661566e-01 -4.790141685678846878e-02 1.262462015147551618e-03
4.126520696035915203e-01 4.622756354519405031e-01 -7.636498359180396434e-02 3.512060873307028697e-03
6.133555346580569223e-01 2.454285816444051471e-01 -2.580993298710820144e-02 2.167996565961974521e-05
6.370447365394600325e-01 1.999145939691276408e-01 -1.990575566926896384e-02 2.906858457646579064e-04
2.506878389446304256e-01 6.388665504054463762e-01 -1.142413158948819563e-01 5.336366711050670106e-03
3.152310783109734116e-01 5.023849607714329091e-01 -7.264222994800009769e-02 2.323360235250819267e-03
4.203514173805728005e-01 4.986020294860353808e-01 -8.930586659350472911e-02 4.460784391944492243e-03
3.114691481543074292e-01 5.037378217310685136e-01 -6.593435403113387383e-02 1.850651822459459511e-03
6.666237768923516382e-01 2.783176566199499491e-01 -4.883628599133768566e-02 2.260498927891872820e-03
3.162269203568395803e-01 5.182061868001932581e-01 -7.879814554715081076e-02 3.025174163606727824e-03
4.718920330756660175e-01 5.417527111080379099e-01 -9.332264971908542373e-02 3.880385053006613506e-03
3.638352751513271865e-01 6.380192338461662116e-01 -1.097236960724070759e-01 4.645124595332317773e-03
5.090656958118295883e-01 3.568246751608304956e-01 -5.023983723867337520e-02 1.575004885987867998e-03
4.359786975141475840e-01 4.247422496742782605e-01 -6.697312410934064264e-02 2.920410091102108082e-03
2.218765651963140739e-01 6.020022099815854899e-01 -9.406405675171368441e-02 3.825448913469567305e-03
5.291924263546564644e-01 3.473683769061626236e-01 -4.849655918246247727e-02 1.636751904678084707e-03
6.643916090400709962e-01 3.072326795171465008e-01 -5.401146665409583408e-02 2.296767635404363146e-03
6.811580755640723739e-01 3.744293344977158156e-01 -7.559561968683341238e-02 4.067784878811495433e-03
3.900094637896924232e-01 4.832474543767638631e-01 -8.088738585923441193e-02 3.786851845544200994e-03
5.303418226977886230e-01 5.334182241878852038e-01 -9.984210561443593313e-02 4.264566200697573160e-03
3.870519459453746203e-01 6.566343367443964185e-01 -1.339994389059270818e-01 6.627149277451395773e-03
7.098939755983073585e-01 3.424228268697480648e-01 -7.040874978146957619e-02 3.098629077523728202e-03
3.102399598689981053e-01 8.475422210244367704e-01 -1.789192722525768664e-01 8.748896082106176822e-03
7.737440390672853940e-01 4.107855380559858327e-01 -9.497771509679328594e-02 4.581433532539249016e-03
7.163847670484358998e-01 4.005026837481544533e-01 -7.651662962322845762e-02 3.241571552283770315e-03
3.301278488865408423e-01 7.762877969212085283e-01 -1.646816862349830268e-01 8.740025072106593490e-03
2.413782941395187231e-01 9.129558241636184235e-01 -2.009452064280298766e-01 1.089862358374337620e-02
3.417731481664132986e-01 6.297520103968495819e-01 -1.158311834713618010e-01 5.438968482074113021e-03
7.569336567323750042e-01 1.864181419347700763e-01 -1.949779736105718836e-02 -2.087446813496964091e-04
2.539139595987249809e-01 7.968991080031332386e-01 -1.644370810280269268e-01 8.230957821083651274e-03
1.478458605421585137e+00 -2.756177406937875274e-01 4.782666839658700902e-02 -3.038545162638815744e-03
6.730675075756857861e-01 4.035579145477520835e-01 -8.043840319146289275e-02 4.132900200343225632e-03
1.032710859870519693e+00 9.970782835405395117e-02 -1.413734400291978728e-02 -2.953227441523082852e-05
4.878251477319777707e-01 3.760854201793180640e-01 -5.471585556251815780e-02 2.174878406014603763e-03
4.580102261737936109e-01 6.659636314706935956e-01 -1.413060118602134096e-01 7.104178612919685547e-03
2.322244133392569465e-01 6.290632895326586649e-01 -1.064008395829416226e-01 4.694081560295892269e-03
2.266330981192656302e-01 8.424691028217801136e-01 -1.809490109861704721e-01 9.779573663372960468e-03
3.615036827587115309e-01 6.785401230094388891e-01 -1.236529236408669269e-01 5.945771578085961781e-03
5.697679867560245803e-01 3.873357990230383852e-01 -6.856080299317204862e-02 3.486345331551999032e-03
4.427191680967822451e-01 4.116565255903632536e-01 -5.895248278613438725e-02 1.835922807746560859e-03
3.861586440914552831e-01 5.512956589966446774e-01 -1.038624873435299023e-01 5.139026197283065416e-03
3.029117534162588665e-01 5.519237715981774040e-01 -9.245060287638152963e-02 4.167520163511286187e-03
1.215333876024678350e+00 -7.126011210124159889e-02 9.102780323664219977e-03 -4.896170681309919758e-04
1.063662606561861512e+00 6.867455082266065228e-04 -1.713649659454816307e-03 8.330203167065631457e-05
7.054135407345903941e-01 1.944070180581047580e-01 -2.794282421871007588e-02 1.270555268989313497e-03
6.716233383739487195e-01 3.677737902978110984e-01 -7.154628753450133216e-02 3.016743237961076740e-03
8.778453170374275194e-01 3.958766691300256158e-01 -1.004584698733060610e-01 5.482072815939060401e-03
2.449093500168517679e-01 6.318983664025928926e-01 -1.094353655380185253e-01 5.013321440869377733e-03
2.373834003391870340e-01 6.400069652908236817e-01 -1.093564325196380443e-01 5.199375869640045743e-03
8.335514250985889273e-01 6.790510776146227445e-02 6.068456798374271925e-04 -6.255569132971096910e-04
7.064586714447752547e-01 1.550483147916566495e-01 -6.833676584450956715e-03 -1.112823752503495260e-03
1.179948064703085109e+00 -1.102342316442946613e-01 3.002811299888563656e-02 -2.456434945654463551e-03
1.339779956587490384e+00 -1.646566561552405272e-01 2.803482586131887666e-02 -1.452528491698778504e-03
4.329456012537660770e-01 4.743722794284858657e-01 -7.556165570447656576e-02 2.992056645492565531e-03
2.459020922238548124e-01 4.945574311459364214e-01 -5.931462037291177630e-02 1.176956439420828769e-03
4.390278988305993391e-01 4.236390000310325532e-01 -6.002781833864154204e-02 1.821544492833928426e-03
5.408318371471954045e-01 3.575848156356588592e-01 -5.779261587689871194e-02 2.438442434137530045e-03
4.660929785888792698e-01 4.994761531306080027e-01 -8.851911798033842982e-02 3.769147643043622292e-03
2.862072666328391857e-01 6.988970789319771670e-01 -1.285917018329182371e-01 5.517825564178664363e-03
1.099138898526848651e+00 9.722929409078544249e-02 -2.669000120223375544e-02 1.660178665441821222e-03
3.394098395333960405e-01 4.796733137100683275e-01 -7.302032945868069946e-02 3.090117100030948666e-03
1.166369609656363160e+00 1.865356415214828867e-01 -7.579802908534129247e-02 4.999515366026468198e-03
8.847294698075711672e-01 1.792431803227525211e-01 -3.163681344338997031e-02 1.059603759144599503e-03
5.280107803613609541e-01 3.903304177151695198e-01 -6.482433450073134262e-02 2.644576613880768746e-03
8.977754309247393261e-01 7.855783903344101815e-02 -1.178264596149596923e-02 6.206925517025144558e-04
2.815577008319709029e-01 6.293703289846063198e-01 -1.167517748458144766e-01 5.868959063285400339e-03
8.353501444383643060e-01 1.432658163123004535e-01 -1.156022059931129456e-02 -5.959507257661314766e-04
4.830036085623664599e-01 4.176277090046975893e-01 -6.196555519064580325e-02 2.111443773848505415e-03
7.643666629200261964e-01 2.121517798204967109e-01 -2.476504239111753172e-02 1.693267125887080093e-05
6.368201685435225246e-01 3.801053534143363777e-01 -7.226615553960011318e-02 3.732021365412111023e-03
9.157044502846264367e-01 3.467864615751691144e-03 1.568500044403423055e-02 -1.795579193297071547e-03
4.954438313255687398e-01 3.475705045692853434e-01 -4.777002346306164632e-02 1.712760203379095486e-03
3.740175657907854334e-01 4.796251477369148919e-01 -6.655113206498390610e-02 2.183231203761234768e-03
4.680276105977975165e-01 3.902775760378208170e-01 -5.947970482172492551e-02 2.319396707216217057e-03
3.521040800831683470e-01 5.162207150013519152e-01 -8.185302388158458009e-02 3.300608640707358710e-03
4.791828311281990382e-01 5.508764388371204523e-01 -9.458206749219055798e-02 3.676944597550688750e-03
4.970373421902624655e-01 5.127838638071094968e-01 -7.686279327254168237e-02 2.423283207518340653e-03
4.246949361193456118e-01 5.217063602978241343e-01 -9.478735265118871933e-02 4.785114978799003688e-03
3.493609533412442847e-01 7.705064375747016081e-01 -1.629818320097688455e-01 8.200565945183754119e-03
4.898781359707263250e-01 3.698458069744372523e-01 -5.114264186664317646e-02 1.659400888793224026e-03
5.862197870260080768e-01 2.808647103649405397e-01 -2.756030387718187355e-02 2.423934211363750488e-05
6.326690418632435753e-01 4.107658416724833672e-01 -7.911949928641286156e-02 3.737396474401209756e-03
5.346269927822818735e-01 5.543961571262671084e-01 -1.198386937079727044e-01 6.239053391141021095e-03
4.064504512157972593e-01 4.947943226685131979e-01 -8.539659327734211436e-02 3.674839969591712097e-03
3.375584051215521630e-01 6.665383021240351979e-01 -1.195248059558505632e-01 5.160083027990403602e-03
6.815155334482547733e-01 3.853936599188576562e-01 -7.572924689181442792e-02 3.852505945996633450e-03
6.784359447171772750e-01 4.979843349338208824e-01 -9.487267851647292194e-02 3.812103635692418255e-03
8.957696367443014340e-01 7.105671540447540402e-02 -5.316951900831414987e-04 -1.048147305929157582e-03
1.480393381849534062e+00 -3.434452308901324580e-01 6.361035653293899139e-02 -3.267340630404104440e-03
5.095470351261079944e-01 5.780448678232419368e-01 -1.120210494658792355e-01 5.711431921314476419e-03
1.019305641998532908e+00 7.924607506500998266e-02 -1.718311621451043200e-02 2.509028554699176193e-04
5.050577214451125174e-01 5.289303947694800057e-01 -8.802626603649768566e-02 3.395364853490216977e-03
3.912713766505006574e-01 4.645971826997976617e-01 -6.063612885184406498e-02 1.616251106235963141e-03
3.985455750326183377e-01 6.616211543981336263e-01 -1.361532866266098318e-01 7.264206423367543762e-03
2.451700205705169278e-01 8.070743185933980657e-01 -1.564933285212879999e-01 8.016989664691918233e-03
3.513293459614840741e-01 7.633746991459815501e-01 -1.589307896547756671e-01 7.834473629887117943e-03
4.794127659364387783e-01 7.228560781973782934e-01 -1.647968831617559193e-01 8.720685636921781531e-03
3.848089277521840046e-01 6.479122358200988252e-01 -1.274241367290840921e-01 5.900292671863656413e-03
5.028030947348746116e-01 6.358213136872937765e-01 -1.476805380008072710e-01 8.302167400202741659e-03
2.139454531496761680e-01 6.091044296038423678e-01 -1.001465741043579410e-01 4.604895248515609475e-03
3.686158627195749715e-01 5.820446677418676940e-01 -1.070181271282098640e-01 4.880630648527164647e-03
4.439538745475686277e-01 5.559117484268711884e-01 -1.052079173584632849e-01 4.988313840235592336e-03
3.183832264099589748e-01 8.636191579998733214e-01 -1.974712159982275894e-01 1.052290349768028078e-02
5.038662919667172835e-01 5.071342554216911047e-01 -9.252901764225600345e-02 4.413517809056267775e-03
5.145891739541920140e-01 6.716809385380608788e-01 -1.530259098298497322e-01 7.941634494204903930e-03
4.304883497537953518e-01 6.038601055729968525e-01 -1.080043951214949977e-01 5.232136446726098032e-03
2.785440400066221400e-01 6.652897488438163087e-01 -1.279099976310102416e-01 6.259954576198084771e-03
3.089581458480238352e-01 7.244953282352747381e-01 -1.437446604007731887e-01 7.482303025181262501e-03
5.071747652409263063e-01 3.589751762339621344e-01 -4.878405069152833701e-02 1.159634150761486293e-03
4.290432017911237073e-01 6.488454138423674911e-01 -1.362034457674831112e-01 7.353734792674083282e-03
4.038040868290453389e-01 6.597002625815143739e-01 -1.293235986905237611e-01 6.351997116160639986e-03
7.901758883257270494e-01 1.519118105613029290e-01 -1.605261195244873582e-02 -3.515740992077743252e-05
3.118773103930751467e-01 8.106543784154428556e-01 -1.731612169731143736e-01 8.788156772960872484e-03
2.818815013732756669e-01 6.549852738568615607e-01 -1.201954682584748385e-01 5.168821800137403041e-03
4.862819822574876993e-01 3.410184504853379095e-01 -4.171981188064536467e-02 8.634881368967778055e-04
6.349278955504524813e-01 4.162617557189087769e-01 -7.053037681803872583e-02 3.085930301929447773e-03
2.454341800805176499e-01 6.581837347923231718e-01 -1.180212048510047990e-01 5.699981587721438155e-03
2.984822386572804076e-01 5.403830116426801000e-01 -8.534739452650766389e-02 3.681101624390697557e-03
2.887960872876379481e-01 5.618487731848399447e-01 -9.196515299889823636e-02 3.681697056075694269e-03
2.080118583788343467e-01 8.858764250536560469e-01 -1.865700470249504750e-01 9.241094689040153104e-03
4.797112160568269834e-01 5.254220565100369278e-01 -9.299662959452711930e-02 3.946005970747488295e-03
3.946745807397060712e-01 6.414182533374144235e-01 -1.112134263457131567e-01 4.726797501322923742e-03
4.469603475825011940e-01 6.700315044227291850e-01 -1.483929969588169973e-01 8.013165257292009791e-03
3.729829591904706421e-01 5.759014776072596264e-01 -1.095309233385008407e-01 5.597606802476820000e-03
2.012363865280363262e-01 5.591358386165695693e-01 -7.676608428140428708e-02 2.560639476268561452e-03
4.580021164862497773e-01 3.855687605346111990e-01 -4.705500965051656603e-02 9.108062613171356891e-04
5.841007057408614811e-01 4.175894000652350946e-01 -7.093745978007359732e-02 2.719295486567871976e-03
2.310822747919080711e-01 7.117577960092668077e-01 -1.305554413140853909e-01 5.694791749824231614e-03
3.572289522683121388e-01 4.745196466119370182e-01 -6.875348171315683043e-02 2.146995734627602740e-03
3.609576948882439185e-01 8.104648472007425219e-01 -1.726789657178217918e-01 8.386205085978693657e-03
4.374760717006425659e-01 5.161051536368305159e-01 -1.001167716567315236e-01 5.236988962461231953e-03
2.426758159598977616e-01 6.686014761841910792e-01 -1.068710533418816000e-01 3.989554546411372069e-03
4.317149641978079155e-01 4.824375971307224842e-01 -8.647312395535101948e-02 4.159154937988372713e-03
2.860073425699118377e-01 6.141401435480841053e-01 -1.098369123193776442e-01 5.096840363103856061e-03
3.455545020160107339e-01 4.964214136510954334e-01 -7.896243437920197339e-02 3.320120990055571136e-03
2.003128776245389209e-01 6.035342027380092844e-01 -8.951054687643324181e-02 3.264157088073510026e-03
2.937579470405441429e-01 4.884625360389439064e-01 -6.925459014225969490e-02 2.288419662616405625e-03
4.857481769078847433e-01 5.073344907038774831e-01 -9.421977759292643473e-02 4.672650440797729461e-03
1.208956610217950312e+00 -2.180288414668760388e-01 5.829033685550701060e-02 -4.131608165558877527e-03
1.272802803611528422e+00 -1.897335670633459870e-01 4.382069565681095263e-02 -3.241548120915243008e-03
1.477717895663947179e+00 -3.225499414561522338e-01 6.944858644799892233e-02 -4.559897486782188598e-03
5.611723387153142451e-01 4.132317317546251867e-01 -5.867109042501623267e-02 1.527692627133120373e-03
4.125928444346244617e-01 4.792748462335302273e-01 -8.044529165053392050e-02 3.829091339726400835e-03
5.086084069499082760e-01 4.384333335653847197e-01 -6.461343204415279096e-02 2.069865560858115752e-03
2.955561017876559560e-01 7.541225954103891738e-01 -1.375147260373811298e-01 5.849814525970438266e-03
1.187516815408868220e+00 -1.789533959685613573e-01 4.611401964584283669e-02 -3.222436453481265523e-03
9.086393141320624478e-01 1.222321194846855974e-01 -2.325587096040912516e-02 1.247582339342828694e-03
1.301283578204823099e+00 -2.321835133641312887e-01 5.462380292667286946e-02 -3.711301271388006435e-03
5.109676176844313300e-01 7.136774598331673269e-01 -1.654199947505718138e-01 8.541615873276502124e-03
1.111145242794710386e+00 -1.679727442563591910e-01 5.130674182650919735e-02 -3.764642376578831388e-03
3.808215216449687412e-01 4.557330349893722321e-01 -6.738922928250946909e-02 2.180571636407491447e-03
9.727991092038764664e-01 -9.167603879141950074e-03 1.273584810922396421e-02 -1.307810380269105880e-03
2.778396807639100796e-01 5.046217769241136963e-01 -6.387232435842014888e-02 1.629292432369039510e-03
4.855518815248786590e-01 5.001406554547455086e-01 -8.209274067501723393e-02 3.467004525186192804e-03
1.242226269861307575e+00 -7.022403678265276561e-02 6.073797444392128701e-04 5.211651994317108121e-04
5.873781354478944117e-01 5.122623889302481137e-01 -1.126797330192373936e-01 5.797724773013617286e-03
2.803842952441769620e-01 5.944947586198068290e-01 -9.761745280069983322e-02 4.123904454406680103e-03
5.733805873132757913e-01 2.964982575293261813e-01 -2.857871091232277658e-02 -1.142915700935350225e-04
5.358028837389384735e-01 3.478834495792599291e-01 -5.179479248268693131e-02 1.837723829718180104e-03
4.028384885711535079e-01 4.528122339350789671e-01 -6.963496384084723323e-02 2.685894158472546152e-03
4.913678359073140878e-01 3.863197495520728775e-01 -5.374809969156950362e-02 1.519354465244095957e-03
4.443134492177957529e-01 4.362347440682696753e-01 -7.116300893891569501e-02 2.816621359494086464e-03
1.105461837538569858e+00 2.963860249246460382e-02 -6.500763063527919584e-03 5.521567683214580950e-06
1.047175505563616715e+00 1.188235416806224382e-01 -3.745871599537430735e-02 2.330346344313821445e-03
1.111560136025677492e+00 -1.069942147877075977e-01 3.253174707515248121e-02 -2.406338797864167149e-03
1.275995074819716857e+00 -1.745566262686095993e-01 4.696093282407326486e-02 -3.617910244012497497e-03
1.077190896931803143e+00 -1.265182563707501207e-01 4.073722385567996734e-02 -3.154629913030512680e-03
9.350190659070206634e-01 9.022391680494222521e-02 -4.906269791501760395e-03 -8.226376357371822760e-04
6.514149697161832897e-01 4.335007424642047802e-01 -8.758464402698723505e-02 3.787242453458356060e-03
7.404328191799987025e-01 1.922156616722439093e-01 -2.842779966073430767e-02 9.640660633743376468e-04
3.242879655095067259e-01 8.474836939027325933e-01 -1.941855878642653466e-01 1.058065972153312412e-02
6.952469685341634564e-01 5.339699803695445723e-01 -1.283339466749252311e-01 6.645915627852967168e-03
4.292661939037497598e-01 9.005327929896194128e-01 -2.211146554257230057e-01 1.229792669612376349e-02
8.282292465013788574e-01 1.980418275716392673e-01 -2.267061054576635995e-02 1.674602108558242281e-04
3.010182677774291271e-01 5.565619968606903001e-01 -9.394423115672524693e-02 3.997446645001527868e-03
5.762302554560951862e-01 6.196712941538297104e-01 -1.457358291439849463e-01 7.743571523322397010e-03
2.993370682667114147e-01 7.193536270298758195e-01 -1.302079941390780204e-01 6.140990397800982943e-03
2.300419428092319862e-01 6.081703498091942661e-01 -1.011955560821902050e-01 4.684166849715593051e-03
3.960613243651725512e-01 3.198563149678479434e-01 -2.425375350746471897e-02 -5.529339917021455601e-04
2.801904987547245707e-01 4.678549013393066280e-01 -6.416029795871418251e-02 2.278876483809403990e-03
3.516177760638313776e-01 5.774505205883180281e-01 -1.046654732934142601e-01 4.896683337839217304e-03
2.872592437549437716e-01 7.244878689635646518e-01 -1.400101766903655842e-01 7.124962696230055688e-03
1.299959774869674733e+00 -1.579330245626580642e-01 3.443535397995656916e-02 -2.498013361896879100e-03
2.073665272806887727e-01 6.421821915554752902e-01 -1.086155781463299247e-01 5.101880496609006131e-03
5.387709101121596067e-01 6.057895022948791564e-01 -1.182886903993832367e-01 5.173435511637485516e-03
7.579352355385970963e-01 2.780951059898780220e-01 -5.415892426414915806e-02 2.518457733651606901e-03
2.796659388435996929e-01 8.685101386781602928e-01 -1.933214461702951192e-01 1.028466382012659282e-02
2.775205287473626603e-01 8.747950986140337060e-01 -1.919570976068511181e-01 9.952914917350940208e-03
9.294837766155930048e-01 2.122150791200019260e-01 -4.614157705857027669e-02 1.795899092471740658e-03
5.963972156681401904e-01 4.515014817994084106e-01 -8.670236411212252359e-02 4.528517986359800393e-03
5.460763732323743458e-01 5.191078608699074559e-01 -1.094140348591654821e-01 5.607965360908711248e-03
2.295048348143893246e-01 7.155470982989080575e-01 -1.322978850037443976e-01 5.910573368123521812e-03
1.192279181963195933e+00 5.032273666414655532e-03 -1.129842890096704848e-02 8.991911245626875611e-04
4.920290027578934633e-01 5.355676677854065426e-01 -1.057188218179602457e-01 5.007492721195708728e-03
2.681122457899013378e-01 5.825333560354283291e-01 -9.566023935010979640e-02 3.826982049764825547e-03
4.900104691345726349e-01 5.042429716865927114e-01 -9.216678600184739778e-02 4.236359220100831963e-03
5.605431658243090753e-01 3.483324255828862404e-01 -5.764785258218091402e-02 2.325148644558618256e-03
3.382727882126618235e-01 6.782025684399272114e-01 -1.354944674478345823e-01 6.835277765251327430e-03
3.890228866936381591e-01 8.340999806665215788e-01 -1.861030287332665067e-01 9.999432260608728112e-03
7.928607491427631659e-01 3.826647836786638557e-01 -9.132239883141603232e-02 4.789779086281702354e-03
5.103458471181240297e-01 4.945397883826266328e-01 -8.191111112859883470e-02 3.167245745876463413e-03
1.208406534654661968e+00 -1.138438184678488146e-01 2.891286445207757322e-02 -2.110091396750702307e-03
5.517891224788575855e-01 4.663630115284052580e-01 -8.633313230130032490e-02 3.881211814127559934e-03
7.228035515350064166e-01 5.199279986489462324e-01 -1.318953808859013033e-01 7.442192920420385993e-03
7.657754972951539285e-01 2.522559533797120723e-01 -5.197050940383403372e-02 2.692792428972507965e-03
4.426923849971372560e-01 6.375755841293314630e-01 -1.237676553683029756e-01 5.841727183777065298e-03
2.032216155884854492e-01 6.397440878639327755e-01 -1.054789130112808448e-01 4.852135909934167553e-03
2.526653007914843596e-01 5.821285401353716304e-01 -9.124859835345897063e-02 3.588872033742314827e-03
2.199536135331129905e-01 5.241434762985153206e-01 -7.082483211559399694e-02 2.216356023416524851e-03
3.487733767928099526e-01 6.723319725279073289e-01 -1.260114201198355710e-01 5.827171476187303044e-03
3.204431952791483851e-01 4.573565277557508080e-01 -5.899648017906818087e-02 1.471274394647947631e-03
3.231002862835506417e-01 7.319920592234455681e-01 -1.356624303499836259e-01 5.781086799233899932e-03
3.159442360617984447e-01 7.801092555633863945e-01 -1.598859423213052910e-01 8.058855891682658451e-03
9.729749868520874978e-01 1.715415906513247934e-01 -3.667330766290512190e-02 1.079894033667923997e-03
1.024178230393430367e+00 7.675304161109430812e-02 -8.759808126647845861e-03 -3.437188017746317854e-04
2.843638244114433666e-01 6.090922767210515953e-01 -1.072052320627363553e-01 4.913924419786593577e-03
3.256544280634819932e-01 9.710481254173747301e-01 -2.337632129721904928e-01 1.320143480940502885e-02
2.522801157993417309e-01 5.701159974193629187e-01 -9.123685944397344483e-02 3.652800333129121394e-03
8.369238969652369464e-01 2.358983543799604843e-01 -5.095644242282438424e-02 2.678702758945518229e-03
7.120188133675601216e-01 4.823842399872329545e-01 -1.173042297577799459e-01 6.150920935283401766e-03
4.271830629680494207e-01 3.984096997971471321e-01 -5.283602324026740599e-02 1.201201396953281925e-03
1.108916141129570709e+00 1.054691356151016418e-01 -3.032861008279923859e-02 1.437063659850415119e-03
2.945953521876945036e-01 5.027064935112069977e-01 -6.559402612048841064e-02 1.857928451045054398e-03
3.309007816702863036e-01 4.684157942464732272e-01 -5.779411967064226191e-02 1.221861369305253563e-03
2.995596753523990796e-01 4.803974425293087158e-01 -6.612306228843504996e-02 2.283937038436029739e-03
2.508542063943282052e-01 5.150763460161859042e-01 -6.821702062264875521e-02 1.768008247768852259e-03
3.459527015621252644e-01 4.660745082880629053e-01 -7.613852834001501313e-02 3.693611220902516621e-03
3.716884542806175862e-01 4.283109782354077022e-01 -5.589328346282735477e-02 1.704673791437048792e-03
3.844624118471542951e-01 4.870923704254007114e-01 -7.547176147152698245e-02 3.061178744167232079e-03
4.151892963581668150e-01 4.177639683217516109e-01 -6.270852595118010797e-02 2.528110951686352633e-03
2.604433678104063898e-01 5.553213007034694115e-01 -7.910303364464800480e-02 2.604760771391117450e-03
6.739241605222108245e-01 3.346592912850648860e-01 -5.614987445671641708e-02 1.843872981148459225e-03
7.197412762151892407e-01 2.979574380237385856e-01 -4.411971011681332933e-02 1.426020407810719287e-03
3.364760377540628733e-01 4.841722593308842582e-01 -6.704355139514436845e-02 2.026185931838641631e-03
5.425305878069711651e-01 4.449283886444694303e-01 -6.483550293308881773e-02 1.827513494443782803e-03
2.603179052168215768e-01 5.462982541555246874e-01 -7.327953711110000989e-02 1.965230065860060996e-03
4.913928674695616783e-01 4.528810554472795791e-01 -8.343429962523467303e-02 4.217051976959434664e-03
3.740213278694687338e-01 6.326361175167672934e-01 -1.094213819073077548e-01 5.045949110094121413e-03
4.215199299619514228e-01 4.280386030512524642e-01 -6.366287605099686664e-02 2.145508259470484992e-03
4.759660514267624598e-01 3.853154968645157719e-01 -5.577856233153469928e-02 1.789143244467763507e-03
2.555802676687402020e-01 5.659472276540625790e-01 -8.461829145521934659e-02 2.812182736438522887e-03
7.788501558717610962e-01 2.310553831569409911e-01 -3.766570170205135737e-02 1.687305965468169008e-03
3.124988337933164995e-01 5.023874488343552658e-01 -6.923470421847531531e-02 2.267692650490421482e-03
3.268756300543657067e-01 4.860104188106608714e-01 -6.906390713686193228e-02 2.271667653540619843e-03
3.155484504731941309e-01 4.867814143384547876e-01 -6.979802126605581802e-02 2.243187074219425529e-03
5.047638748097712513e-01 3.212294251556292446e-01 -3.426948932841695356e-02 3.168471426388130710e-04
3.446174721941709373e-01 4.295664757868051797e-01 -4.796785434335735371e-02 6.063627156685135388e-04
3.920220207571131210e-01 4.785920090475295208e-01 -7.789108407808552348e-02 3.354807873838573564e-03
4.701726626707963819e-01 5.153555723037460679e-01 -9.738894336207538915e-02 4.853435894771915976e-03
6.277225459755167991e-01 3.511960368782378605e-01 -5.915945155901911751e-02 2.077536810656454343e-03
2.521179261876989042e-01 6.211645154302816163e-01 -1.063664897760281669e-01 4.940245049176577100e-03
2.501637481583559586e-01 6.612085171395137850e-01 -1.220983406046518838e-01 5.990503044461172912e-03
3.195389979256806345e-01 7.044127560234663132e-01 -1.223074889213837807e-01 4.923532023248784403e-03
4.350411095159031905e-01 4.775585090327567062e-01 -6.716322825143117292e-02 2.097756781831520197e-03
3.818697956299222929e-01 5.650287243809107851e-01 -9.204838241302819302e-02 3.365622132017675842e-03
5.714493328240539682e-01 3.153557143492035086e-01 -5.051339879199769761e-02 2.359397380467644859e-03
4.414530577369969455e-01 4.329552635275121797e-01 -6.882786870414465963e-02 2.643986983628166844e-03
6.660266233670535385e-01 3.279463950592361732e-01 -5.580799286188013741e-02 2.196223663523198810e-03
3.939071746002009711e-01 6.725324417488899309e-01 -1.195838180215989255e-01 4.953865858782251046e-03
5.875547072824600647e-01 3.243974691595166160e-01 -4.781482792830187012e-02 1.210560135425623688e-03
3.949482708219151927e-01 5.009942715875727037e-01 -7.928426218791503888e-02 3.046475745722835790e-03
7.391163630286037289e-01 3.969591828699793323e-01 -8.674509979736118315e-02 3.845744644320619327e-03
2.006851021227924470e-01 8.710885374901438105e-01 -1.802468968241869307e-01 9.150367188008413921e-03
4.721610859024543139e-01 7.940819531213672011e-01 -1.887550826251165881e-01 1.027690464137635817e-02
6.601868783067877944e-01 2.191007546656771887e-01 -2.476637224092814379e-02 3.034946292045380997e-04
4.440260960587068539e-01 6.037958440788596670e-01 -1.170116554893988609e-01 5.469447024446348268e-03
4.539753972925344994e-01 6.099921201844018537e-01 -1.259498538943090440e-01 6.439622871571057394e-03
2.570310687164604202e-01 5.109817891569052861e-01 -6.521424399458181087e-02 1.665853788364152297e-03
3.188816334509206873e-01 4.579206685221076101e-01 -5.660899676036560552e-02 1.272655699759623216e-03
7.682419694820351586e-01 1.283333027965637974e-01 -7.470561313037436812e-03 -4.101531698465004858e-04
4.055313503678855125e-01 4.341038797425964546e-01 -6.568911663067249218e-02 2.614532759584949767e-03
4.248326107868082291e-01 5.503033596200157529e-01 -8.514453908629782131e-02 2.984503854558072638e-03
3.728372840863388715e-01 4.010652004293044914e-01 -4.860938904840874514e-02 9.770342393225256612e-04
3.964093705790083799e-01 4.046737483440068228e-01 -5.153591558713272597e-02 1.090821806910224900e-03
2.693558271221032641e-01 4.205323185789461848e-01 -4.141015664524624190e-02 2.170316121489765718e-04
5.707667031702676752e-01 3.152321614761433022e-01 -4.368780116580892048e-02 1.423150772300423245e-03
7.989749741162522900e-01 2.657903493012521712e-01 -5.748276554442472569e-02 3.062319349607246777e-03
8.784982874350033555e-01 1.605419270659618203e-01 -2.326500195540847152e-02 7.950126147615251037e-04
9.541880988504227723e-01 1.480556018642892879e-01 -2.213316826413560048e-02 1.178078697511503246e-04
9.833583620444681372e-01 -1.791356775808973512e-02 1.394406557307449959e-02 -1.170397114509623025e-03
2.724862577171185407e-01 6.663915327600486993e-01 -1.279818739758389057e-01 6.459087186023380368e-03
1.184931292797142488e+00 -6.356518605413484513e-02 1.064446834422887005e-02 -7.369943792426573905e-04
6.448094473199520449e-01 4.520720212655311432e-01 -8.797500121820109320e-02 4.386553700284893074e-03
1.166008859420910371e+00 4.880184178076511781e-02 -2.504353751656140936e-02 1.725035386105205296e-03
5.305868712167853829e-01 5.518778220369645604e-01 -1.140350736652089164e-01 5.853410814464032538e-03
2.708559864031310216e-01 6.670777125384728112e-01 -1.200241113709903662e-01 5.623292776067424087e-03
6.685840157039550924e-01 4.684712642403796590e-01 -1.088328226186702358e-01 5.848527599302895570e-03
8.064169545228595526e-01 2.916250419247325421e-01 -5.989165087761143952e-02 2.764384929623472324e-03
1.150149740001557008e+00 -6.652434403928469964e-02 1.730017442729703606e-02 -1.628750711305916718e-03
3.699271699700937832e-01 4.700558301227844016e-01 -7.478004190255010952e-02 3.038656837368397100e-03
6.209571138826853742e-01 4.584799488823655955e-01 -9.111191196210191579e-02 4.668477257048146527e-03
6.045939926918855178e-01 4.615744712530189808e-01 -9.395833066988412696e-02 4.224188284058397712e-03
3.698345261999670952e-01 5.446637542356790318e-01 -9.911391781037000304e-02 4.972728563542095845e-03
3.209792247614065008e-01 6.680945534416085074e-01 -1.330410370947238685e-01 6.864385986575933553e-03
6.871954884209255932e-01 4.837780083905500739e-01 -1.116310250535191978e-01 6.040020724691655754e-03
4.955757680916689778e-01 5.134542125799349543e-01 -9.574567285041130082e-02 4.839008289286200575e-03
3.573476158312632878e-01 5.241105044818242797e-01 -9.021493746839565064e-02 4.175741587021147144e-03
2.186346288424440010e-01 6.658390117911801021e-01 -1.135309544416262806e-01 4.844253319807030438e-03
3.940222628906502322e-01 4.390093776794551372e-01 -6.475972663743381763e-02 2.240577203389001060e-03
2.289149643181463689e-01 8.712428003328791526e-01 -1.886914118854910727e-01 9.974770604905603896e-03
8.280745135008446001e-01 2.820724473807571520e-01 -5.829215313615098565e-02 2.805770652528343824e-03
4.148440671792767986e-01 4.731225836136844221e-01 -7.535227256530162288e-02 2.523435679673543229e-03
5.961840633127527544e-01 5.334815129236459841e-01 -1.169372295007703177e-01 5.459942662049838309e-03
8.885651482487109121e-01 7.448874334955461751e-02 -1.054483485651971572e-02 5.763539649791694225e-04
1.140961350739524871e+00 -3.147593219933568498e-02 9.209714000449155391e-03 -1.395154465905151277e-03
3.939340717981000273e-01 5.069938807054275021e-01 -8.189315611417040397e-02 3.192935104167058270e-03
2.669599551374736146e-01 5.203156975399907402e-01 -7.628352912516823958e-02 2.878448149499408110e-03
4.400553593458572110e-01 4.157389730987202658e-01 -6.317520800927162172e-02 2.462226443296843762e-03
3.770826293854160904e-01 5.322951300101333993e-01 -9.505860608866080474e-02 4.214722014242915614e-03
8.591278982450991641e-01 2.787680392530348938e-01 -5.469708884849708297e-02 2.479954401399675143e-03
5.127853103035732163e-01 3.508536796308084349e-01 -4.347304498262892503e-02 1.022015761811592358e-03
3.341324645061550247e-01 5.041741715896660425e-01 -8.025378025576500318e-02 3.202182081331775114e-03
1.099371883709625575e+00 -8.638758037362481712e-02 2.284591579351281584e-02 -1.519271068292587070e-03
1.038798901858257961e+00 1.932480030515059885e-02 -4.968050384612432077e-03 4.690182751841852544e-04
7.307465222949053318e-01 2.311513348172141158e-01 -3.414524617035742671e-02 6.305454283045563600e-04
9.483116106842035542e-01 3.101870737841765369e-01 -7.004232691243336695e-02 3.308717491060101084e-03
2.589112652731427877e-01 8.124086053494093962e-01 -1.594733653998686718e-01 8.260575855452270688e-03
6.529910583826531445e-01 5.429089103538001782e-01 -1.297997214073372263e-01 6.992551766908166808e-03
5.379650314721845517e-01 4.579821459850672571e-01 -8.691756938502787078e-02 3.814458289006904083e-03
1.055222282943909073e+00 9.622166039277156580e-02 -1.948414649639577598e-02 8.107556568720220794e-04
2.553271832282332787e-01 6.201291324769143687e-01 -1.016489045029682348e-01 4.408267824573561776e-03
6.921949822615137693e-01 1.714148813204810495e-01 -1.369821441784408421e-02 -2.404321604163786445e-04
2.315227867505393333e-01 5.651475964492520543e-01 -7.599871074188126185e-02 2.235805307129811598e-03
4.330996191109919846e-01 3.972079814946148923e-01 -5.989386160605298520e-02 2.566066230484920739e-03
6.651387146802179018e-01 1.709556825779975919e-01 -1.017812963323699686e-02 -6.835603954436699371e-04
1.276305694287588777e+00 -8.343552243533093604e-03 -1.965855896457359073e-02 1.117877195821128820e-03
3.462790611861487067e-01 6.877662293114283898e-01 -1.355509699207857466e-01 6.574598747884395980e-03
3.876864022371083740e-01 6.300135241254336549e-01 -1.044342071272116867e-01 4.137452050658092101e-03
3.045848854571421849e-01 6.940913677262368076e-01 -1.309006982866582069e-01 6.270030567529302420e-03
1.052474988264104905e+00 7.513434981652480915e-02 -7.063170549869727567e-03 -5.289436584079358454e-04
2.951604065774458552e-01 8.068635453309903616e-01 -1.754236963479882394e-01 9.442246513109859782e-03
1.156301382525563470e+00 -1.151197966007321133e-01 3.465223051891359873e-02 -2.812961889288716991e-03
4.867495643406944961e-01 7.582230400267561121e-01 -1.783458968880660134e-01 9.748405187432208560e-03
5.552988119922065424e-01 2.121075420665833322e-01 -5.692427418942422324e-03 -1.512123186630266345e-03
1.096460673683839149e+00 2.873040729402628890e-02 -8.808805406986973049e-03 5.000508387796057065e-04
5.858347778032609865e-01 3.934227724349616540e-01 -6.239789213428958981e-02 2.194632948001508203e-03
9.818043719406290837e-01 2.185083664123796676e-01 -5.537904940885772509e-02 2.965539738075341405e-03
9.458752348417011069e-01 1.990067935634896867e-01 -4.381193497102703338e-02 2.500590565667117331e-03
5.729191073688677527e-01 3.439838157161830279e-01 -5.241583844091188271e-02 1.591869383272908299e-03
6.945012712832369095e-01 3.401273574979595260e-01 -5.572560413272713287e-02 1.949690475021163914e-03
9.157941495325312431e-01 1.692768465129796673e-01 -3.290209434041947018e-02 1.096703573204535140e-03
9.203049405090032442e-01 2.261556200051861309e-01 -5.477868957012727719e-02 2.828262216086208179e-03
7.978120785777869095e-01 2.919739190330548628e-01 -5.124288971506694990e-02 1.786263959688219475e-03
9.851584674582083423e-01 9.127846719602110415e-02 -2.460730693652752460e-02 1.487398961890322620e-03
4.780291587193044034e-01 3.269858530677207109e-01 -3.875568443108040606e-02 8.182125514295661992e-04
2.197925577561295196e-01 5.590345366494369195e-01 -8.266767523677455431e-02 3.284382848331817741e-03
6.818112446077179145e-01 2.428981400043209726e-01 -3.556308647098965769e-02 9.624333580998170037e-04
6.045443556535620155e-01 3.218020295457632574e-01 -5.381484750184201832e-02 2.657834395722710220e-03
6.237097148032393346e-01 2.653613784052655244e-01 -3.952751962980928513e-02 1.586896406554702847e-03
4.311387093844796237e-01 4.089950732065519845e-01 -4.686360432472266163e-02 6.496185096594555078e-04
5.469534381147272972e-01 3.068842795556776526e-01 -3.220437339498574691e-02 4.027609818028168615e-05
7.994118554252892528e-01 3.945818156703533863e-01 -9.057213165422962897e-02 4.668401869043059711e-03
7.642212387803244411e-01 2.633846365985392235e-01 -4.612857777130068698e-02 2.181944976805420735e-03
7.576189915225596261e-01 1.559081031582870425e-01 -1.720300271301922201e-02 1.021750091389327645e-04
6.354314729360033276e-01 3.740128837013445007e-01 -6.260530836587965831e-02 2.744473484501244991e-03
4.940493907962048015e-01 2.768237415647298860e-01 -2.364843862385980836e-02 -3.428191189170438132e-04
4.150965992839791285e-01 4.154162943556928833e-01 -4.819005635516462188e-02 7.251076957598098002e-04
3.438734789601988195e-01 5.702336884546093110e-01 -1.009633152870755557e-01 4.235584241448905711e-03
8.924897779711014056e-01 6.252456832657787844e-02 3.461425725496513305e-03 -1.231456111898355079e-03
5.286819997852765241e-01 3.394577325807413004e-01 -4.301421808118633533e-02 1.141139707821665645e-03
5.734630214419615957e-01 3.341869099574459323e-01 -5.629585780576833870e-02 2.569550148030740316e-03
5.511516655388758457e-01 5.744514033597074576e-01 -1.260155642676884513e-01 6.242813841633679250e-03
3.242607303006476704e-01 5.495693109654946618e-01 -9.360487107405847385e-02 4.068648958229244446e-03
4.518822604523650144e-01 4.255618915605746677e-01 -6.566291346614602786e-02 2.398357329579863233e-03
4.356530434897544213e-01 6.859249860558095380e-01 -1.503169212971531832e-01 7.756788174352273642e-03
5.036958339887894764e-01 3.244345505309682576e-01 -3.709512394977292071e-02 7.372037885500067273e-04
3.942037722707514291e-01 4.824971860765757681e-01 -8.067413458455427455e-02 3.666773199385614263e-03
4.648393412513786571e-01 4.437548375600016137e-01 -7.531608092034070001e-02 3.155092894556686504e-03
2.649265690741098300e-01 4.969174152013220991e-01 -6.798279593068476401e-02 2.323367460665941384e-03
3.165624416629411741e-01 6.495231314333159700e-01 -1.254370087509589504e-01 6.334405939193149884e-03
6.306635445263047979e-01 2.851252223570855393e-01 -4.324638237659873818e-02 1.508696899263172733e-03
5.911622282336965739e-01 3.420266325872835522e-01 -5.662475510155214053e-02 2.426672160931505045e-03
2.289465657386663966e-01 5.876492427872422875e-01 -9.265584600530460402e-02 4.041601728018983340e-03
1.036873461882874770e+00 9.176803344687084474e-02 -2.290705074815558434e-02 1.145771189610192420e-03
9.045767152111553466e-01 1.922981525086602805e-01 -3.578604631852411178e-02 9.662248350357688408e-04
3.836484344337808827e-01 4.444792873591139060e-01 -6.663376493496644959e-02 2.448078015793596698e-03
7.066232704692412270e-01 1.924338153267308726e-01 -1.598934103220961758e-02 -4.363755540578280684e-04
7.499791233124838419e-01 2.113664442673722499e-01 -2.082091465156688664e-02 -1.383996941714671488e-04
5.092076815141960422e-01 6.294483700050332864e-01 -1.382938532602501491e-01 6.810545272741122536e-03
9.980365512310304110e-01 3.013340736411471849e-02 8.073781592513654820e-03 -1.648774269372411299e-03
6.185372790335685877e-01 4.574777064920628189e-01 -7.525215947527941207e-02 2.635397307954208401e-03
1.199729555863583430e+00 -1.251097707879264276e-01 2.847077696206173555e-02 -2.125129414823137552e-03
6.575204035772671540e-01 3.848098150883135782e-01 -7.461956386853157985e-02 2.973717571083483741e-03
8.261326582702777088e-01 1.977368288829138843e-01 -2.635935763288484862e-02 1.257641930928639611e-04
5.811054586637748320e-01 5.202573546561722884e-01 -1.061401903325918245e-01 5.129989934497201573e-03
2.606954989318756577e-01 8.294832347660383576e-01 -1.679194186965380364e-01 8.218063454028571094e-03
3.593765354382074673e-01 5.111046271463762780e-01 -8.217197918193160089e-02 3.037895625453613472e-03
3.660840586790137796e-01 6.081837596021211212e-01 -9.670790619989361181e-02 3.497058252193126129e-03
4.245708640939030998e-01 6.356196174602795068e-01 -1.208367688377290361e-01 5.179876787712296357e-03
4.119378600456700679e-01 5.248257975688417343e-01 -9.229413919030156344e-02 3.603797119604057724e-03
5.372236315499384629e-01 7.383169459872769291e-01 -1.799515444229860262e-01 9.732328867427430391e-03
9.622706977901660519e-01 1.922651746274059992e-01 -4.969585819884351358e-02 2.461138511104200930e-03
4.093097075139083829e-01 8.295875173454063667e-01 -1.982462177166504358e-01 1.085589687983229933e-02
2.785877258097141373e-01 8.389832500473808352e-01 -1.684010529597746719e-01 7.825749197257571288e-03
2.443371487401458375e-01 7.258960943171293145e-01 -1.394015978077630391e-01 6.482831404201533018e-03
1.377140735314011710e+00 -2.436585796560390427e-01 4.738333410431305737e-02 -2.537588067547886898e-03
5.638459389149000911e-01 4.812852957190076886e-01 -8.424476049237203390e-02 3.566062212688302351e-03
6.414871864404800839e-01 4.508383892459285058e-01 -9.519211216824872979e-02 5.182435738271545453e-03
2.934845912313300276e-01 5.710831244219416458e-01 -9.156134997493219074e-02 3.554280435756999000e-03
5.428662257534144775e-01 5.160290378024376956e-01 -8.232694849048985408e-02 2.890871931170195790e-03
6.162473243255071065e-01 2.932659159283960149e-01 -3.622073426160030141e-02 4.418648019157918371e-04
7.767919568644243711e-01 2.163064104439197666e-01 -3.749215339932810559e-02 1.947123939619537598e-03
7.067825047254030491e-01 4.498820707138506125e-01 -1.079449391447095258e-01 5.920075829030231954e-03
5.670829661015641676e-01 4.854778865974831437e-01 -1.017455431843645591e-01 5.106044131585804439e-03
7.336556153978700534e-01 1.342749719944416054e-01 -8.844870581026512829e-03 -3.149565584470485034e-04
7.990295470191697280e-01 7.329504387690075062e-02 1.116239607789876014e-02 -1.985025214932872786e-03
5.883067442843625816e-01 3.671422539554883291e-01 -6.425299647075299880e-02 2.883074420914503565e-03
2.909886019533328705e-01 7.356522372744924709e-01 -1.422757767883380819e-01 6.395177502778280100e-03
5.045230743854565159e-01 3.827538278128823079e-01 -6.342176774247997029e-02 2.945240447099407854e-03
2.295768767535187604e-01 5.580976918636054718e-01 -8.052326080106227135e-02 2.792484467622739167e-03
4.783451439361529056e-01 3.596937287845670128e-01 -5.406842037817457397e-02 2.254813421964392724e-03
2.228303631112757144e-01 6.229072928971779444e-01 -1.093815349413436860e-01 5.375197354029812372e-03
5.173780062535779933e-01 5.160841580256847472e-01 -8.688334126782436273e-02 3.260561755519740448e-03
2.970900191744514918e-01 7.897316986705489317e-01 -1.585325966473839499e-01 7.846364710714060289e-03
2.938969073147678079e-01 6.061946403611638834e-01 -1.032556771795589967e-01 4.148042047003605223e-03
6.117168881114309897e-01 3.291629337431896674e-01 -5.328848717748705527e-02 1.965499433502165046e-03
4.074748194537094470e-01 6.496749683786267049e-01 -1.254125011916801535e-01 5.674670610904613069e-03
7.242446225889707101e-01 3.935044563750408897e-01 -8.667019136137402158e-02 4.832505123214769077e-03
9.197176343071280513e-01 1.688183325650450262e-01 -3.584033292352880457e-02 1.307040284191968767e-03
2.479986644099321513e-01 6.025589604144001576e-01 -1.015731066325533810e-01 4.694658612315279200e-03
4.302766255815985708e-01 6.656570635321430451e-01 -1.428061097147600433e-01 7.665811117483881804e-03
3.343487692178766513e-01 5.108551675835409922e-01 -8.497951496395377002e-02 4.017084816250938127e-03
9.741374386186240075e-01 1.411324107329664790e-01 -3.180700169124588139e-02 1.214481420168200040e-03
4.111518214073636157e-01 5.124216567941798361e-01 -9.098101967914812294e-02 4.506724372665688386e-03
3.324208660386296921e-01 7.506557237939340821e-01 -1.613991336872126758e-01 8.514084527268539482e-03
2.736730352572396829e-01 5.917843312397254030e-01 -9.619414280431516640e-02 4.248009629877837895e-03
3.963516659875351844e-01 7.773734118624756606e-01 -1.788445693351760069e-01 9.766456941697126276e-03
5.882777446061581150e-01 3.473420844240119876e-01 -5.807345854125423729e-02 2.730592659160542123e-03
3.818454754175614196e-01 7.347063897539166666e-01 -1.622375060444496697e-01 8.676402199741804419e-03
3.766072215917534161e-01 7.020024309860868339e-01 -1.381274142061808818e-01 6.196724075824345743e-03
8.056515523475633600e-01 3.091427558870920023e-01 -5.476030748733041326e-02 1.761788842606775178e-03
8.059858217477929854e-01 2.257888924573792089e-01 -3.251284168413395848e-02 4.466509411869356671e-04
5.610959958356113164e-01 3.155570814569800264e-01 -5.038927884968346510e-02 2.321279909835915253e-03
3.650459129773617750e-01 4.528077694160629330e-01 -6.343984374352090727e-02 1.880391518861585561e-03
2.418541156542053094e-01 7.513689975270790855e-01 -1.451307221516813517e-01 6.629931723017521220e-03
2.535545123050565453e-01 7.493884756478754738e-01 -1.457973514769443091e-01 6.806961343876404176e-03
7.690365336881602731e-01 3.426107979426106787e-01 -6.142313368308255361e-02 2.684581969558990071e-03
3.502140916684008953e-01 6.526832191062417188e-01 -1.324603235739406359e-01 7.029128302462102178e-03
2.678464272469961438e-01 9.016877354083907559e-01 -1.957008054716959655e-01 1.028917559798094884e-02
7.239986844923027576e-01 2.774271172488433357e-01 -4.702301762360151099e-02 1.904571629013795996e-03
8.424876348136333126e-01 3.430772305461854410e-01 -7.547130689881875742e-02 3.414161229742814808e-03
9.554847956289250765e-01 2.029344444826897687e-01 -5.306407597189229108e-02 2.722864755877394283e-03
4.107070478081719100e-01 6.490543686624463682e-01 -1.250996243050011836e-01 5.603554737157972858e-03
7.166004695526425605e-01 2.828434513681327145e-01 -4.727052099196907275e-02 1.468679437544746606e-03
5.786611037946581826e-01 2.886628927842073700e-01 -3.944044612361169433e-02 1.344006361010764055e-03
4.302639862216176003e-01 6.192939629024367676e-01 -1.288207290530099802e-01 6.323314254741248079e-03
1.216428224581838746e+00 -1.545139144854296848e-02 -9.431063035248259119e-03 4.601018870149057856e-04
9.728984264287110495e-01 1.243717692434151562e-01 -2.973441683773404842e-02 1.382811182547445108e-03
4.934830306467905547e-01 3.579733013244845719e-01 -5.273489927342934341e-02 2.020220039833897554e-03
2.429735073955678892e-01 8.360521731623075103e-01 -1.682175687184837287e-01 8.679902532753884167e-03
3.912173511644831958e-01 5.841588446523603428e-01 -1.095901942694109538e-01 5.249277555121418561e-03
1.304492320635847635e+00 -1.755946003416664347e-01 3.448193020293072869e-02 -2.206794073078592860e-03
2.654049936629572226e-01 5.176684259548303135e-01 -7.045185163398359762e-02 1.932758785219584798e-03
3.897659701753635741e-01 4.428661636555080161e-01 -5.872358378751948993e-02 1.669977962137348098e-03
5.530642434229336990e-01 2.331764695519228381e-01 -1.659058297617351310e-02 -5.892664265760575370e-04
8.052835231910657754e-01 1.864513986572672866e-01 -2.993067318353548681e-02 1.460674197803859577e-03
4.606478918827406344e-01 3.933602006160585862e-01 -5.474601757799376495e-02 1.394936771756778325e-03
8.798613300842310636e-01 1.450292810247850450e-01 -1.567777655136074963e-02 -4.732940741618502437e-05
3.416811864778976360e-01 6.657366638399748737e-01 -1.344533003738841714e-01 6.777646334261604524e-03
4.879904846481096792e-01 6.377802457960216609e-01 -1.385015771299928367e-01 6.747488573145514826e-03
3.142259234197518625e-01 7.096888276892120428e-01 -1.359589191037609557e-01 6.996540944838368879e-03
3.294133025930148784e-01 6.182069844352817700e-01 -1.174029895264142032e-01 6.008091265635362790e-03
3.578644502896816681e-01 6.880023821220583313e-01 -1.383202980960425987e-01 7.122973568853308533e-03
3.118056727939174100e-01 7.396571331816768069e-01 -1.412160386736986128e-01 6.780566364719348496e-03
2.944847450629209384e-01 7.659557393527787195e-01 -1.555333246621746213e-01 8.035442681798163345e-03
2.926752287380623985e-01 7.514995748579426094e-01 -1.451419144141467554e-01 6.944288021281633423e-03
4.542482708187305374e-01 6.842775440052476510e-01 -1.326535502291117108e-01 6.034965296709191712e-03
3.568360467578192141e-01 5.780818401592022759e-01 -1.122457555676236451e-01 5.849076011993937889e-03
2.772243424787098620e-01 7.020154566665207652e-01 -1.420871575246907825e-01 7.519233757949971182e-03
2.752512449287691232e-01 6.853794976035008091e-01 -1.300458898425226606e-01 6.495262351018753037e-03
2.378368991809209076e-01 7.470876865399453948e-01 -1.365047531687837989e-01 5.912134194347098623e-03
2.014619200064963200e-01 6.740783192394170786e-01 -1.060862625678850035e-01 4.172655218807960406e-03
2.145990230373432395e-01 7.850456601353339448e-01 -1.463421573673218123e-01 6.657943203500919609e-03
3.474043314257130866e-01 7.196606854505436246e-01 -1.426740294009908039e-01 6.919038065947014961e-03
7.106921602046361031e-01 3.651101502078282213e-01 -7.188459613597933395e-02 3.401530699090121127e-03
4.279465028674570570e-01 4.505704493376445074e-01 -6.350655864090830327e-02 1.942368839299070437e-03
2.389436241472080724e-01 7.860318333826989967e-01 -1.583373468600103307e-01 7.805043059648894554e-03
2.827707010332271009e-01 7.684481754358678529e-01 -1.522722003906754051e-01 7.281528702301858814e-03
4.147332975033368729e-01 9.316111823237906986e-01 -2.361777264772427498e-01 1.360709576406002839e-02
3.805130573894547896e-01 7.723535772226249874e-01 -1.754528238131427276e-01 9.377655683273151965e-03
3.101605083060200996e-01 5.704559332589955734e-01 -9.345210443356419261e-02 3.719979808389549739e-03
3.614167028073258514e-01 7.965388849875830735e-01 -1.798853607716973113e-01 9.527492757791956174e-03
4.111153327206832908e-01 5.210827459220042090e-01 -9.831766324439603078e-02 5.073355145497011887e-03
4.001359580914944925e-01 5.119971554983820949e-01 -8.171522741283263058e-02 3.220114477187828797e-03
3.784337820735576008e-01 8.549973608896213051e-01 -1.968048552550141217e-01 1.096191716736009611e-02
9.576690072087039596e-01 1.825954725080133900e-01 -4.591984237905849531e-02 2.627938311393489355e-03
6.209273623355576754e-01 6.115925815245553121e-01 -1.382536937889955186e-01 7.290793662425535705e-03
1.233119666055820352e+00 -1.571608936121370870e-01 4.096125993255941844e-02 -3.213750948382945553e-03
2.856490019813608394e-01 5.787709746613496353e-01 -9.298152834574419101e-02 3.492444538972500675e-03
5.906574586241970515e-01 4.292977716943441324e-01 -6.533016379440970134e-02 2.015383781470171491e-03
8.156179551338735845e-01 1.388468467630490921e-01 -1.782333845128354285e-02 2.581364918370657679e-04
3.056930887321092638e-01 7.705500853663964644e-01 -1.530259939976333639e-01 7.306255162530286319e-03
6.124721106580532926e-01 3.676445378017261789e-01 -5.904754270295041463e-02 2.446383144051993315e-03
3.155394170708664681e-01 6.160427645417201337e-01 -1.150284436061054932e-01 5.502751645618081736e-03
2.041890849255235951e-01 8.193828830720115697e-01 -1.568611984934071002e-01 7.524107735768480361e-03
3.267788068468587270e-01 4.455702014544689615e-01 -5.863869297325315089e-02 1.561445692694885673e-03
8.220942922936275155e-01 1.259595336655158770e-01 -1.833160260849663048e-02 8.392648712562214043e-04
6.418558896801096481e-01 3.689949762341788730e-01 -7.163857895938965936e-02 3.474237589121945049e-03
2.063308681966346536e-01 7.829070224698879699e-01 -1.431936580032826256e-01 6.328709138451939220e-03
3.142010776944642592e-01 7.247410654087854676e-01 -1.356672899314644298e-01 6.597903935925028898e-03
2.861409662260548936e-01 5.882915011354241663e-01 -9.218491568744439923e-02 3.380326377229449404e-03
8.003996209514566695e-01 2.981823326846962940e-01 -6.278035145990028265e-02 3.220787744861662930e-03
3.926922485315224587e-01 6.652093420323059725e-01 -1.308643256411856082e-01 6.232942328997800353e-03
5.944887584302107619e-01 5.183442640739754914e-01 -1.008403449761975934e-01 4.232578723958550088e-03
8.761472215015589926e-01 1.657656983401265549e-01 -2.210456611102688124e-02 2.969896069887194854e-04
1.410362573078513870e+00 -3.343127140774388439e-01 7.452555806183612519e-02 -4.789254457533027691e-03
7.858724442033689916e-01 2.151052284851948937e-01 -3.080082824212946463e-02 1.074208799281166100e-03
4.141240751769610928e-01 4.590710991873896973e-01 -7.122960788877542859e-02 2.571003083125650551e-03
2.556272116970928487e-01 5.352116327701561538e-01 -8.160697294750249298e-02 3.156095326283960608e-03
4.591376927092339355e-01 6.890903174726145108e-01 -1.423734087442425078e-01 6.725611317891417446e-03
5.782669721971184229e-01 3.717554148185816532e-01 -5.816492433235476156e-02 1.811407632964220872e-03
7.816751777253341249e-01 2.868652021834488530e-01 -5.397217982554388532e-02 2.861740749901610197e-03
3.466181201833929415e-01 5.299304483337160532e-01 -8.634236724295882293e-02 3.747055528209028603e-03
7.882071857463091025e-01 1.981894311618432880e-01 -3.295813207879300794e-02 1.104203526197011526e-03
6.903311403337827334e-01 3.136349021560262407e-01 -3.603149072221287219e-02 2.263366242406560699e-04
7.034421376919415270e-01 1.281805878574643898e-01 2.964043906829555430e-03 -1.587455830713999962e-03
5.522572249128450128e-01 2.410960351147270475e-01 -2.041459839961242556e-02 -2.211619938051520692e-04
5.884937401451098005e-01 2.669965244753331191e-01 -3.259988571087059361e-02 6.477508064734677565e-04
5.739697510376784440e-01 3.114312242209992809e-01 -4.364206001482465874e-02 1.431144251280061942e-03
4.612210482512152931e-01 4.742014303341399173e-01 -8.751512106888251208e-02 4.356311549508812449e-03
8.236321461864598570e-01 2.447926196574118363e-01 -4.369271694451620780e-02 1.869376434821080034e-03
4.476656483567033606e-01 4.452955054335696605e-01 -7.523052324078334518e-02 3.513135679322099570e-03
6.348837907513096290e-01 5.809597390372661652e-01 -1.240444734377551539e-01 6.307006192262321065e-03
7.624095000570069169e-01 3.363478332137420646e-01 -7.379179585711939660e-02 3.721563991401549611e-03
5.715622607410605349e-01 7.540080425191864055e-01 -1.919899469096513489e-01 1.076126530489071934e-02
1.046576472881292741e+00 6.366331942868284563e-03 6.152752061993089529e-03 -8.100725271791641520e-04
4.112552748340924658e-01 5.906829158275315184e-01 -1.173821387314502862e-01 5.984014672724444900e-03
2.077976885239714300e-01 5.823779421799627487e-01 -8.456234765662966335e-02 2.641152371304819266e-03
3.068255295773931746e-01 4.568809831885515260e-01 -5.733508528929549125e-02 1.520794202509770029e-03
1.212343589103601404e+00 -8.073923126546886028e-03 -1.167903684660084873e-02 4.492195932571644732e-04
7.940500148871689756e-01 2.761755675932772713e-01 -5.963725307718616836e-02 3.077753277401415119e-03
7.521159362956287842e-01 1.276193062487243068e-01 -3.702987294251926242e-03 -1.224100115216621501e-03
8.043302608792493036e-01 2.748210597885154538e-01 -5.601379000779097006e-02 2.687971231715607576e-03
5.138857940538474889e-01 4.165278312079536138e-01 -6.978186008261320905e-02 2.593142612608987947e-03
5.803241636097193901e-01 4.590923176234604219e-01 -7.346659945947942028e-02 2.478492874918884845e-03
3.145547806409258462e-01 6.459775818070521147e-01 -1.129837345625298861e-01 5.024691049249823370e-03
5.488670526278089934e-01 4.605199233747832022e-01 -7.666685301967217370e-02 2.870090090052299439e-03
2.372226234131838418e-01 6.169572079881132654e-01 -1.075513678178458415e-01 5.264937011904060118e-03
2.246103140513685259e-01 6.461534110236791806e-01 -1.056482862076351253e-01 4.155644891667831589e-03
4.337744372139665794e-01 5.414591084674739152e-01 -8.278758917376852211e-02 2.765865379356168604e-03
2.244270635596124497e-01 6.020462475637132771e-01 -8.256730928441881334e-02 2.448270736573613521e-03
3.212741416463926747e-01 4.851260336663488770e-01 -6.827877226503056840e-02 2.437883914596037423e-03
8.793271737937538024e-01 6.018670429982567877e-02 6.138199763271337192e-03 -1.617903489960439154e-03
2.011278223005773524e-01 6.166820438514732938e-01 -9.849893822638108865e-02 4.206645422186748411e-03
8.497443783820729513e-01 1.315327351104278730e-01 -1.359012441983654777e-02 1.647080095899765544e-04
8.289851896536145626e-01 1.986265940343554526e-01 -2.646932170334353671e-02 6.808856199508910760e-04
8.720459090149583758e-01 2.505195290916675255e-01 -4.704881402392643158e-02 2.129318683881607863e-03
5.987766544593761120e-01 6.044343488503202133e-01 -1.375031298471109664e-01 7.030678306209232724e-03
1.073246633553993190e+00 4.467172885555692474e-02 -1.022160293382665466e-02 5.554969417986828188e-04
2.612792873975816055e-01 5.617222633602063642e-01 -8.651083383799237914e-02 3.487097643200435821e-03
6.498401436417702293e-01 2.716724863123581302e-01 -4.281064206500408142e-02 1.536360552439461867e-03
3.551052073210755333e-01 5.865763755783143241e-01 -1.044582211477799866e-01 4.197297849243815902e-03
2.965024117768463863e-01 5.469613559732782182e-01 -8.678095803394954288e-02 3.381464113849784459e-03
2.771902248318990347e-01 6.166832306067980829e-01 -1.088448857397220360e-01 4.821852700828061118e-03
3.143115131398791506e-01 7.377833093188336244e-01 -1.364737342125683095e-01 6.202067320112574812e-03
6.460209327828320136e-01 2.831679196316690961e-01 -3.725573449960152550e-02 7.874841670305944043e-04
5.311545351727217090e-01 4.037775431530147840e-01 -6.871171662550513981e-02 3.353973221249284629e-03
5.802575376970982024e-01 1.925289003713621661e-01 -8.284313938027912036e-03 -9.307857276950424075e-04
4.642128925415197060e-01 4.622438292635974166e-01 -8.048211481126731071e-02 3.382798414212385540e-03
3.046249534059013442e-01 7.388292180954776356e-01 -1.482911993284988239e-01 6.860048768295756542e-03
3.742889981839567781e-01 8.160883847827835602e-01 -1.831853072385748737e-01 9.644919111666625661e-03
2.339357936005621863e-01 8.975082483918889187e-01 -1.902776789046395078e-01 9.762976873337344749e-03
4.496893915094713479e-01 4.476324804447335826e-01 -6.743647397243744679e-02 2.575430905680422232e-03
8.998635610447670574e-01 3.763828714865245784e-02 4.319270831881671241e-03 -7.153644291928024090e-04
2.861745617303520506e-01 5.037774717779313072e-01 -7.092388825025207344e-02 2.100470523723840452e-03
8.016769279012520011e-01 3.848748901866062555e-01 -7.804196047952373372e-02 3.784850865518258386e-03
8.150184353568444839e-01 2.862622533437594874e-01 -5.829529529497723406e-02 3.172380685755555457e-03
9.924412872267684982e-01 5.169572367688194531e-02 -3.272598477133324864e-03 -2.485205729498900186e-04
8.381443831578421211e-01 1.450243725473701617e-01 -2.146898311195469602e-02 4.674558843211292663e-04
8.922105736585836944e-01 4.111069871499405115e-02 4.769281630887666108e-03 -7.730459527313143960e-04
4.353486098218988798e-01 6.803445572319725132e-01 -1.502062400095862393e-01 8.099080098898000721e-03
5.755259427033766473e-01 4.528639654208512777e-01 -8.522212901732398316e-02 4.174616823466251701e-03
6.754901525119368921e-01 2.249698676462844327e-01 -2.493340780824186004e-02 1.176154022000491220e-04
2.231476417253183964e-01 8.208258380873261206e-01 -1.553273399970379887e-01 7.147653182386216712e-03
6.802405034189947797e-01 2.022286574551682703e-01 -2.027920606229601311e-02 6.912262243289948589e-05
3.185716851416026674e-01 6.638759872280167729e-01 -1.185343753319251237e-01 5.629513623094006998e-03
6.458619922854105244e-01 4.448315035455300270e-01 -8.252857032546984106e-02 3.633688253427005011e-03
4.658026582700856011e-01 5.226343679907056172e-01 -8.154548898339171459e-02 2.872604681153113036e-03
3.135305224816239411e-01 6.861515973267733326e-01 -1.155433101703599169e-01 4.482755048312483080e-03
5.590465412381026011e-01 3.458860471232036438e-01 -5.170515478932031367e-02 1.870093402855404824e-03
6.713470730476178705e-01 2.493413756185106356e-01 -2.544718569639755831e-02 -3.642971164141295284e-05
5.970306261508456780e-01 4.651201232277136222e-01 -9.322918232556752505e-02 4.557032615233823879e-03
5.521394237611547684e-01 4.603253263891976532e-01 -8.973451000927760990e-02 4.187193760245615237e-03
2.567724017541594961e-01 6.349221223221566124e-01 -1.068497564497843666e-01 4.363362384391882010e-03
6.264249844231774000e-01 2.197354576087021671e-01 -2.122794513109429321e-02 4.652635154269211355e-05
3.300095466155074653e-01 6.570190227226715418e-01 -1.129169759920352761e-01 4.391871712137916661e-03
8.364980110866796492e-01 2.827336948558602514e-01 -6.870327787754981763e-02 3.967605194197591084e-03
8.262481026752268587e-01 2.863375328848886125e-01 -5.548526395261192679e-02 2.532054886840466243e-03
4.587652286083264142e-01 5.123830542973756286e-01 -9.235188451750288297e-02 3.677077604531800003e-03
2.309451222573103701e-01 6.345827442862699286e-01 -1.050618823635562360e-01 4.778215899432009493e-03
3.209805999439647728e-01 6.006064778627839829e-01 -9.962901032245884136e-02 3.860203547556239918e-03
6.904406607493356329e-01 4.522510948898327277e-01 -8.583947003190664504e-02 3.842652675995803825e-03
7.542140023955582473e-01 3.789369122665812162e-01 -7.035315977159616041e-02 3.308598466187983016e-03
9.948504488825048453e-01 3.464766460666818260e-02 -9.004560608246434117e-03 7.383614820309141943e-04
3.103950320986896272e-01 6.099950733262978764e-01 -1.003451679874990954e-01 4.379464786320308792e-03
6.192462429729096440e-01 4.425686373406452212e-01 -9.163044797735517277e-02 4.473869160058403273e-03
4.754048893906007156e-01 6.298791859076920963e-01 -1.379020661819603255e-01 7.517886338022513291e-03
7.609233260182787228e-01 3.236982439108656573e-01 -5.967876896860243446e-02 2.414835440138148309e-03
4.879492613625966979e-01 4.251960659836059309e-01 -6.757996166713822750e-02 2.618063157464016986e-03
4.216137471084123178e-01 3.975527026063535030e-01 -5.911403115972801298e-02 2.503640793182611290e-03
7.140241301864531653e-01 2.031866028359694820e-01 -1.992075091875073617e-02 -3.100425547931492032e-04
2.821053598824004305e-01 6.282165366532437289e-01 -1.003645494833328156e-01 3.676344166359913485e-03
6.485664398508473871e-01 2.830315918495509009e-01 -4.799391921656871729e-02 2.156145027081399126e-03
7.832969543003140966e-01 2.698499348625126859e-01 -5.496624006806969526e-02 2.565975867862626235e-03
2.757657009053998132e-01 5.163616395323109565e-01 -8.082568047736521377e-02 3.632902261782677486e-03
3.714436050343445372e-01 6.590873038497383485e-01 -1.123111291930927735e-01 4.410860033985040431e-03
2.892196171537302352e-01 5.497970087342906043e-01 -9.391190895141245110e-02 4.443547675685014832e-03
5.142970454164099703e-01 3.207570060130821021e-01 -4.007172537812399293e-02 7.353752900906071607e-04
5.322093287850745424e-01 3.737301255077060680e-01 -5.605453744909511676e-02 1.643260673951611652e-03
5.080650932595854874e-01 2.867890215855478098e-01 -2.826206788882390519e-02 2.078808407359326903e-04
7.992381974853726145e-01 1.353630442064484296e-01 -1.591956556461080960e-02 2.928391599694948780e-04
4.136919790706782285e-01 4.452873103887504680e-01 -6.401546725095964840e-02 2.308079785323556826e-03
5.369575801893039513e-01 5.058989024874313012e-01 -9.198642566358576633e-02 3.967446328376361166e-03
7.764894307597696166e-01 1.972733879113456879e-01 -2.056803236063314833e-02 -3.240712083936312304e-04
3.403064202381024805e-01 5.081120158465584069e-01 -8.591615175550405825e-02 4.237681833499433622e-03
5.084815980442205507e-01 3.282028374003878590e-01 -4.247596114294306668e-02 1.044247303477590380e-03
5.743329335001434721e-01 2.807741561714341416e-01 -3.548090607658004741e-02 1.075184395675614314e-03
4.134673680641816618e-01 4.923021849674476536e-01 -7.950222681240966260e-02 3.219702727736021685e-03
7.313358634058395591e-01 1.732833012627632285e-01 -1.373824840113832026e-02 -3.220830677785145439e-04
1.010589177595521138e+00 -3.939842790425443497e-02 1.567478803938300233e-02 -1.092927456554394381e-03
4.695968936159828910e-01 3.641653162473448835e-01 -5.251232625405229115e-02 1.990767357270093341e-03
5.870245996073426564e-01 2.127753076849487890e-01 -1.378773568907280117e-02 -5.882744555008118320e-04
4.668194397207203750e-01 3.883336075657671804e-01 -5.824532062801528187e-02 2.446784368005289461e-03
1.363919005885047664e+00 -2.040313634297251100e-01 3.744045025175625485e-02 -1.964913968262718257e-03
6.588400709729684834e-01 5.752742804420287737e-01 -1.399619866382304234e-01 7.154588015561480843e-03
3.788705071824340909e-01 4.931898830746599960e-01 -8.475394067820563038e-02 4.050282926766961451e-03
7.420242827860195067e-01 4.225621242868497496e-01 -9.982734108259443129e-02 5.040827817772639864e-03
8.436267028174782023e-01 -7.927580940766697226e-03 2.926635751552970552e-02 -3.033004139176447879e-03
3.498890664260320138e-01 6.165735404403852593e-01 -1.041328264134576131e-01 4.097221091677142289e-03
5.097188865392812129e-01 4.032485877382225858e-01 -6.917770824564171972e-02 2.974558388976596135e-03
8.029175596218895983e-01 1.937912074718001199e-01 -3.036434694656945169e-02 6.710435948631140275e-04
7.951320457915085349e-01 2.534469975210003057e-01 -4.366371542099437009e-02 1.307866984380516746e-03
2.585400206424077751e-01 6.721551126207916393e-01 -1.118969117900568411e-01 4.957675080755377141e-03
1.420522832348311670e+00 -2.802426451033772636e-01 6.096892451322374895e-02 -3.887233537721526515e-03
1.131843391632240792e+00 3.678869562088764311e-02 -1.160794861285499233e-02 3.766154420331412219e-04
2.914418179751233073e-01 5.373713938092615772e-01 -8.640988654240434885e-02 3.771848989072776760e-03
5.142521556337259492e-01 3.554424826904574175e-01 -5.690600506259785307e-02 2.598389318504568200e-03
2.079592678960180130e-01 6.136413774385955922e-01 -9.752733241932098895e-02 3.578559319828007214e-03
1.145520047595635527e+00 6.575273542272863647e-02 -2.743005318258198710e-02 1.126433285830736068e-03
1.430633073087405949e+00 -2.666080702729666241e-01 5.148424862496561033e-02 -2.971301392743411554e-03
1.448962155210100411e+00 -3.192702048614485810e-01 6.371033634903085219e-02 -3.780747137751863836e-03
9.780600458482643367e-01 1.687834800620463260e-01 -4.070725347541810646e-02 1.621176333956389666e-03
7.849724081827265110e-01 6.402393129862499199e-02 1.475461585528361173e-02 -2.285183501161855164e-03
7.776376377697929998e-01 1.092935380372156151e-01 -6.238746871918193770e-03 -2.435877338362676286e-04
7.426846249198604255e-01 1.551936753317412487e-01 -1.605064480857897047e-02 1.505027851287277685e-04
3.568905830044476479e-01 5.441296042465323390e-01 -9.896359578946556379e-02 5.067798823321761556e-03
7.828300761534082719e-01 2.213843758442711473e-01 -4.351322696482368135e-02 2.269846964695689494e-03
7.483586941149926730e-01 3.613649496624781743e-01 -8.276997783758011096e-02 4.196435037612989208e-03
1.321066326577692296e+00 -1.267813025920762893e-01 1.617711619236972612e-02 -1.260374972209893840e-03
4.218800066638999091e-01 4.214345066740555756e-01 -5.978545494399181010e-02 1.741479508021141634e-03
3.815173792090795768e-01 6.540723033096109695e-01 -1.181060821200565214e-01 5.370222645609304749e-03
3.223406839718536143e-01 7.779848025632523090e-01 -1.562234202424084284e-01 7.904804863061606207e-03
2.996821455591606176e-01 5.236437180612568687e-01 -7.823334572535235731e-02 3.119161881970669310e-03
1.068721800650743070e+00 8.042308232178770055e-02 -2.274372967692844805e-02 8.442848179753625155e-04
8.543806289401705278e-01 6.717930612652044109e-02 1.469688300250498320e-03 -8.380132582278306940e-04
6.701901659955756818e-01 2.379107832433375869e-01 -3.314818503260703875e-02 1.122207473390814461e-03
4.399184291999584939e-01 5.795603501521823242e-01 -1.108812410343288368e-01 5.498670290402517778e-03
8.264227767978019612e-01 1.217776031277190835e-01 -1.592142194961357338e-02 6.764304773072436425e-04
1.296046050488271595e+00 -2.432747020051157227e-01 6.220430898058672275e-02 -4.397375630720753645e-03
6.421249868448233311e-01 3.378692033722279220e-01 -6.100576329792351676e-02 2.499370412583925682e-03
1.432950729263536616e+00 -2.654356874081984508e-01 4.628163656218047678e-02 -2.424646557219806240e-03
3.668844465383492848e-01 5.079281946449755170e-01 -8.537469818753905260e-02 3.600345074319906153e-03
2.798496885520888600e-01 6.157192702939645601e-01 -1.003794812593260394e-01 3.715310081388231971e-03
4.555341390802528090e-01 3.695317921551036222e-01 -5.345525323633652098e-02 2.026989736741683160e-03
5.924079149834853286e-01 3.331131110853829402e-01 -5.404978933970652072e-02 2.039511346178689809e-03
7.069306431360987686e-01 2.475108536743307885e-01 -3.113887943661271945e-02 4.801169378219228168e-04
2.769702816818391256e-01 7.120900926891684524e-01 -1.351201669172119868e-01 6.042608736121246951e-03
7.108898984825396949e-01 2.735728586106562221e-01 -4.365886644275790429e-02 1.249560216578760388e-03
3.074404380430058592e-01 6.891028375867832567e-01 -1.252130376604475015e-01 5.649015238587798242e-03
4.572561201255171404e-01 4.142490832814911816e-01 -6.709711161556830561e-02 2.862733989859956706e-03
6.007499762234749241e-01 3.102470790025670944e-01 -4.876335133212033462e-02 2.222542120989813314e-03
3.326803727139597822e-01 5.773422993948019721e-01 -1.000350907961940622e-01 4.393984335628054079e-03
2.827116956826576377e-01 8.713268946852934516e-01 -1.863134232611239338e-01 9.631421240202621067e-03
2.869895532087175516e-01 8.605125625589887806e-01 -1.812799279557694709e-01 9.422584284130224030e-03
1.354464751227856700e+00 -2.704103276907344755e-01 6.463288336288851299e-02 -4.318712557270768318e-03
8.065440750371537515e-01 1.360227134027758022e-01 -1.792665731722583103e-02 4.489500969133361778e-04
7.397197010929358330e-01 2.555794079326021428e-01 -3.498807207428247801e-02 5.142346795531610535e-04
4.772175168394050537e-01 4.024047312266356702e-01 -5.766668780209225492e-02 1.844359161276674366e-03
3.923799187780355191e-01 5.715274156138918649e-01 -9.035081988570899114e-02 3.197662477870424642e-03
2.396232874332686891e-01 6.574997858444976417e-01 -1.190500041644753648e-01 5.428921941685971135e-03
4.674855112096102938e-01 6.041859707900617549e-01 -1.104527384890400393e-01 4.704101457562786734e-03
1.195039847425678703e+00 -1.201122102148118459e-01 2.893059051881358146e-02 -2.054538895027542382e-03
3.056246333165070217e-01 5.173417612093559326e-01 -8.444059131643778804e-02 3.771648457504105621e-03
7.392150240371017089e-01 3.123889682214068264e-01 -5.965779661078991769e-02 2.330789978682139447e-03
4.074614386008297839e-01 7.434370420451441586e-01 -1.552456917048807561e-01 7.909560967796255837e-03
5.914419789815303918e-01 5.798517725910425913e-01 -1.218596785784545611e-01 6.016064706346487163e-03
2.847513067752743821e-01 7.331185618453613939e-01 -1.322717013763082539e-01 6.163547564446509620e-03
4.083793168433632048e-01 5.881549266122602093e-01 -1.071480110506400629e-01 5.245057824249368429e-03
2.863369770199369335e-01 6.420290870403573269e-01 -1.161679366752886855e-01 4.927953357507169375e-03
2.795238397734761682e-01 5.326848990037189591e-01 -8.000253393843516359e-02 2.660804297225307421e-03
3.776930521207137459e-01 4.405828406680433740e-01 -6.373469253991578820e-02 2.320516369746772160e-03
4.165262088170497701e-01 4.894632456756968786e-01 -8.815628895624082195e-02 4.446514950344188262e-03
5.082529638732115052e-01 3.489339615736186118e-01 -5.157188434369680552e-02 1.931974495543354329e-03
4.212652576135769711e-01 6.408681991612679152e-01 -1.338366831072083096e-01 6.508100175741169183e-03
6.094157515423955784e-01 3.523043823005404529e-01 -6.772285454225521195e-02 3.492287961373365633e-03
5.525331800017945216e-01 2.429363842417928687e-01 -2.104693262251470728e-02 -6.138538600494368935e-05
3.374041929420555919e-01 6.165144321479991696e-01 -1.073108657292411589e-01 5.015190257968413223e-03
2.950776131540646108e-01 7.645616361471265776e-01 -1.567874454198530110e-01 8.207057188501402228e-03
2.304764475783920297e-01 7.039686292987593630e-01 -1.255919020271832054e-01 5.477726140067391315e-03
3.065177738695076259e-01 4.981422200284784108e-01 -7.488508885872680043e-02 2.719985412979730559e-03
3.661112075031999202e-01 7.874597299489065616e-01 -1.750819908702987704e-01 8.882556525554448704e-03
2.701935617728687400e-01 7.757786000904530743e-01 -1.642958310706075509e-01 8.754107681312640540e-03
3.000446817687897338e-01 5.181012425629630824e-01 -7.447672691610499052e-02 2.465813262072266959e-03
2.578919067648072216e-01 5.257201348692420728e-01 -7.013413013181757361e-02 1.969165375759573348e-03
2.623367574088585341e-01 6.730818449851863061e-01 -1.136015501595267624e-01 5.148956532160181045e-03
3.026935679763056997e-01 5.846022941777966331e-01 -1.020765520005814386e-01 4.830577845528808388e-03
2.007198381968411938e-01 8.682079901175795422e-01 -1.723389557248100057e-01 8.407482824073959221e-03
2.393610413147544136e-01 9.561448567129664511e-01 -2.193343444386559593e-01 1.189806986626455558e-02
3.806956176607151354e-01 8.233853463860338895e-01 -1.883766096922686040e-01 1.030291362154954482e-02
5.448591645348647150e-01 6.477271389641354737e-01 -1.461505723465505724e-01 7.699031184195102157e-03
8.743150487083102274e-01 1.684154024353786139e-01 -2.277747252857252949e-02 4.138796458309033769e-04
2.145512810100128898e-01 6.963937076166478723e-01 -1.245255851769933031e-01 5.517710874001855587e-03
9.065927996978392356e-01 -2.618204512702609378e-03 2.239986482327565448e-02 -2.449523855568227267e-03
3.695929250879130268e-01 5.524614892253019161e-01 -9.278747276279999956e-02 3.986290425591769264e-03
4.122342199387156736e-01 4.258406463201094283e-01 -6.754833447628696974e-02 3.073214552490661621e-03
4.744684151303595332e-01 4.601426380510986180e-01 -6.826061861024340649e-02 2.244302958741298260e-03
1.385980019487736303e+00 -7.646169773062037878e-02 1.774501502057852786e-02 -1.912586410997095922e-03
4.727485750302276579e-01 7.821471091400110653e-01 -1.761309104759032906e-01 9.191939165268300446e-03
1.152015723256971658e+00 2.619979710343453005e-01 -9.602598165893404258e-02 5.662218943748366026e-03
7.127349470753101546e-01 3.697042787024452659e-01 -7.069207194603888134e-02 2.694225546447230092e-03
5.271696752946760656e-01 2.905170489578172144e-01 -3.389150722096969520e-02 5.984512732296024158e-04
4.225889214723751452e-01 5.600410946778751065e-01 -9.396852830998929373e-02 3.878020762033663853e-03
6.514646850292817870e-01 2.147981172183828780e-01 -1.916246075421514788e-02 -4.113250987268832052e-04
7.475687609449438442e-01 3.104314158871434026e-01 -4.651483903504869538e-02 1.234293252695967905e-03
3.208902125805191408e-01 5.749986183977739973e-01 -9.425483587099539595e-02 3.955803767320297502e-03
2.847287678375672870e-01 8.156641135619069338e-01 -1.643478225647878044e-01 7.693289886576967947e-03
3.554518547008888030e-01 8.086083618175363696e-01 -1.827409073634909675e-01 1.006209865710772783e-02
3.429317130965975347e-01 5.664273584460629563e-01 -9.946701099685645309e-02 4.810124670169488303e-03
4.125219523079519113e-01 4.716444973045620936e-01 -7.658464457680642934e-02 3.113802167491771470e-03
3.858667870024758417e-01 4.278019810872905060e-01 -5.798060316569199346e-02 1.499266032451809869e-03
5.056882845464132359e-01 3.687105265065785398e-01 -6.024210613883507204e-02 2.719377893798505079e-03
3.397406734641257309e-01 4.921854364300212170e-01 -6.909757839047149519e-02 2.137716355133194562e-03
9.922533693477806338e-01 -6.233278361858399924e-02 2.691485558399510369e-02 -2.156047082782406709e-03
3.223524970976411330e-01 6.168236836289274772e-01 -9.984256428947399509e-02 4.037899861869232408e-03
6.332577921139751487e-01 2.505247215156035101e-01 -3.260404030441275969e-02 9.215292281799011137e-04
3.396865280534834275e-01 5.091545762798929120e-01 -7.929407076256726750e-02 2.971261417792232448e-03
3.693325174548079404e-01 4.213028503203586350e-01 -5.358898017484182291e-02 1.115240064425751607e-03
1.171728004108338883e+00 9.546609114022099052e-02 -3.761815096063492875e-02 2.162330902575914249e-03
1.007593776693108234e+00 -6.159243611097574289e-02 2.547626883762868846e-02 -2.061025790452920749e-03
5.191780971953233736e-01 6.989444997404183901e-01 -1.649006982152955159e-01 8.735417560681581553e-03
3.413032477240776630e-01 5.816875456911959619e-01 -9.662075690321401955e-02 3.557364082906028322e-03
3.455866077308636930e-01 8.056236789900605988e-01 -1.809116503405802101e-01 9.689148198023168901e-03
2.996858407686588954e-01 6.847260127915217875e-01 -1.260853007493973332e-01 6.333644278752237691e-03
8.083069528975986850e-01 2.916087149477302187e-01 -6.246336521491404475e-02 2.934097056751091767e-03
9.738618334389420594e-01 2.223437462308165691e-02 -1.767472353335675138e-03 1.466254181260321428e-04
3.221926817360351580e-01 7.810841443908395076e-01 -1.629991735873636272e-01 7.813818881298924615e-03
4.903604501473307065e-01 5.894704102496757248e-01 -1.208119158830633644e-01 5.540953110271249968e-03
2.795283468890780165e-01 6.543144846977481111e-01 -1.175183630358160036e-01 5.423592210530978584e-03
5.936281104180712864e-01 5.521846036578971217e-01 -1.250567682031088479e-01 6.928572472317080441e-03
3.142384831714383209e-01 5.787923300776676161e-01 -9.907202393498758253e-02 4.443833693091312105e-03
2.159814470015061216e-01 5.669702953765201059e-01 -9.033306007583993824e-02 4.082726589504611855e-03
2.531200835956014528e-01 5.368122637100543049e-01 -7.081222340465689880e-02 1.930644985293895541e-03
5.591269269773879724e-01 3.748491422941344631e-01 -5.741612949788505588e-02 2.111936909440803069e-03
1.458719657444154771e+00 -2.847609774176055875e-01 5.369844879424635897e-02 -2.854023396411753486e-03
1.045935404604927177e+00 1.160708004133766819e-01 -3.382599993206422684e-02 1.700141468798307097e-03
9.151172891684643540e-01 1.204960412848878754e-01 -2.651650834866328341e-02 1.554279780371908793e-03
4.292091440855072548e-01 5.891542868922231557e-01 -1.051062197167716428e-01 5.075728518479575950e-03
1.012909613437527057e+00 -3.586187256407063345e-02 1.548349142585490022e-02 -1.181981939660242328e-03
4.686426188949094351e-01 5.503241165144411307e-01 -1.099078417144802866e-01 5.478356742677697316e-03
4.694567368218288683e-01 8.287091651155825689e-01 -1.954183876639881690e-01 1.029798433955681804e-02
4.642694899581975010e-01 7.571132277408916256e-01 -1.750896845313162087e-01 9.587212461367840971e-03
2.645209276084192207e-01 5.636843184720254918e-01 -8.972960691590232962e-02 3.422033070049674067e-03
2.510536887118499094e-01 5.191958200747033292e-01 -7.067637595672512929e-02 2.329041955215612782e-03
4.008652038286485420e-01 6.570220297261055720e-01 -1.279765717781033985e-01 6.572181611355107887e-03
3.535172944478626733e-01 8.153192564482077964e-01 -1.765344478223297431e-01 9.338003818730483685e-03
3.421258628834564774e-01 5.565358537963399632e-01 -9.923734491059485463e-02 4.646670177419673017e-03
5.506719151992776062e-01 5.405767358904509656e-01 -9.206611504969267057e-02 3.547036677810029397e-03
7.882612411123225415e-01 2.534341405378022771e-01 -4.615489879807011669e-02 1.529751788107931113e-03
9.841516470513981263e-01 2.414061386003007736e-01 -6.438728415606778666e-02 3.919369647182852252e-03
1.290011493568477441e+00 2.324121198418984680e-01 -1.007209072566528363e-01 6.247497251278412433e-03
2.411178568447446269e-01 8.753786967755209369e-01 -1.935372502286116791e-01 1.054677910780088719e-02
5.285065911247748272e-01 5.662379430902295674e-01 -1.219922726066222374e-01 5.954906875742286242e-03
1.070616068068970250e+00 8.596080865251778946e-02 -2.839782175334999020e-03 -1.101630334696460361e-03
3.478645648498279730e-01 5.542982618989440446e-01 -9.250012588656530976e-02 3.783719368546911797e-03
5.281427003089862460e-01 3.494538902371931988e-01 -5.012294187140543117e-02 1.540400517231979181e-03
3.434190029385775778e-01 5.004188649996987870e-01 -7.060854446223580050e-02 2.310461256080319475e-03
5.845886118985855751e-01 2.977331186088896242e-01 -4.602599991961673492e-02 2.060672312303230089e-03
9.496943910405649669e-01 1.283039576477103261e-01 -1.979349775707765768e-02 2.478669640237180730e-06
4.631346237384909026e-01 3.108620292465824608e-01 -2.846738179546726838e-02 -2.571882043842080626e-04
2.035205840860651594e-01 6.095776331892245326e-01 -9.436127770889696231e-02 3.814182428549959137e-03
6.186659305955323207e-01 5.763257228001488208e-01 -1.357799196553656218e-01 6.893891931649204913e-03
2.938195995087021783e-01 6.147507852255417182e-01 -9.082172428184806523e-02 2.918047768136006193e-03
2.723615501468822919e-01 7.328058939029054031e-01 -1.363339032367360537e-01 6.801192118981732627e-03
2.709336548894282770e-01 8.810688581330953228e-01 -1.879122046233426269e-01 9.395520714722818342e-03
3.892351968055928202e-01 3.563199696573616793e-01 -3.702295686270049707e-02 4.830105169498548562e-04
3.851761416753288203e-01 4.854621785799833056e-01 -8.229352155454656981e-02 3.903148203805236957e-03
1.111806183265855674e+00 9.564762550685144971e-02 -2.497700482809183872e-02 7.829703990531118639e-04
3.316622541679108971e-01 7.863817084052900919e-01 -1.654310631438975498e-01 8.181614290010928714e-03
9.922664782719858856e-01 -1.094840543971047075e-02 1.340662683222930765e-02 -1.237380194114379899e-03
3.038568054059820889e-01 4.413637751344193783e-01 -5.060495303424985408e-02 7.766997310067234135e-04
2.652170098684074606e-01 6.632164759816616684e-01 -1.173946910042882041e-01 5.053698307828919170e-03
2.116508589389343997e-01 8.975286251621279465e-01 -1.907112793940848872e-01 9.983336681147725669e-03
4.120654810660112077e-01 4.529200153098066339e-01 -6.721911942957475850e-02 2.052666535250550778e-03
4.192364293354571281e-01 4.855934710240064067e-01 -8.111330500214064543e-02 2.942716191475869617e-03
9.803204466078904167e-01 1.644550750608682055e-01 -2.692073221118162704e-02 7.954685284577165186e-04
7.694968485207986930e-01 2.817597010742872166e-01 -4.489437224451151009e-02 1.501897091995413542e-03
9.394744118302286173e-01 1.203607061090808256e-01 -1.280527420741655806e-02 -1.905338853450392787e-04
9.173961526646088327e-01 3.416298341240039255e-02 2.187792635113712091e-03 -5.330956433117532917e-04
9.899219766515523489e-01 -3.981864212295700006e-02 1.936351290803372052e-02 -1.643310983368438368e-03
3.591302032031341018e-01 8.266644196875041484e-01 -1.849791795987605625e-01 9.837235318326616532e-03
6.733959827557572941e-01 3.772335823992450932e-01 -7.867339299824134546e-02 4.261555284660408296e-03
4.119992903846144694e-01 5.805549908880029975e-01 -1.144593337053914361e-01 5.500412893112740544e-03
2.852659814318956322e-01 8.965540157999776216e-01 -1.987893395871006275e-01 1.070631112327168760e-02
1.125517124675900815e+00 -9.905905483181913496e-02 2.249299401229299875e-02 -1.373517581380048367e-03
1.057479617749059964e+00 2.332268096748245714e-02 -2.574054797387871543e-03 6.889662558195427987e-05
6.897487891771795221e-01 4.820213296533882308e-01 -1.196202958099610858e-01 6.975219015833649013e-03
7.468217391997228338e-01 1.937334206208016774e-01 -2.377742856115514294e-02 8.744654608348281127e-05
5.708047695598232885e-01 4.415210110204891292e-01 -7.805110828632824682e-02 3.559958894581748308e-03
3.490196187710939424e-01 5.030862184912894275e-01 -8.437281622452169616e-02 4.144441804374868372e-03
5.711436933280433781e-01 5.511495279421233517e-01 -1.133492834613641642e-01 5.474186090575777590e-03
3.575609525052256266e-01 5.522826336478601217e-01 -9.140935055535136244e-02 4.154848017345478400e-03
4.028132858474777755e-01 5.216455387599066018e-01 -8.501165902181985479e-02 3.629741402538676134e-03
3.297781256785539128e-01 4.858235514460663151e-01 -7.718423197936219449e-02 3.446347487333838860e-03
3.928875003059258408e-01 6.292474198938311503e-01 -1.120075915303207631e-01 5.412125320083290003e-03
4.946016855777923826e-01 4.890278309143633595e-01 -7.586828496739758676e-02 2.821833199767009078e-03
2.125139310573025131e-01 6.488316417492162591e-01 -1.095848443189067628e-01 4.850437047035180416e-03
4.813714021389031150e-01 7.291788742100310250e-01 -1.606701363721874665e-01 7.879015738309624872e-03
2.211022378297697322e-01 6.623769838530446652e-01 -1.039387732305289552e-01 4.149717995328012533e-03
7.833263702879134094e-01 2.850701464216277015e-01 -5.625432984243906170e-02 2.330780869329148776e-03
9.975599800994492394e-01 2.160487655528776918e-01 -5.692615607869276617e-02 3.069655812681702876e-03
2.757929964270538492e-01 7.461990483969869192e-01 -1.508759366795089096e-01 7.598333679892026009e-03
3.196546798158492186e-01 7.084894811299174977e-01 -1.401744144831519601e-01 7.334788594658748530e-03
4.055725621524740587e-01 5.351528231816418124e-01 -1.009560537924547585e-01 4.848691370904199306e-03
6.121619118873887766e-01 4.914142120024456717e-01 -1.075760144691443737e-01 5.686827613951459318e-03
4.459789586123334426e-01 4.534688465974201499e-01 -7.342647572355176511e-02 2.577949333225361319e-03
3.555624356046095946e-01 4.684258769053893379e-01 -6.787312903608132275e-02 2.101632007552770454e-03
3.804271236195844730e-01 6.553374106455208681e-01 -1.345885260073916290e-01 6.986321847317465521e-03
3.363721286516875852e-01 8.371789902215398538e-01 -1.816345678750345694e-01 9.134753620324776585e-03
5.355103736249060553e-01 5.783965530535912780e-01 -1.051703668729723207e-01 4.975887035314276695e-03
2.949575905049048874e-01 5.756933683685727665e-01 -9.899667290898279959e-02 4.839716066081273249e-03
7.527295944182457177e-01 2.623020379481128539e-01 -3.949715768196320614e-02 1.007284678586637403e-03
2.979774277927051962e-01 6.496594315431464262e-01 -1.152994605821293650e-01 4.706461808950936944e-03
6.108158507058685238e-01 5.246360085503201098e-01 -1.001523636376868559e-01 4.737865574173136078e-03
4.020246344786089776e-01 4.460324323362779841e-01 -6.681094160851068497e-02 2.280152963421698889e-03
3.397404333650413388e-01 6.157025115036570684e-01 -1.129828893773553167e-01 4.819854198562921466e-03
5.665471537805589763e-01 2.806519616164536157e-01 -2.982691121554306019e-02 3.225976818825858653e-04
3.836221138225769378e-01 4.278853751628352020e-01 -5.984007268777798150e-02 1.785860857717523967e-03
6.746192892599393032e-01 4.614268869320956590e-01 -7.832387584094427369e-02 2.862587162596548843e-03
2.243115842177372810e-01 6.007866232590711730e-01 -9.531419988659740883e-02 4.158626282898840107e-03
3.189226939423436269e-01 5.765989331182345135e-01 -1.025162106895532027e-01 4.989536284546703185e-03
2.712665391397197645e-01 9.143906580258354122e-01 -2.033385073585388114e-01 1.056542622623747249e-02
4.034947949657223254e-01 5.607106832161851129e-01 -8.696416743255422355e-02 3.268695277521287482e-03
1.405788910209530007e+00 -1.616403515248119316e-01 2.110870032903104654e-02 -1.160173613106801676e-03
1.147202645485751127e+00 -6.653882807517863540e-02 1.634806252832129297e-02 -1.611116127499666317e-03
9.045513082310220332e-01 1.718436470502389679e-01 -3.473637262727585773e-02 9.986489566841069178e-04
8.272243112877833981e-01 3.558649137460825340e-01 -7.789989802561624044e-02 3.311926515825760770e-03
3.329826251385368252e-01 8.696143999952909986e-01 -2.008910074429526849e-01 1.081916120456506876e-02
2.462998130612059078e-01 8.229504589059541964e-01 -1.677152492647452919e-01 8.465609621593581102e-03
6.423891650699732336e-01 4.358925181354539324e-01 -8.351434551995189082e-02 3.314311245089308997e-03
9.892462208469100515e-01 9.258633597670200277e-02 -2.977427921245454426e-03 -1.174325226083096623e-03
6.506812302839081186e-01 4.426623599777049778e-01 -8.506659984648544393e-02 3.644034395152569508e-03
5.757754047566528977e-01 4.445965501428985056e-01 -8.428350076058675755e-02 3.730895796872157801e-03
5.343936638222966939e-01 3.504409090480356537e-01 -5.035598235725380345e-02 1.661413094815301483e-03
1.095120873800109917e+00 -6.269461151661936960e-02 2.037783487603125540e-02 -1.662236863454655527e-03
3.539291143855551880e-01 5.473121525874540261e-01 -9.237582883489550700e-02 4.079789309430433865e-03
2.016325854292055630e-01 6.532833076923824089e-01 -1.063689300007674421e-01 4.563577418305055609e-03
6.425532378009952694e-01 4.275013902283413825e-01 -8.348846526681429070e-02 3.724973333627144053e-03
3.284062539710874140e-01 7.584971244712710448e-01 -1.450666678002276444e-01 6.469481505977215871e-03
1.433537425783520280e+00 -2.039778324258411102e-01 2.341210889965209679e-02 -7.455101898739824318e-04
5.635753510402701227e-01 4.368951225144275252e-01 -7.973485299125933345e-02 4.069213234616448141e-03
2.607549810137396173e-01 5.048198662990279750e-01 -7.248737254709301803e-02 2.790561001490519076e-03
7.115112247043702265e-01 1.684967476491441296e-01 -8.054493032995335006e-03 -1.091890721497418325e-03
5.723887195474035572e-01 4.429082192439792731e-01 -7.171304060183707196e-02 2.386593557156696434e-03
5.811838453566031681e-01 2.308344686471886509e-01 -2.032060310105943124e-02 -1.732995547293028529e-04
5.789793938142923091e-01 2.779590308080579497e-01 -3.480017567628248404e-02 6.774130239038465406e-04
4.796167359302782596e-01 3.971375783027823458e-01 -6.181017100511255330e-02 2.712207803360884659e-03
2.064626652682516883e-01 7.188123348641788368e-01 -1.291247417892923410e-01 6.341130521243030019e-03
4.137138785379806394e-01 6.669852064113952483e-01 -1.411341634178808202e-01 7.163953858685257262e-03
3.492811774875789754e-01 5.518969696265790814e-01 -8.384653102435320193e-02 3.055311413546587390e-03
5.527925603580665648e-01 5.762814459926731692e-01 -1.231329925213016374e-01 6.091372485662611969e-03
2.856972560360123148e-01 8.604321939424806054e-01 -1.889191033440600909e-01 9.526481198184428775e-03
2.483480697039404939e-01 6.430620098226558223e-01 -1.111599181983763812e-01 5.262856824419580130e-03
2.840510457988888460e-01 6.370800374400445998e-01 -1.044079781182017941e-01 4.343937880552374044e-03
7.104826853294473610e-01 4.208653427814755821e-01 -9.829008633878223711e-02 5.296232212736080164e-03
3.507561083162321069e-01 5.526220333817455366e-01 -1.031198550993021601e-01 5.299957470633236481e-03
5.677753369063414102e-01 5.215188380627605591e-01 -9.954640645788040421e-02 4.228096357696121618e-03
6.722995764378190131e-01 4.384014334725845341e-01 -8.374571285328580306e-02 3.283629196511650417e-03
8.583591068600097129e-01 3.258507014995247753e-01 -8.352986630096702336e-02 4.572742462679616274e-03
6.303710213574855725e-01 3.544757109735964251e-01 -6.434956324751874013e-02 2.696789739568632681e-03
7.205869049781246094e-01 4.187405286681648575e-01 -9.841451043272758659e-02 5.324045359899613923e-03
5.950126485715656610e-01 2.635179573192768521e-01 -2.783223142028308852e-02 1.554530901452321032e-04
7.595532904370629890e-01 3.357611252843040184e-01 -6.434000956642911551e-02 2.360518830686463444e-03
2.918525971373220895e-01 7.350945762087852664e-01 -1.433235204376023253e-01 7.237024564365020750e-03
6.801280968456715481e-01 3.976814132463517004e-01 -8.382310785422696087e-02 3.797562592197713596e-03
1.280278686874843252e+00 -2.694110286210461003e-01 6.838708832202045063e-02 -4.620287252677511558e-03
3.919726154401694251e-01 7.271290264112773016e-01 -1.535146676547339550e-01 7.301062905226998051e-03
5.348998650741487726e-01 2.686727776196556339e-01 -2.582404780205828365e-02 -4.678947547371271822e-05
6.174330324187160546e-01 1.675653879847873451e-01 -2.201393006404181874e-04 -1.652820171046773257e-03
3.807578688765017039e-01 4.443996539967848269e-01 -6.580280934508209167e-02 2.347578755066209548e-03
8.374722745511277155e-01 1.596958158266925942e-01 -2.081257178104644126e-02 1.669162405021061037e-04
5.380549468221420550e-01 5.318953390805097881e-01 -1.002020976288496845e-01 5.146797751563421570e-03
4.017379120171044038e-01 6.781296428664020937e-01 -1.394607688299480397e-01 7.137896136646349095e-03
4.323514228337543286e-01 4.942650352161240823e-01 -8.227644575263758087e-02 3.351999800477885403e-03
4.837973961201124662e-01 3.125740339627356978e-01 -3.311734120653597735e-02 4.139829116485910579e-04
2.455002107342305617e-01 6.084010962912711484e-01 -1.028673430153849017e-01 4.890203277383503404e-03
9.247634511538634916e-01 1.735063922299615868e-01 -3.358649724830846395e-02 1.557163902971583653e-03
2.636151266618832478e-01 5.488634220644493800e-01 -8.768584920650183967e-02 3.802615115586857001e-03
1.047502186265055091e+00 -1.067939819905869975e-01 4.095252743388633904e-02 -3.349124599982666612e-03
7.874634749196365302e-01 2.488560892205862740e-01 -3.627752988315029875e-02 9.958079442081619898e-04
7.625372387169183641e-01 2.644960071583757344e-01 -3.721911314812647448e-02 8.677419319449540406e-04
6.750802368086563643e-01 3.758308950397644677e-01 -7.292782237409858870e-02 2.826591661171264699e-03
6.409620096006513057e-01 2.614459308481885680e-01 -4.188882042959207741e-02 1.885205669165820885e-03
2.311178299413393644e-01 6.749052922943721278e-01 -1.157605222472433137e-01 5.084058930286680829e-03
3.027689948330766212e-01 5.440651671876705064e-01 -8.470205408163539174e-02 3.181417545209887406e-03
5.192804873845892066e-01 3.220789844307486716e-01 -3.854718113654369283e-02 5.592792809686913296e-04
2.938617435789083743e-01 6.508495456417596747e-01 -1.192791693166675576e-01 5.512786954730050648e-03
1.214780981246918801e+00 -8.894257220302502487e-02 1.828023751483839193e-02 -1.724840922564077703e-03
3.050613163031883901e-01 6.591730022614815665e-01 -1.246087612222100544e-01 5.759821418383156283e-03
8.513819522912411397e-01 2.927188535097945410e-01 -7.390277252112065209e-02 4.298529692566706827e-03
1.034721076907705539e+00 1.028438367936160419e-01 -2.502061183921944557e-02 9.761884410895827315e-04
2.798319674606505325e-01 5.691535635573222729e-01 -8.535046826394163122e-02 2.972512713838183947e-03
4.084624471506669852e-01 5.422342506242014970e-01 -1.031382037379325184e-01 5.236246284270475171e-03
5.284789026395161349e-01 2.599316079250638123e-01 -2.111722377709280077e-02 -3.682557880212957357e-04
6.486055017158226521e-01 2.988861847395136162e-01 -4.277216691442430746e-02 1.042750767378771478e-03
1.145669387775164472e+00 -2.540367761720634110e-02 2.448204367799803466e-03 6.256709954565679160e-06
3.861458668289743934e-01 4.737469299133175160e-01 -7.181318749483567299e-02 2.589441229666022797e-03
1.340523403329751506e+00 -3.135599563150018865e-01 7.132211753994956160e-02 -4.408240837007116296e-03
6.738534374128983817e-01 1.410974427797698771e-01 -8.189920765320585173e-04 -1.245599194691216285e-03
2.037190578738552749e-01 1.006930986147188900e+00 -2.301936586532515872e-01 1.229244118360358837e-02
6.922172077238998300e-01 2.354244443778208684e-01 -3.002394924750716870e-02 3.610090131085505667e-04
7.275143408231785624e-01 3.205842828955006718e-01 -5.334045939339743247e-02 1.831251287801239106e-03
9.620214707886044492e-01 1.277663632027865037e-01 -9.609322701428432700e-03 -7.716436059252310218e-04
8.544840872119022768e-01 1.313074676663767149e-01 -2.293030699446907753e-02 1.207460250618961825e-03
4.707404288731373843e-01 4.149242720970736098e-01 -6.782542863857136950e-02 2.997739935368644651e-03
1.153788641472150100e+00 -2.673935454573515835e-02 1.970621712622812674e-02 -2.288555336863411140e-03
9.971919335629567671e-01 -1.113600301024312081e-02 6.142165655741558053e-03 -2.953245654654944362e-04
3.746299222049819799e-01 4.734962057924511081e-01 -7.359052271846555637e-02 2.808930709895695460e-03
5.844695863253204227e-01 4.418442506985691409e-01 -7.277254836750965405e-02 2.808374521690119256e-03
5.531913766630178753e-01 5.246905850654723924e-01 -1.031103548591664060e-01 4.583943595270494401e-03
3.508254747891249026e-01 7.038210806505751371e-01 -1.413658407705418452e-01 6.682594630418462259e-03
2.409231023864858434e-01 6.753596961922879727e-01 -1.289822096239257865e-01 6.685685153119883331e-03
7.908774704398985333e-01 3.786302733991723790e-01 -9.625759361140605319e-02 5.670002908095020562e-03
2.062672473517843108e-01 5.382139657100204477e-01 -6.451825795708372724e-02 1.340026370180957523e-03
3.979532439637187835e-01 5.029088413388457246e-01 -8.451554662104611426e-02 3.393303097832671509e-03
3.655639605037497852e-01 6.640229818047147514e-01 -1.189316674936012341e-01 5.091010901800438124e-03
5.817290439797185853e-01 5.143880883554167172e-01 -1.043791681908589619e-01 4.751872063209007339e-03
4.925020843593548858e-01 4.872602660493816629e-01 -9.143158445000018619e-02 4.744032274765054916e-03
4.698805970907223295e-01 5.033708621651161730e-01 -9.593490713958828520e-02 4.869922179193068856e-03
4.031768010817736725e-01 4.641017865027564082e-01 -6.913960098872080906e-02 2.189279776829108990e-03
2.077768862730383637e-01 5.510877141613317320e-01 -7.836652913276850874e-02 2.653649782582138961e-03
6.984829200572627572e-01 3.979567922657765711e-01 -8.001819383571133482e-02 3.926609409519630188e-03
3.428099020898561777e-01 6.992805232331428256e-01 -1.326170010515546061e-01 6.670827926693556793e-03
4.646284925545739464e-01 5.119674542408404472e-01 -7.549743500769465210e-02 2.450854116789208652e-03
2.376007515823354843e-01 7.674697794334339740e-01 -1.453715602885715941e-01 6.956457240937720388e-03
2.895272911867636245e-01 8.499943741542891340e-01 -1.779003672787987100e-01 8.627783075649422470e-03
3.952151146183720543e-01 4.227097685928727366e-01 -5.675732890274016312e-02 1.741159322797134227e-03
5.012992661595757626e-01 4.802453415325476649e-01 -8.761030536912595146e-02 4.301473882804433824e-03
2.555015990730185038e-01 5.604174827061323416e-01 -9.101327129264104310e-02 3.886239890948467880e-03
2.314953715717037175e-01 6.267125839302922774e-01 -1.044504567202148154e-01 4.497202183818781868e-03
4.749591646761681663e-01 3.510391553925925057e-01 -3.863426151118464630e-02 3.483947533539840931e-04
7.753905391929697410e-01 4.200565582570742196e-01 -1.024164056641400228e-01 5.406747150829699367e-03
5.043223429061902685e-01 7.868862223975038317e-01 -1.977236188045288501e-01 1.141997333836816848e-02
2.270789875589397655e-01 5.852923753007061025e-01 -8.568219517409782215e-02 3.045989798970871482e-03
3.479597102447360424e-01 8.058391698019564675e-01 -1.740370936854115091e-01 8.896697212989421524e-03
5.360865519910195109e-01 5.190564297619979506e-01 -9.183734651661998316e-02 4.146019702295960889e-03
4.923230798000519104e-01 6.036023106230915536e-01 -1.270390025232362441e-01 6.287291859552898016e-03
2.907309586259142486e-01 5.520744866506080983e-01 -9.298538568883712996e-02 4.437307587632681807e-03
5.828478665571162898e-01 6.270485022318695867e-01 -1.479305048632779951e-01 8.250599188148501073e-03
6.309179450768390707e-01 3.720031519520388685e-01 -5.762574796636399377e-02 1.717180967732441065e-03
3.497239384140387042e-01 9.056906481028387246e-01 -2.093156616694557270e-01 1.109398286903602766e-02
2.501147424780816864e-01 5.170137949799846755e-01 -7.937741819890069273e-02 3.522956629001997454e-03
3.950525800436717749e-01 4.336452211176003990e-01 -6.778490236586529050e-02 3.037835948205496774e-03
6.780792709685705688e-01 2.174929203635578012e-01 -1.630012911710674098e-02 -7.397453938685988545e-04
6.548734364864521318e-01 2.609454470685215188e-01 -3.467057867331100468e-02 1.072131797171510265e-03
7.603546742133258096e-01 3.654779773556223188e-01 -6.021441514022628921e-02 1.913185545814281548e-03
3.373685314136291025e-01 4.939823359426291915e-01 -6.883366433807780460e-02 1.911166251954004702e-03
2.171631033410256484e-01 5.962324034308492671e-01 -9.803682566353126571e-02 4.446326709736346527e-03
3.731522986851664170e-01 6.607723051891772892e-01 -1.279621067821672398e-01 5.872863585001484622e-03
1.128731688403020073e+00 -6.118935544383485858e-02 2.853760806709023171e-02 -2.738746294080287268e-03
2.040231948669075646e-01 8.029854839126847610e-01 -1.623124351738255700e-01 8.274254975505483667e-03
5.831775180163104588e-01 4.535483015943489460e-01 -7.739726410856402616e-02 3.511024951164122034e-03
2.890094764955201678e-01 5.632833035495675711e-01 -8.201983574096836926e-02 2.871101955446873563e-03
4.189570809142442176e-01 5.000945066033788411e-01 -9.312439148032786163e-02 4.807234937273233491e-03
3.721564287874464805e-01 6.815739864399563697e-01 -1.386577702184344507e-01 6.431515773516331344e-03
2.054035964110254853e-01 8.913736936929085308e-01 -1.921649763511465714e-01 1.020835316680195927e-02
1.027475846524957159e+00 -5.913394856609904306e-03 2.165349897227536197e-03 -9.806994604766032151e-05
2.045982205687872368e-01 5.909451816209591035e-01 -8.667277023797265167e-02 2.854627012781683470e-03
8.510200722027078113e-01 1.977777926886173099e-01 -3.982481165649879445e-02 2.003299628701794236e-03
5.055195380218647783e-01 3.092838711272964947e-01 -3.468452588628418570e-02 6.282503002013243134e-04
5.581421444051278824e-01 5.109195447776565535e-01 -9.329288630833622309e-02 4.066442839405492136e-03
5.032830365002106676e-01 3.373074851402445007e-01 -3.460884904054911670e-02 1.449578464135755685e-04
1.221768382523246377e+00 -8.598270851273966120e-02 1.702312322933624902e-02 -1.142321958433307506e-03
3.294140562208770495e-01 5.259168455693168376e-01 -8.112595834553115726e-02 3.090966580979463002e-03
3.177138149354840624e-01 5.952580337740432936e-01 -1.055514618256337550e-01 4.982074904222944314e-03
8.303233280228523583e-01 2.779088973914912164e-01 -4.976999296364541941e-02 2.231909814620596042e-03
1.038261879553716849e+00 1.652995221449767571e-01 -4.963484327576243860e-02 2.676441936513313403e-03
6.762116998603465712e-01 2.207277443263495897e-01 -1.876833566087770383e-02 -3.153312617177149034e-04
4.840359409138646485e-01 4.313460696455331811e-01 -6.389316736543385056e-02 1.817833062333213279e-03
3.860379253618426154e-01 6.349585543308478019e-01 -1.275989282588692320e-01 6.324214828235788857e-03
2.171901609019532275e-01 9.466537333949496258e-01 -2.093967669103515561e-01 1.105816266738900329e-02
2.185415434631722831e-01 6.801841590380199865e-01 -1.235998081576022006e-01 5.941442992121840315e-03
6.319902597774774700e-01 3.664371552217151051e-01 -5.756249086781335678e-02 2.161329431908972590e-03
5.020941816770430055e-01 6.341906074128588200e-01 -1.411035723297091038e-01 7.291323100760876801e-03
7.335241172165145596e-01 2.076653963795572766e-01 -3.126618289995210936e-02 1.054535467467850344e-03
2.644567533473526355e-01 5.639908337936888616e-01 -8.805465663781275598e-02 3.721209786381688128e-03
6.668786208554376982e-01 4.311496899835415841e-01 -8.771221573688336992e-02 4.592628142232632431e-03
2.536957074800889056e-01 8.717750695774925118e-01 -1.860761720727576729e-01 9.232481224110864262e-03
7.104309611348995634e-01 3.982210009648704530e-01 -7.411395150613600546e-02 3.602377750023495490e-03
2.407042663032210317e-01 6.786458525249359219e-01 -1.144575948408557559e-01 5.289802476160066803e-03
3.018198060758676693e-01 6.069414059336398770e-01 -1.008484284703047018e-01 4.365217947710881355e-03
2.716907949367596831e-01 6.119765163799855134e-01 -9.956193621552170137e-02 3.780062441675991185e-03
5.435314992334216999e-01 3.500666727710747828e-01 -5.247114930154669898e-02 1.613849345728227179e-03
4.219347311573328763e-01 5.014759062373214116e-01 -9.303627802845430839e-02 4.696302441364409719e-03
4.144206782806017508e-01 6.504536519092359859e-01 -1.262387566945832318e-01 5.826796332929026767e-03
1.167358033459705569e+00 3.588828791532314155e-03 1.167740657241598395e-03 -3.454815312656874969e-04
1.501249186808018443e+00 -2.693901190516450606e-01 4.403577528948193764e-02 -2.414872202463191810e-03
2.253327928801313884e-01 1.008023912888956763e+00 -2.353430861080898773e-01 1.300413397619514314e-02
6.945598239941767060e-01 4.428901713712319332e-01 -1.026670398794798794e-01 5.242242689775060242e-03
3.928760982252420542e-01 7.016597908388524374e-01 -1.504151186160146703e-01 7.645076526358948396e-03
9.163796653508354817e-01 2.388386413873706537e-01 -6.237114628888890122e-02 3.546196289587314789e-03
7.992637774435891185e-01 2.848227124375453667e-01 -4.882130048621529522e-02 1.994563491344896605e-03
2.985600398911557041e-01 7.830989211229009150e-01 -1.559187910191720539e-01 7.996099925256782218e-03
2.517937401469484970e-01 7.043463928594857482e-01 -1.310461876612441234e-01 6.003622604169329274e-03
4.003097096528883125e-01 3.869172392111160930e-01 -5.185067997027398290e-02 1.826853477597200097e-03
4.172848759537391983e-01 4.782551076198369722e-01 -7.330137063274000386e-02 2.875801907947452777e-03
3.544156686486210628e-01 5.824482945662255995e-01 -1.027183921077629986e-01 4.691405686266195835e-03
8.616197335277702152e-01 2.463641688286619669e-01 -5.240178410624579675e-02 2.504906021433795163e-03
6.043919983737457979e-01 2.730973776025518163e-01 -4.008022065229661923e-02 1.569342370212107977e-03
5.097241636420567490e-01 3.469356115579844690e-01 -5.651831452445240517e-02 2.837963321468269309e-03
1.013723479286402274e+00 8.712867055321255050e-02 -1.925140239725714811e-02 4.259866966244036670e-04
7.830693137054431929e-01 1.983625968103017168e-01 -2.737237546619448667e-02 8.374210820074355415e-04
4.854145772436271877e-01 6.082532712589648893e-01 -1.185705681951058771e-01 6.006484567853379204e-03
2.769868673418408589e-01 5.738239554530996100e-01 -9.720194267850924830e-02 4.375057436091909883e-03
3.966334010242686947e-01 7.577546663637886315e-01 -1.552506071576817137e-01 7.818510598961296229e-03
2.940322966475451549e-01 8.145300359916037847e-01 -1.725362540924859078e-01 9.279137284327764260e-03
2.746488279534030075e-01 8.548158346623589976e-01 -1.892314708783529309e-01 1.035889893365798085e-02
3.970109868438428946e-01 8.994203247741916485e-01 -2.193999497531080867e-01 1.243229351376437183e-02
4.736954834364854316e-01 5.044173857849471032e-01 -9.151600011367104492e-02 4.214035178455804477e-03
2.650276142659011014e-01 5.584082504579988004e-01 -9.040953088960812511e-02 3.946713151573244538e-03
3.263610150115507924e-01 4.809328054533916763e-01 -7.456261399493008257e-02 3.352262525648940991e-03
6.466196079719617185e-01 2.189406484673658004e-01 -2.366053602363258831e-02 4.004926946445268635e-04
3.623789551047121860e-01 4.547728135321021381e-01 -6.614259609317113542e-02 2.443185689108480843e-03
4.991550156452583265e-01 4.243519933624735896e-01 -7.080023850492428439e-02 2.727157851485518831e-03
5.162115918477762078e-01 3.011668637637345824e-01 -3.649688451106176262e-02 9.688321562537516741e-04
5.766046946136794693e-01 2.664963100222272341e-01 -3.090907347455320101e-02 7.188235586566905141e-04
7.568770617639534182e-01 1.624318526513004735e-01 -1.885450851598156549e-02 3.057046912336083963e-04
8.272236147754782332e-01 2.230397034089242059e-01 -5.028815438617505879e-02 2.908309811960228634e-03
1.012233023537058907e+00 -2.968921599343795140e-02 1.860414108899560368e-02 -2.101825387699327811e-03
4.821100943060346311e-01 3.719950710274358419e-01 -5.587789067244256641e-02 2.189787754779542149e-03
1.161341217188661901e+00 -6.190637681140545578e-03 -7.625684880710110504e-03 7.404134869020962111e-04
2.605276809465930099e-01 5.533692912762037119e-01 -8.497934715621409396e-02 3.457090035047067147e-03
8.224384842689113073e-01 3.239960876721508232e-01 -7.926094245584380804e-02 4.636303204767201064e-03
3.815720502751424048e-01 6.528938332781396570e-01 -1.324582350738990610e-01 6.240380246327943518e-03
4.482924368191040787e-01 6.466849202707568578e-01 -1.394362093901672095e-01 7.102732759851104402e-03
5.819872614510083197e-01 6.056711308072307842e-01 -1.460928910746113474e-01 8.315780745191325360e-03
5.108318270776283088e-01 4.887892590555558137e-01 -8.926671833887524221e-02 4.284976633242243600e-03
2.992784912809590137e-01 5.031885822482378146e-01 -6.870873958668347048e-02 2.255462365612413353e-03
1.102695581811904635e+00 5.712984149683429658e-02 -1.387047625867813584e-02 3.573593945218369846e-04
7.652844085945529340e-01 3.136058985173171276e-01 -5.534983477474827301e-02 2.143284849574501535e-03
3.551007544734643417e-01 6.942782527629055567e-01 -1.316082977882752358e-01 6.101184560852031431e-03
3.257317907226175424e-01 5.932162815340908946e-01 -1.038899459803836606e-01 4.658573805261191116e-03
2.398791765253412700e-01 9.051555093161558485e-01 -2.041988692503483305e-01 1.129428969650411035e-02
4.845797412365028811e-01 4.852245796062136241e-01 -8.578480185941689262e-02 3.266962630501238016e-03
1.400302354396205429e+00 -3.243536101197478372e-01 7.361096423271248912e-02 -4.741357954216864241e-03
2.828204568490334525e-01 5.197363534985224298e-01 -7.824013168858472145e-02 2.895197429448568682e-03
7.812111434534562138e-01 3.084831626808139937e-01 -5.489313761491225463e-02 2.523681370537279086e-03
3.518949837293557370e-01 8.585326757309557077e-01 -1.928370745350674875e-01 1.058148922978699273e-02
7.894796544708647668e-01 2.432775811015585321e-01 -4.015935886386651221e-02 1.383399516658185852e-03
6.185055855056820207e-01 2.751185002808486102e-01 -3.734339770452466123e-02 8.586939209814570045e-04
5.473104291331187810e-01 3.919062356567086236e-01 -7.186559740650266814e-02 3.504681942889983047e-03
4.770107246082875285e-01 4.957659137983100872e-01 -8.223669601133247464e-02 3.009251161918282281e-03
5.491143337675362668e-01 3.211780531665736627e-01 -4.691356022483467170e-02 1.855068907864583505e-03
2.773459853526996088e-01 5.930259171892785508e-01 -8.830297651088125921e-02 2.976447882191732980e-03
6.191644984573085875e-01 2.709071613827865876e-01 -4.111557729382325083e-02 1.830221697526422404e-03
5.606989640696478094e-01 4.433197887190183373e-01 -7.512777089834905830e-02 3.358959594978306110e-03
6.389469173040983607e-01 3.630637442265399750e-01 -5.325137665357627254e-02 1.590124430970957540e-03
3.784241880626806331e-01 5.527891028881256608e-01 -9.837926053852780184e-02 4.180365989226371079e-03
4.125005952844013057e-01 4.573316618045016879e-01 -6.903224160278774446e-02 2.231985707021120167e-03
5.796601794692294307e-01 4.650258526323547414e-01 -9.127236674325438226e-02 4.636327944603095379e-03
9.946523510884041075e-01 2.117708019883496884e-01 -6.362908926318965042e-02 3.803623054759200980e-03
4.804261908984502338e-01 4.056579277321584187e-01 -5.460007040244169857e-02 1.500681582771775085e-03
7.260079061431419234e-01 1.875269700677051066e-01 -2.204381876123844008e-02 4.457282433832022626e-04
5.855720959904844314e-01 2.462939622739987733e-01 -2.350854974331312644e-02 3.588065981815509843e-05
1.310561306458515540e+00 -1.495090770597732321e-01 2.733367827342690279e-02 -1.490281462972050438e-03
7.898239418889918539e-01 1.369907637598937467e-01 -3.578044738833163763e-03 -1.220341372800828623e-03
1.008014240918457149e+00 7.156337916399220511e-02 -9.682961599020335416e-03 -1.325905137730485489e-04
8.296711193784108707e-01 2.140829104627829105e-01 -4.596811170578411765e-02 2.684995728061951789e-03
4.188316193530046139e-01 3.804408098083290612e-01 -4.776597052939983434e-02 1.235747827228423495e-03
5.750545945888928534e-01 4.108429043323129637e-01 -5.358602406082404318e-02 1.065022462232741119e-03
2.011636157187891294e-01 6.066124679234704553e-01 -8.510128172091797893e-02 2.724613896837848638e-03
6.586702532952064537e-01 3.442550976015084641e-01 -5.516433999964705931e-02 1.825885893897576800e-03
3.406152018594874598e-01 5.937856233755681723e-01 -1.142565067937059142e-01 5.812479861516663300e-03
6.745423262574488099e-01 3.193423120321211006e-01 -4.542498239790451059e-02 1.400087673705021837e-03
2.292599640220140400e-01 5.925514789223192968e-01 -9.859642102441210088e-02 4.385725921439948688e-03
5.255011946203007600e-01 4.040100525815332744e-01 -7.045837654677193640e-02 3.426618726773719963e-03
3.160815808187082965e-01 5.394372426011370125e-01 -8.630359681622160051e-02 3.220548456514508648e-03
4.981669011939971470e-01 4.411315219352188732e-01 -7.872183302984289699e-02 3.393106035064313332e-03
6.487662566341727555e-01 3.324743515295670582e-01 -6.622355870762687557e-02 3.595332004640864210e-03
5.496456136285525762e-01 2.956527522805944552e-01 -3.491699610020259498e-02 5.163270918414303128e-04
8.684950156707590407e-01 2.754439513156956010e-01 -5.261905230648736276e-02 1.951152465259125548e-03
2.205250492453513234e-01 5.928111298497440451e-01 -9.382427989964176041e-02 3.702359138725656949e-03
9.965988163361736429e-01 -7.939309973008313107e-03 1.591825506589314432e-02 -1.787918260128742000e-03
5.683787446524338760e-01 3.574727388748109025e-01 -6.262320066910180560e-02 3.209410884339496811e-03
5.757305852512901723e-01 2.936435867381460563e-01 -4.686369104300536215e-02 2.366812701103203961e-03
2.962349339733698628e-01 7.506990390903166555e-01 -1.415300812333134262e-01 6.513221273694692372e-03
8.283353383591935959e-01 2.886177314155943252e-01 -6.252354496574243081e-02 3.447280081707749556e-03
5.498700348904688173e-01 4.458279410600147208e-01 -6.637193896033503904e-02 2.005639881304198489e-03
6.714657851518033294e-01 3.056863383095411169e-01 -5.623667989118880800e-02 2.921453102997846000e-03
6.477912193135562102e-01 4.897290215210223230e-01 -9.218818412090964975e-02 3.682639870634002530e-03
3.720094006799584685e-01 4.249735524048137703e-01 -4.678302158989820769e-02 5.449091634667985792e-04
5.669391788252871045e-01 2.348578178018809470e-01 -1.494798964350779052e-02 -7.389819972215209542e-04
6.973476374439289138e-01 1.332928388813580112e-01 -2.215572807428919152e-03 -1.059889018466017617e-03
4.456489378218240760e-01 4.359408153127374286e-01 -7.074829490000464349e-02 3.266481683995558008e-03
5.866919062855884270e-01 3.111030479906343738e-01 -5.387833527207113588e-02 2.803704621747584586e-03
1.004696599548729585e+00 1.266274519399752663e-01 -3.062935918874237773e-02 1.234609385351663133e-03
1.015265732719371039e+00 1.110478223654765839e-01 -1.095609287738100006e-02 -4.362989577229052160e-04
6.248685420188261341e-01 3.876232671462284118e-01 -5.517762410826739655e-02 1.427471535374710094e-03
4.356818668797691196e-01 4.995040478667417405e-01 -8.645923660492320362e-02 3.548851964611794956e-03
4.381331410973127727e-01 3.861555054202321369e-01 -4.954313398171734939e-02 1.154467268274649407e-03
5.617909067242988774e-01 3.809252415393614144e-01 -6.397349311862107757e-02 2.458201347876995142e-03
7.349675627949987522e-01 3.407898432963389346e-01 -7.311446073165660253e-02 3.413314422881091447e-03
3.554267736797341315e-01 6.799330889918460130e-01 -1.383925041044891113e-01 6.863992497596940398e-03
3.841030174953837806e-01 4.349451557562566961e-01 -6.395564942313256007e-02 2.274228706282296203e-03
2.886504331818683933e-01 5.992947446213106044e-01 -1.101198652140115419e-01 5.480113174088248156e-03
2.088265629657269640e-01 5.529068806329213714e-01 -7.664859951351993272e-02 2.308989325181834158e-03
1.018310814641059103e+00 -2.977662084406472801e-02 2.213728813694974124e-02 -2.178814140489867841e-03
8.042372374190772666e-01 2.187437600696996720e-01 -3.142803817245849035e-02 7.636657947170715161e-04
3.779507793005850158e-01 4.823013481457064100e-01 -7.742164472109869244e-02 3.141482891584542001e-03
7.485980385952432092e-01 3.511610038161590563e-01 -6.379181578637721506e-02 3.081205539171215976e-03
6.818678176652763767e-01 4.386324919338763784e-01 -9.452528203927546002e-02 4.478835219892680908e-03
9.210336808189326652e-01 9.902263068840506943e-02 -2.668374084787850185e-03 -1.083279512290072702e-03
3.653663305513406567e-01 6.211489256000883863e-01 -1.213939812159288423e-01 6.174450970477740434e-03
4.387016673768215913e-01 5.715758611023045166e-01 -1.096913926575208836e-01 4.874187762401807796e-03
6.883929449915094922e-01 4.152913795512296891e-01 -9.245820557789242999e-02 5.205185229439920382e-03
4.517301357670184259e-01 4.907607613615688757e-01 -8.975404226744326808e-02 4.108828339930543916e-03
6.640552810582980303e-01 2.417011388788661286e-01 -3.232340890472906736e-02 9.589797563988942519e-04
3.042578508537505666e-01 5.238838839872950182e-01 -7.569860102307149341e-02 2.716415226734938786e-03
8.015533108728258860e-01 2.943958666307420202e-01 -5.660917711949788739e-02 2.390425327924447854e-03
2.775002580719910794e-01 5.283731328326360943e-01 -7.858559375228478527e-02 2.873726152100643770e-03
2.000005153633243882e-01 8.124944274984668979e-01 -1.490201029101278773e-01 6.530707917567757197e-03
7.611433083102372432e-01 4.099840604146048895e-01 -1.007978882078800348e-01 5.384030891644673612e-03
8.073276716311176271e-01 2.445828552639678910e-01 -4.714158352216691467e-02 1.514722707413728754e-03
3.714486934006948071e-01 7.995656969763129673e-01 -1.826911957403290487e-01 1.005496335427931952e-02
1.050697508135202796e+00 3.745206272725080943e-02 -3.968737396773753569e-03 -5.492408468992936339e-04
4.758897166305102178e-01 5.171106312295807861e-01 -7.624803500371474252e-02 2.271393982096554711e-03
3.537531886256868319e-01 4.023901528638146319e-01 -4.519741596058560879e-02 5.653490127213085283e-04
3.371402335284444662e-01 6.898492599779553203e-01 -1.336436756506632351e-01 6.485360427614305853e-03
3.007678806234561630e-01 5.489134647362651220e-01 -8.157873830258553782e-02 2.643462465509878543e-03
4.128542906682196589e-01 4.747747420650020866e-01 -7.692265781158862115e-02 2.676355102908151238e-03
3.899370969820024624e-01 4.412459865705283257e-01 -7.169770514210835333e-02 3.345032406137750554e-03
2.256084984142935901e-01 6.879222839993248684e-01 -1.313714347128372706e-01 6.699498574267442538e-03
8.161180652871858898e-01 1.849639608104146349e-02 2.287601117369857107e-02 -2.617343937049373698e-03
3.713791955765508579e-01 7.153172606821132096e-01 -1.521189813478725505e-01 7.879179802927170975e-03
3.482549531372331475e-01 6.374752919185823208e-01 -1.095257665644415457e-01 4.312681937795669745e-03
2.004456779934556676e-01 7.536108384362846246e-01 -1.415530585264785091e-01 6.806566787130844884e-03
5.044710900235583884e-01 6.274197684646212192e-01 -1.206554759431100049e-01 5.417469126491516324e-03
6.102678964750393176e-01 3.855427674069464850e-01 -6.448866115662361953e-02 2.893093652098895074e-03
2.441843785876682271e-01 9.711873963454300540e-01 -2.202056170024988824e-01 1.190594064147768201e-02
7.292147890257740794e-01 3.862323649778348078e-01 -7.405088139096949185e-02 3.339776476183616439e-03
9.964150456628835251e-01 1.849542788765842494e-01 -5.060320161307241271e-02 2.982885740921066477e-03
6.546843858324172816e-01 4.506430089292361441e-01 -9.442294187298716501e-02 4.630765321813464126e-03
3.211323486252183335e-01 7.933151989231010948e-01 -1.692828852231721692e-01 8.263808405583944125e-03
9.799749915270360434e-01 1.622230648166136935e-01 -3.527988193372130071e-02 1.845672494187640487e-03
4.843432282774520203e-01 7.404302165980697348e-01 -1.589354670981025508e-01 7.599540394348307595e-03
5.338222308280972106e-01 6.227147120841324268e-01 -1.317458902388187469e-01 7.116742364297570095e-03
3.940448304850687755e-01 4.478051759755397043e-01 -7.279910728103848594e-02 3.510922061407652922e-03
4.733186194616949005e-01 7.068478590888018775e-01 -1.586370652685286375e-01 8.233781849712195483e-03
6.590149284559798648e-01 4.734977089029692165e-01 -1.076610593563726848e-01 5.924411086092015548e-03
8.457200745177401169e-01 2.684609750790205029e-01 -5.959288489330324956e-02 3.351381582822815248e-03
5.881126776533893707e-01 3.626987720688633066e-01 -5.232441793388224044e-02 1.545287612146135003e-03
6.330205612726216291e-01 2.685442134973148320e-01 -4.414488621184264189e-02 2.115373920066980756e-03
1.013666560309802289e+00 6.735317801467294307e-02 -1.159574407484127885e-02 3.564823202932572823e-04
4.274817396561541027e-01 7.537961892453516333e-01 -1.554811578047230469e-01 7.546885034307553898e-03
2.754284943323039858e-01 7.563527730916355107e-01 -1.405770720282817077e-01 6.267745018945083263e-03
5.655727343115635186e-01 5.369770575072947416e-01 -1.069964486841303991e-01 5.040817764071787999e-03
4.922794932144604063e-01 5.902345691555839213e-01 -1.251153054202658044e-01 6.442039570457770530e-03
7.360032982160891191e-01 2.235230707619353663e-01 -4.044649268229837114e-02 2.185687322595782512e-03
1.071668537754135508e+00 -7.502122858290258267e-02 2.067363989213313533e-02 -1.383676059728493985e-03
1.183653641492506736e+00 -9.433883030862945385e-02 2.052490510961793579e-02 -1.171100628703308603e-03
1.364876039248621220e+00 -1.197308592195163168e-01 1.696777876855426123e-02 -1.416893914868982019e-03
1.231915867121926800e+00 -7.569469835691851334e-02 2.421999426529218569e-02 -2.198745612189222706e-03
1.154622923469996731e+00 -5.824806923123572455e-02 1.183945844019203969e-02 -6.438344740004677035e-04
1.247855588546883165e+00 -7.691318687246605224e-02 8.335018949570128718e-03 -8.721949393971362694e-05
1.113794528401275574e+00 -6.794363823608941255e-02 1.498551497564509609e-02 -8.254282423667275029e-04
1.189446319493288273e+00 -1.163311002249536041e-01 3.064073530730117637e-02 -2.470950913891028361e-03
1.193498087375532091e+00 -1.086468775347221166e-01 2.705220035203278334e-02 -2.074976048808689372e-03
9.168026329217592307e-01 -3.757756879695983016e-02 2.980511903207193336e-02 -2.829818621574366200e-03
9.759925805415088362e-01 -8.540703384938326537e-02 4.093954294803615196e-02 -3.551591709612861737e-03
1.224739343692768045e+00 -1.942361905104396935e-01 5.467836198831262096e-02 -4.051082579888084720e-03
1.037905356246038302e+00 -1.198016750953974224e-01 4.487843254973199192e-02 -3.652001351601856776e-03
1.060264979593124712e+00 -4.830613598986233104e-02 2.249099965836539455e-02 -1.948306465783491981e-03
1.267674435122458032e+00 -1.573077796665819650e-01 3.118460461832734537e-02 -1.882146367784396810e-03
1.064283070324692604e+00 -1.054479652679531226e-01 4.118256657418505745e-02 -3.412587196143756097e-03
5.534942233762907282e-01 3.426745518125005052e-01 -5.214836449129509055e-02 1.790822586370434486e-03
5.476622838323659259e-01 4.140797086516304071e-01 -6.586050766888518204e-02 2.222894875579266207e-03
1.219629020054778801e+00 -1.138165209617501977e-01 2.345089692490534561e-02 -1.375552411141929901e-03
1.116695685295399976e+00 -1.848343525726376529e-02 1.561385644108942428e-02 -2.006873948987462995e-03
6.835087417643009866e-01 3.672804694460252706e-01 -6.281730675284724619e-02 2.524814247942609811e-03
6.205725313344253591e-01 2.640902772274301702e-01 -3.487900543125504321e-02 1.088958591516040473e-03
6.369808318054193119e-01 4.280959724763472862e-01 -6.739030582786247059e-02 2.269094328455280047e-03
5.807768196427889329e-01 3.226049886457394988e-01 -5.015035237307376159e-02 2.142821208315306893e-03
4.782718317032516597e-01 4.694474321630103253e-01 -7.954422071958550111e-02 2.966909169134908549e-03
9.045264049819111696e-01 2.667586929461461531e-02 1.103816315399550399e-02 -1.625148257019020737e-03
6.996840428432116177e-01 3.565492486977725473e-01 -7.014363181403300562e-02 3.239237299798093314e-03
8.025747558293361283e-01 2.580866450550036717e-01 -4.943572679911451689e-02 2.359528189469784973e-03
5.895916669283493006e-01 5.336466626585361084e-01 -1.024354626447482458e-01 5.241643231632264407e-03
6.188465439349575270e-01 6.117705324546764967e-01 -1.386001678093657652e-01 6.749565565121874548e-03
6.535437040524136876e-01 3.359596044833257356e-01 -4.647373688164523065e-02 1.086855461191977255e-03
5.474153875243217282e-01 2.932161285550172192e-01 -3.854284574774064637e-02 1.171402164066916293e-03
5.063312335897508509e-01 4.073447766790431190e-01 -6.859565673947194686e-02 3.192715606113710053e-03
9.815814915837711707e-01 1.113188133344990838e-01 -2.534643842327236052e-02 1.022951877768726653e-03
9.947527616067608491e-01 8.535158888828053847e-02 -2.088038990466620573e-02 1.330307140604410684e-03
1.003265501661626313e+00 2.329823437263808111e-02 1.193701946044180284e-02 -1.760880868284341169e-03
6.089451222552264564e-01 4.498046169422332818e-01 -8.927849118680836193e-02 3.848499461623973005e-03
6.496119894476923839e-01 2.940641416866042190e-01 -4.585885666319454435e-02 1.663625990908436641e-03
5.770914031977439906e-01 6.178626899035973841e-01 -1.461601287728410692e-01 8.048138836623921002e-03
8.964049055836793567e-01 1.764105759582904609e-01 -3.016089933139744911e-02 9.050384935457971578e-04
2.338068270782606706e-01 6.646613407318993083e-01 -1.090272977146605621e-01 4.793064474637083634e-03
8.369912661044982549e-01 3.321262915589860976e-01 -7.400706340893921376e-02 3.950905812779460270e-03
7.146024663861604287e-01 1.861149203403558439e-01 -1.571467872817939801e-02 -4.989016087484059040e-04
3.278777539238991734e-01 6.042205550934441893e-01 -1.137497381206749592e-01 5.690988230077341850e-03
4.409284213860574231e-01 3.828860277752817454e-01 -4.733891687803316872e-02 1.122852187846465084e-03
1.482793143992754636e+00 -2.870081635453666236e-01 5.091333364721514071e-02 -3.193587810374349124e-03
7.965727910516166022e-01 3.213977779405978730e-01 -6.731673330831676461e-02 2.999405527440452118e-03
1.391647591473381906e+00 -9.133849219118685137e-02 -8.016446311272429695e-03 9.914683851899000651e-04
5.735490286920710279e-01 3.531392331328528922e-01 -5.646519915390889321e-02 2.529777718955340555e-03
2.746453171181384989e-01 6.748470654399587598e-01 -1.282125253653519648e-01 6.466018673186801034e-03
1.037070584205781909e+00 8.011970516108329887e-02 -1.728195377146639344e-02 7.196826663198553284e-04
1.057715028946892399e+00 7.247118241967845376e-02 -2.488877858370716969e-02 1.538279057125445251e-03
5.857749954628075351e-01 3.457496996865416228e-01 -5.758196983262415386e-02 2.331398713539407398e-03
7.202120861568305221e-01 1.902077312158491906e-01 -2.530903318058766102e-02 8.593887339764024347e-04
5.870441928060415870e-01 4.566559836029977504e-01 -8.444278525602318120e-02 4.225520878802356377e-03
2.213729490185694093e-01 5.779236612978432275e-01 -9.051486801295688389e-02 3.884917928918847976e-03
7.985618793801910753e-01 4.100033300823997529e-01 -9.961272505235382879e-02 5.676367975209535392e-03
6.862799225422101523e-01 2.688530606418471081e-01 -4.608438315088021070e-02 1.935162322596556709e-03
3.811574489965148804e-01 5.631093473724472220e-01 -1.096125347726840948e-01 5.726321545785703453e-03
7.140657811832614721e-01 2.909121267335554872e-01 -4.024584625712757796e-02 9.451403217433609243e-04
1.183591238091813436e+00 -1.108588051172345601e-01 2.546212013839703123e-02 -1.869478009060973915e-03
3.579875399401762359e-01 8.677518271632899127e-01 -2.026708664804862392e-01 1.081673003403872679e-02
2.884224326032476804e-01 5.805427545394653555e-01 -1.047671945500119189e-01 5.256395898883408323e-03
5.640269454632533819e-01 3.804872212921946439e-01 -6.307771580491050578e-02 2.049226108654396590e-03
4.025793245086844996e-01 5.070403270136630836e-01 -8.543378918719066184e-02 3.734678079763932828e-03
1.235470107737810741e+00 -9.016749404813315105e-02 1.499938468386545661e-02 -8.044955598326746990e-04
2.023756482797345324e-01 7.132700518100124620e-01 -1.273223000318556841e-01 5.443285681059883800e-03
8.735561636273161401e-01 3.874785959283842396e-01 -1.084142334938123231e-01 6.469344807094499876e-03
9.017474760820108903e-01 1.270548193780023927e-01 -1.490110482703561195e-02 -6.507047827107191509e-05
1.490929147216940365e+00 -2.737135848725469334e-01 4.767374548874180745e-02 -2.571971866585710462e-03
4.120911683665722247e-01 4.146220434388263043e-01 -5.838105289944540977e-02 1.917873036200804784e-03
8.347133156966244361e-01 3.645118611353043159e-02 1.538355759639633592e-02 -1.969329805270110707e-03
5.574038138062137326e-01 5.501224939335482844e-01 -9.578575794594858250e-02 3.606130886947377448e-03
8.543759942184777634e-01 2.149667276452126852e-01 -4.970055110420171229e-02 2.922249628315348562e-03
8.302700063788427398e-01 3.038031837032600935e-01 -6.215549856831177611e-02 2.359159559468056947e-03
4.293893300076003783e-01 4.341089494703185836e-01 -6.632013676438813787e-02 2.173164968233068806e-03
8.776899245207806510e-01 2.894773103242108125e-01 -7.560578486085793581e-02 4.327769355191944840e-03
4.439734922882174195e-01 6.359497065979391461e-01 -1.332136225244338612e-01 6.863987455302146025e-03
4.577554275146376583e-01 6.362203394487401242e-01 -1.187385288166374064e-01 5.009722974461888224e-03
5.152180599066245037e-01 5.799236294476494136e-01 -9.947771426475938983e-02 3.903535675151988214e-03
3.934911035299143434e-01 6.420483763945273870e-01 -1.280652667109481169e-01 6.708686537546268078e-03
2.404997889522698384e-01 6.665697133347009418e-01 -1.234478710251371153e-01 6.039888771488561604e-03
2.665163688397492181e-01 6.138270014147757525e-01 -1.033804672085380794e-01 4.879394508308095707e-03
1.362008069957032719e+00 -2.188629789982965701e-01 4.082319030434660573e-02 -2.509918522377939821e-03
5.857875663397719146e-01 2.706292570380339213e-01 -2.495871108804218960e-02 -2.847934166065585861e-04
4.451172857492243229e-01 3.499884248945465681e-01 -4.049779234516444337e-02 6.029757260501151638e-04
2.363886113241656373e-01 6.390808912951213561e-01 -1.048968861779892014e-01 4.441303112194940582e-03
2.535398386232191048e-01 8.341620499997587368e-01 -1.733650601669139424e-01 8.899963032635923796e-03
4.685299122833980201e-01 4.250238027346128766e-01 -7.319006115015755376e-02 3.583725561598227836e-03
9.045481632305290010e-01 -8.973688523565941100e-03 1.968756888592754564e-02 -1.962160281333706017e-03
4.800226082410885553e-01 5.614949191709120990e-01 -1.173293551120661582e-01 6.059928104424148164e-03
4.295357148229282940e-01 6.748235132717437246e-01 -1.421344479597471400e-01 7.615856506254358588e-03
3.914361780325035789e-01 7.455199368713747443e-01 -1.695761939631285631e-01 9.280315745939571315e-03
2.795114697827688066e-01 8.849396970936417306e-01 -1.931994443636007586e-01 9.844730990769216122e-03
1.418388002603122366e+00 -1.291055099270347895e-01 4.385209020438089744e-03 -5.581477239636919275e-05
1.198734064084880480e+00 -8.861580949211468605e-02 2.396616491472695204e-02 -1.763838088942645127e-03
9.894638808642124417e-01 -4.636506198761365660e-02 2.778004168113756139e-02 -2.673165699715774387e-03
2.145547045964498745e-01 7.792466033367371203e-01 -1.588089087228597152e-01 8.286041088927109666e-03
1.160011251321828363e+00 -5.111273012641221608e-02 1.308900455865862761e-02 -9.646241821838495755e-04
8.357770027615174513e-01 2.304130069263558844e-01 -4.526518199910978257e-02 1.527249985473438368e-03
5.885484487566795542e-01 4.728072838634159170e-01 -9.831156184594529168e-02 4.510996860743833603e-03
4.572624971865399957e-01 4.146845205418079328e-01 -5.078506095553903671e-02 1.036420515866132500e-03
3.422173222078750410e-01 5.305937527545233623e-01 -8.100066050666299144e-02 2.935543352186684423e-03
5.738012620864406665e-01 2.928941227601927766e-01 -4.199701377082244724e-02 1.592188288671120668e-03
1.365459556675981956e+00 -2.244330629066313143e-01 4.661497416418560608e-02 -3.201656187972578248e-03
4.922353656254889742e-01 5.065792856775831465e-01 -9.130141459863570785e-02 4.417695386357432287e-03
4.275177261995911082e-01 3.911078966461308259e-01 -5.138244515459503697e-02 1.431911442123919194e-03
1.057205802340172474e+00 -9.461712813165855385e-02 3.203852808893527943e-02 -2.368611476489194088e-03
5.739075465667641263e-01 2.674632067779006972e-01 -2.670235183319320804e-02 -2.495784219139326934e-05
4.095039083939788771e-01 3.494856324822774307e-01 -3.338105867087589468e-02 -2.639413821284866896e-05
8.548291598570497696e-01 1.515976142388712755e-01 -2.601285569163545169e-02 8.178775385221475052e-04
1.206211465269057870e+00 -1.576502586237879533e-01 4.056884260491849803e-02 -3.149989493637038972e-03
8.409583468110745086e-01 3.063244533520908530e-01 -7.605071006726638050e-02 4.123340379768814998e-03
2.175209225264737312e-01 8.096658900393206570e-01 -1.604647463239790295e-01 8.094358870661264721e-03
2.481493968714658938e-01 7.453946145174950022e-01 -1.409624530670371134e-01 6.359896406790719464e-03
9.041137112996969760e-01 1.281414979934504261e-01 -2.729507775622306426e-02 1.617853392451756682e-03
4.281387024296772759e-01 7.258700228260749343e-01 -1.632614085399337889e-01 8.895863388829493290e-03
1.084996912197723207e+00 1.413925151168529161e-02 -5.727710901823866024e-03 3.857932080865997065e-04
9.738500146465900453e-01 1.648625871578506819e-01 -3.432689291741437831e-02 1.090368938634452044e-03
9.318728541428019652e-01 1.638209260047643889e-01 -3.237493084114814734e-02 1.736232106819310221e-03
9.835715114293729355e-01 -1.471156430831748428e-02 1.797310422522857207e-02 -2.003970750993786572e-03
6.323681194789898541e-01 2.585593883791066916e-01 -3.310696007686048103e-02 7.097371545703489229e-04
6.321438632008232750e-01 2.381431012988836082e-01 -2.687548500632489651e-02 3.997510135065223996e-04
5.091072417801070227e-01 2.920437970829876106e-01 -2.940724773277732934e-02 8.801634460001137353e-06
5.128021350835393344e-01 2.737581730033371574e-01 -2.529891980780708816e-02 -8.597409777565631921e-06
8.609757947903088349e-01 1.931158770586779150e-01 -3.729875410951624670e-02 1.986151370609277010e-03
8.829165034694196335e-01 2.091799503602112531e-01 -4.859979860465571400e-02 2.887931890119256780e-03
5.602007016025944974e-01 2.697627330307640903e-01 -2.173041273522430261e-02 -5.926648670586283623e-04
9.778837814510048521e-01 1.606184469801359982e-01 -3.722850469019385600e-02 1.524753944349249626e-03
6.500911723842284218e-01 2.455799019974768682e-01 -2.937287966030110303e-02 4.498449101603467460e-04
4.725687627878282226e-01 3.783957641294080076e-01 -4.730794267130233877e-02 9.486876017803984405e-04
7.251496243268507058e-01 2.219666679612423976e-01 -3.489370984071074600e-02 1.535787837843416654e-03
5.824454486007262233e-01 3.180234551579528834e-01 -4.780164731786081672e-02 1.715001990446492902e-03
4.668145765285873772e-01 3.527875834887791440e-01 -5.183672324594527231e-02 2.259335451116379831e-03
7.244792433390246922e-01 2.305687790684978478e-01 -3.133241211161683776e-02 9.492347092344364514e-04
4.513422265405583333e-01 3.907263912868084721e-01 -6.182181245756109000e-02 2.934763396779806882e-03
4.382775980117802339e-01 3.136867826308032958e-01 -2.653414403358404783e-02 -3.258478345254504113e-04
2.808935124001998851e-01 4.892549467025985588e-01 -6.638325990217314176e-02 1.825937696571501567e-03
5.889878779591665170e-01 2.662551624997196997e-01 -3.301141333462024458e-02 8.946170008965238524e-04
6.433625259245071559e-01 2.645754320877539145e-01 -4.356061317859444976e-02 2.117173811819666150e-03
6.135274921091745659e-01 2.410150266771619587e-01 -2.397918148226903939e-02 5.293365319795491930e-06
5.571939494135234039e-01 3.179750686385838798e-01 -4.645159931458239799e-02 1.817351060634140106e-03
8.195557813014300308e-01 2.171564972277317263e-01 -4.435575999576341771e-02 2.256476455148428810e-03
4.235362704641356668e-01 4.122617116242228152e-01 -5.943075545323663750e-02 2.304944148125914055e-03
6.455208794775879610e-01 2.117232535893206757e-01 -2.374874444896397582e-02 5.849279815827769253e-04
4.963495936670573871e-01 5.908490758409676857e-01 -1.181276190912453616e-01 5.850766145261841050e-03
2.067388696877212051e-01 5.977652747887159945e-01 -9.285211701137624507e-02 3.629562652735889017e-03
4.309909205398390619e-01 4.109662807952436658e-01 -5.745072275113592003e-02 2.040912881655518318e-03
8.158445087254422301e-01 1.524103676025705678e-01 -1.494649828474703922e-02 -9.759163283922563797e-05
2.850572440992690804e-01 5.047307810747607704e-01 -7.164022362094149554e-02 2.217687349373138363e-03
5.976965882532528918e-01 2.084862218270820133e-01 -1.235672894910709932e-02 -7.172837804281046109e-04
8.375307736361129463e-01 1.535444588319599957e-01 -2.301372027064796724e-02 5.451921488712376104e-04
3.157806192486947161e-01 5.186239485320903730e-01 -8.085474389927334304e-02 3.055506389859847030e-03
4.532259746179752025e-01 3.722959012174088533e-01 -4.201704028392135720e-02 5.226613924571043603e-04
5.034448845478836088e-01 5.098329903462323065e-01 -8.090662947627612345e-02 2.789485633529499228e-03
4.662682751240138646e-01 6.445133977095406363e-01 -1.361734174472026826e-01 6.791724571369257314e-03
3.757585946302059443e-01 7.194935614182604855e-01 -1.446379506245119295e-01 7.001497980979957611e-03
5.464473491980874620e-01 3.706828883176683243e-01 -6.007095264987795391e-02 2.649806718563320167e-03
8.911157320925016112e-01 2.231915444257890346e-01 -4.810903067340393385e-02 2.008262197564060405e-03
1.139486550211641136e+00 -1.884928040471451835e-02 -2.135246030064280858e-04 -1.583626989610266704e-04
7.889240018568214330e-01 3.407817516547582137e-01 -8.156818675194141277e-02 4.567077469027801956e-03
6.825227940910094659e-01 2.075401100927140030e-01 -2.441094207876718519e-02 5.659728858237405126e-04
9.490412433943228310e-01 1.873949725641175720e-02 1.101890157798532041e-02 -1.381056643122212033e-03
8.147904882073745414e-01 2.622408397935666602e-01 -5.386507590657142741e-02 2.472381917151523188e-03
7.601080670451934029e-01 1.363455545151608661e-01 -1.223898116499216003e-02 9.735841547553282841e-05
5.215088319114500326e-01 3.412673170838646519e-01 -4.510816711914023697e-02 8.965378917257259056e-04
7.177388519959108093e-01 2.345708407997855183e-01 -3.182392342015225029e-02 4.169108776635833480e-04
1.086324791237269549e+00 2.531963051075553431e-02 -4.290474120667219990e-03 -1.184921325694241238e-04
2.103507285092827139e-01 6.226905643175131289e-01 -9.615378505837506029e-02 3.442462892006221790e-03
6.042057457206129190e-01 2.645699422711075832e-01 -4.000990541364497777e-02 1.850551660542900300e-03
2.149589557322543198e-01 6.180717680766822930e-01 -9.790182667100016944e-02 4.040341363190277577e-03
1.106617716540887031e+00 1.822331587849839243e-02 -8.482302078352592367e-03 3.326200142749611470e-04
2.294934842834170374e-01 5.977099781171230086e-01 -1.016440227161815452e-01 4.931452535994975198e-03
3.479534061574298676e-01 5.247691780377203852e-01 -8.498916620117293041e-02 3.353868890821498899e-03
2.512344521294805344e-01 8.870155226136571258e-01 -1.963756984590528387e-01 1.029871286950209859e-02
2.159661938021895100e-01 8.593458770613733311e-01 -1.787137547193665688e-01 9.501861679736952823e-03
5.062622918357292390e-01 3.479812534693559889e-01 -4.907933671998054859e-02 1.462717476468586037e-03
4.904770155669652132e-01 7.126809832202822825e-01 -1.555781537263471737e-01 7.644211355607529249e-03
7.734239584007700508e-01 7.137712012112552851e-02 1.101354390387494081e-02 -1.996907841885574297e-03
8.721973197011745338e-01 5.945211583582846182e-02 9.208794464203303581e-03 -1.632640002036162344e-03
1.362597372403181906e+00 -2.225929893964595507e-01 4.130144899890321464e-02 -2.517322539479704187e-03
1.002512816226922343e+00 9.198773213735952914e-02 -1.819704013865124440e-02 4.910363992097531785e-04
6.157483607834451922e-01 2.177709543596103581e-01 -1.764814334019221623e-02 -5.375102525233130734e-04
6.056971721937621789e-01 3.916211087761412024e-01 -5.861784203502547891e-02 1.827279382119292818e-03
2.999741504063580533e-01 5.834980626738319742e-01 -1.070204241572591808e-01 5.455197604854749791e-03
5.205645081744179059e-01 3.394830260344494643e-01 -5.096896629930967870e-02 1.938373004039476832e-03
3.674425362150222640e-01 4.401611676373923254e-01 -5.456782628863224294e-02 1.104590915848162411e-03
4.013415661004248181e-01 4.130177959561677770e-01 -5.326679171845104255e-02 1.511747500910503098e-03
2.159683833577623890e-01 7.322178403679372449e-01 -1.367147487228301539e-01 6.407905033642132681e-03
5.212349066848167567e-01 4.388309782186544106e-01 -7.893534647820706074e-02 3.726286049792800186e-03
7.333456874808742532e-01 2.474933683603288137e-01 -3.493345699434456664e-02 9.286069852335024268e-04
4.934292189117729377e-01 3.907973640460177811e-01 -5.485060871496038465e-02 1.368296046510559041e-03
4.640011554224767742e-01 4.764964055284537370e-01 -8.494485945390643777e-02 3.750925497478324599e-03
4.532619882216549767e-01 3.570151021444020190e-01 -4.489382221301737447e-02 1.194313493750888714e-03
5.250525882417916845e-01 3.093628679062268017e-01 -3.203279331990521034e-02 1.391584906596206653e-04
3.585425940450731042e-01 5.438240904455720059e-01 -9.481077225591676150e-02 4.308434954685006271e-03
2.130528356622244934e-01 6.173032352228449149e-01 -1.016291852819950631e-01 4.735186645867271726e-03
6.941578757107025321e-01 2.945508382035896822e-01 -3.785276650349780198e-02 8.179571306323437166e-04
2.636890385896866196e-01 8.639390109947534535e-01 -1.870360129563041207e-01 9.790694758973926201e-03
2.681429417968579365e-01 5.361459429043137215e-01 -7.313282192347299315e-02 2.078547610216259934e-03
6.446193444456530530e-01 4.667977484621689821e-01 -1.026453598788079624e-01 4.939783672321747428e-03
8.518237947585837189e-01 1.923583679796934121e-01 -2.254345440441169607e-02 2.152748295035964527e-04
5.053829122158416398e-01 5.797327366441000773e-01 -1.271556998222128643e-01 6.826091678622563802e-03
3.253699285299186394e-01 6.962834111730263897e-01 -1.297004551852309062e-01 5.980992707265224764e-03
5.523090396669447788e-01 2.586371171750192488e-01 -2.151665079492852753e-02 -2.898279844278722154e-04
7.229378284943123179e-01 2.612883626290540273e-01 -4.365669446168263246e-02 1.242117213737074094e-03
4.871083450512095347e-01 4.868056213689336276e-01 -9.498700642572896480e-02 4.863161690243348982e-03
8.391321203897685876e-01 9.644375144588668292e-02 -3.175694525716022971e-03 -7.820937408743727911e-04
4.653107402652167934e-01 4.154925232781144229e-01 -6.231952921337951395e-02 2.019490460549959801e-03
4.747559800007924991e-01 5.904791669530264908e-01 -1.281166363513004114e-01 6.861127355813814895e-03
6.735849432259914948e-01 3.657698049554561348e-01 -6.873921260093016072e-02 3.475869980294708176e-03
6.840309975192535585e-01 4.425287406951729507e-01 -9.817830270842679841e-02 4.595303931636886795e-03
2.328625928151740743e-01 6.721916838611071698e-01 -1.135678542118907230e-01 4.939506574037754588e-03
3.556223687741110751e-01 7.236494264880704019e-01 -1.397383286212147413e-01 6.839444031238209147e-03
4.919843363451572582e-01 6.022789388453477777e-01 -1.181544155945737640e-01 5.363123986234574932e-03
1.079497467228224039e+00 9.465104299574322866e-02 -2.995342337158671958e-02 1.708346292215202032e-03
3.266236327063887224e-01 4.361291498069987393e-01 -4.974580895308587658e-02 7.328778427399374558e-04
4.121961591061905072e-01 2.989592161239726931e-01 -1.934124840741142243e-02 -8.619115574328189066e-04
6.228147864485020779e-01 3.679809145261486170e-01 -7.177553673981665328e-02 3.587755620301509140e-03
3.527361674495548827e-01 8.150611858479122063e-01 -1.762317639573827421e-01 9.190102194881760375e-03
8.611007571630107105e-01 4.404524018757111775e-02 6.832187769251220864e-03 -1.087755432708281027e-03
3.992687482461561577e-01 6.285378638917040739e-01 -1.258143074050948607e-01 6.416801473762792640e-03
4.844748295032018648e-01 4.300431850944543277e-01 -7.172000820488243222e-02 3.084774180776215808e-03
6.546578955899466923e-01 4.551075932993444151e-01 -9.119624404425344388e-02 4.108556242176485650e-03
4.921786382596720633e-01 4.406275306666391223e-01 -5.735083268330973261e-02 1.259362558988941054e-03
7.566697404267699323e-01 1.819053034551812442e-01 -1.903075140176632707e-02 -3.015431469518847795e-04
1.159163606526951940e+00 -3.366087954628976114e-02 4.964738885564648312e-03 -4.977514825504541834e-04
5.723536423266674111e-01 3.854877289760322290e-01 -6.855579032690595209e-02 2.866890603465283797e-03
1.204318847561940631e+00 -5.995004265742513716e-02 5.061086200499839184e-03 -4.269430970839316547e-04
5.485044556114375691e-01 3.766717219701143926e-01 -6.898736292914713075e-02 3.541220860023998503e-03
2.326760185598256703e-01 5.431066018245187532e-01 -8.216554480267211635e-02 3.338375143706340861e-03
1.060736645281254331e+00 -2.556302644717463671e-02 1.374051328926945148e-02 -1.292202238803983856e-03
3.870780584716344563e-01 4.516417753669841328e-01 -6.432731884944532796e-02 2.079988811208398260e-03
3.025155717706392022e-01 4.365866198425948919e-01 -5.192239480360028719e-02 1.065673626759276694e-03
2.349237564663315958e-01 5.853902041699508008e-01 -9.652961116810590547e-02 4.269506675680244563e-03
1.491749201115399437e+00 -3.245781201248771342e-01 6.280651071944075292e-02 -4.013544616455045830e-03
6.888643863377030829e-01 2.460801399969372860e-01 -3.334606888478301029e-02 1.144164061856570679e-03
9.190558727843123332e-01 1.979382290499862307e-01 -3.842355616993160111e-02 1.905743683312958407e-03
4.286942581441594569e-01 3.721960437438808778e-01 -3.863112119737976274e-02 2.536096450457280037e-04
6.501584564266124078e-01 4.742153459995129827e-01 -8.478277837198236466e-02 3.223570359842971213e-03
5.278864579445818883e-01 5.348370600747974768e-01 -1.055377652546447553e-01 5.380975094541011819e-03
6.302197589460120097e-01 1.585188457809296736e-01 2.035256844786291746e-03 -1.777992225073435307e-03
7.113678915852652551e-01 1.676258631821203327e-01 -1.631665873243565157e-02 8.844297721376869034e-05
8.704802993809112044e-01 6.881179843876611413e-02 -6.671977327226214817e-03 2.694825038368301460e-04
5.177486237710912098e-01 6.037691587919320479e-01 -1.225890909442461651e-01 5.813163932226216891e-03
5.567856154863192186e-01 3.754371846838803761e-01 -6.581390660302777196e-02 3.068816711832216687e-03
1.418983178351837182e+00 -2.302021302447551931e-01 3.553603851661706059e-02 -1.673892369704113635e-03
1.431518582259342809e+00 -2.303664604483283140e-01 3.999992690785422744e-02 -2.575703713889332998e-03
1.336583264622488221e+00 -1.886239746586771959e-01 3.820533745557535416e-02 -2.357767101930386203e-03
1.484769361461186765e+00 -2.795192576328468514e-01 4.822233375279696976e-02 -2.572164529284317810e-03
1.310150631219898720e+00 -1.886281817118737880e-01 4.457314760188856723e-02 -3.224392191232871522e-03
1.484261186314811631e+00 -2.498828442874930500e-01 4.314605343834307383e-02 -2.443974733610532364e-03
1.296487170464101890e+00 -2.047736330333415899e-01 4.691064904779788242e-02 -3.335657249076863420e-03
1.331072817233350358e+00 -1.944456392712051729e-01 3.644162621184807854e-02 -2.107033911081359137e-03
1.287786828877206302e+00 -9.063438928395635419e-02 1.149825494970312632e-02 -1.045406159220077470e-03
1.144960606371424605e+00 -1.337574593517655286e-01 3.183814342139409254e-02 -1.974831083261728050e-03
1.275751033293136771e+00 -1.652329042485740362e-01 3.071841455560358342e-02 -1.487245439274875259e-03
1.392735188512802758e+00 -1.744714730625266663e-01 2.958342057845650755e-02 -2.248541356484054250e-03
1.490602419153313818e+00 -2.828887552253718241e-01 5.479984500270328185e-02 -3.447098162801340987e-03
1.134577395348779882e+00 -5.711216293511369585e-02 2.108891262009955983e-02 -1.883275676756379245e-03
1.171010084389807249e+00 -1.992250284306759101e-01 5.413995209436363309e-02 -3.789206168144686367e-03
1.361304748364031925e+00 -2.404128796968196813e-01 5.075929917197885555e-02 -3.285600055514589085e-03
9.735491477327024024e-01 -3.693296897733094886e-02 2.003126692751132018e-02 -1.633582695239113201e-03
1.484559709496366509e+00 -2.459155032642700855e-01 3.656525608735937405e-02 -1.816347169988522013e-03
1.088407473518121282e+00 7.059856442105250096e-02 -1.631720031757679518e-02 1.023662465993906709e-03
1.462415362397697427e+00 -2.487727061785781069e-01 3.687374032381043193e-02 -1.357708849066377975e-03
6.085565018194049047e-01 4.988304689033289385e-01 -1.011302251610640413e-01 4.395779602051456264e-03
5.483378108602688927e-01 4.401812822541812942e-01 -8.637545031281336494e-02 4.608420594385147229e-03
1.064138056988193082e+00 4.205751013204373639e-02 -6.866459340895920971e-03 -5.241442973222378086e-05
1.297475946216149811e+00 -2.334881540212151996e-01 5.221551479850403826e-02 -3.367522633768004186e-03
6.346185275490972000e-01 3.659888893337977511e-01 -6.561086433831604670e-02 2.964305876812876623e-03
1.170116306928659977e+00 -1.072612905825174046e-01 3.294913329786006151e-02 -2.775482805434882974e-03
1.276403651878579515e+00 -1.148410234294554438e-01 1.389082528162786413e-02 -5.117322685326142076e-04
1.067612764596970854e+00 8.902771493965894178e-02 -2.359650144505498481e-02 5.013344230464063722e-04
1.083030000514797697e+00 -3.465267083658674779e-02 3.673098982500633009e-03 5.712819807815277645e-05
9.394966896876770779e-01 1.426471738698864289e-01 -3.010700273031924681e-02 9.688327592471385587e-04
8.489965174910897305e-01 1.165488896428479165e-01 -1.499557867676436056e-02 3.853959344389188942e-04
3.477027982198546141e-01 3.576027727940001011e-01 -3.105233459480923747e-02 -2.916479795005212411e-04
6.641979674279582246e-01 2.274526526087606026e-01 -2.542709136346648843e-02 2.633807250302589364e-04
7.192222893383880544e-01 3.548238927866030346e-01 -7.677620824899904217e-02 3.706465075064461524e-03
4.747555483272885013e-01 3.324616426458898433e-01 -3.280443523453496768e-02 -7.651981311221448543e-06
3.985542209772101052e-01 3.286073078545048154e-01 -3.012814558335277434e-02 3.680317798829708118e-05
7.910348865314702493e-01 3.602237355097338556e-01 -7.047712470523030681e-02 2.778881008209986916e-03
3.922652584525848640e-01 4.778458978752766484e-01 -7.570600945589621433e-02 2.809526131589323763e-03
6.438200541989756998e-01 3.522738486228852994e-01 -5.821225162799457259e-02 2.504840519248722943e-03
1.042234727219178758e+00 9.346388000858918410e-02 -1.393599009122708718e-02 -1.987482157915652014e-04
5.236729995410147609e-01 3.984906036975600641e-01 -7.144871040059444511e-02 3.467401494389489146e-03
6.259122919142133812e-01 3.673997802283348046e-01 -6.003396564338860791e-02 2.381746984619198364e-03
4.739172948398921448e-01 4.317259541847416893e-01 -7.049835323143686938e-02 3.045612930851837076e-03
4.692714074007355296e-01 4.826993041183610944e-01 -7.425489391885721491e-02 2.613267040060643885e-03
3.535169929116350751e-01 5.105479812940347806e-01 -8.484680133744335051e-02 3.813263732213900085e-03
4.712681099161067366e-01 4.774787996295387082e-01 -7.265606108574673705e-02 2.562436182804704067e-03
7.596228301623041412e-01 3.756794623236290320e-01 -9.028462106254032948e-02 4.992590468937218792e-03
2.088890213704824861e-01 6.889392992564935536e-01 -1.210874400147154417e-01 5.466902938403283944e-03
5.281498830182894677e-01 5.317758583277679696e-01 -1.028777477090730003e-01 4.503521341178891475e-03
9.466697173241024332e-01 6.402826246631265761e-02 -1.441110302460688747e-02 1.048347583451807305e-03
9.380130281898352296e-01 5.450531665767934485e-03 1.592758555653332395e-02 -1.826246118964068316e-03
7.706068349025523290e-01 2.838445568375408401e-01 -5.521990047116749623e-02 2.005510335276904609e-03
4.704328690546091263e-01 5.753753448420531047e-01 -1.155032266427339638e-01 5.721637524239126839e-03
3.439803959296351965e-01 6.841525720640386776e-01 -1.216290199236289976e-01 5.277936729681752953e-03
1.374614627405535527e+00 -5.558099260130211494e-02 -5.169250046222694309e-03 6.460094796620151998e-05
3.237175194483470353e-01 8.063904266651042985e-01 -1.735362628273741936e-01 8.965944839729862031e-03
3.166495439502119980e-01 7.588514825039399669e-01 -1.607060147279448792e-01 8.337467726485036507e-03
9.867755473688120116e-01 3.211009769155526161e-02 1.462658651146545898e-03 -8.348738985845063649e-04
1.304611275964538297e+00 -1.156932561573682794e-01 1.302099375683462776e-02 -1.006696391877949862e-03
6.418769791185371387e-01 2.263969940700555628e-01 -2.563360658750118287e-02 2.605722523355803125e-04
7.534954948689155385e-01 2.117700093631139646e-01 -2.120746934049326862e-02 -1.118843486693858860e-04
1.129254522955899898e+00 3.466399219762229464e-04 -7.423618369686370809e-03 7.314840439489385827e-04
1.103729293370824260e+00 -5.865883752373918930e-02 2.573881251185522467e-02 -2.305429359342840104e-03
9.402542716244960408e-01 4.164385554808142098e-02 8.804980232618163025e-03 -1.487176982057367277e-03
1.064182714150705644e+00 6.255111487997572217e-02 -1.784120928305643269e-02 8.856963893300345185e-04
4.031944706538024836e-01 6.075181884229919893e-01 -1.196278041199651254e-01 6.118234729578212253e-03
3.503392082529182550e-01 6.412287356398275184e-01 -1.063619195783719190e-01 4.284179829675812366e-03
6.121830894257839217e-01 4.085208387462552770e-01 -7.685223957566732211e-02 3.773419458175093430e-03
4.038299844367146396e-01 6.231028809354479669e-01 -1.211931018942556948e-01 5.313900564567488119e-03
4.383611606539259964e-01 4.979699035150124131e-01 -9.188216076809890831e-02 4.412278636956270227e-03
5.178911734256097521e-01 3.760625154066868925e-01 -6.340533435587612787e-02 3.046883812026909485e-03
1.117951221979037513e+00 -1.634412652142921279e-02 3.637763878306423272e-03 -8.550191006110855916e-04
6.474506473610642798e-01 1.644312786529971426e-01 -5.960630409804529468e-03 -1.011190731466710038e-03
3.464677570789226890e-01 4.379314169748784735e-01 -5.464494090275048149e-02 1.181322931585754342e-03
7.259637464260302320e-01 3.516345716269086985e-01 -6.983788119664287308e-02 3.505623083074361004e-03
1.255249514655469190e+00 -9.119925477976872918e-02 2.360216377725268128e-02 -2.002326440483208521e-03
1.105760301452106908e+00 4.995002637055780126e-02 -1.939680257357775245e-02 8.887985981834638054e-04
3.366409833487292724e-01 6.502873595461154954e-01 -1.159264845155423829e-01 4.825488623132081697e-03
2.579054412482674752e-01 7.118127470523635258e-01 -1.235413185008154419e-01 5.772574361923100798e-03
3.496029071159614254e-01 4.806464451579881003e-01 -6.710716103387230624e-02 2.303989426620694711e-03
5.032227689164996409e-01 2.906810622068288774e-01 -2.614630018842397513e-02 -1.352696959709277075e-04
2.465434077924530121e-01 5.235051453853004633e-01 -6.701523156917821300e-02 1.708313634980629207e-03
7.116960353356859281e-01 1.145430844079921434e-01 3.018834043028084321e-03 -1.399580723154038699e-03
6.106401511205198362e-01 5.140092158927712651e-01 -1.049623660811964398e-01 5.242634985629299887e-03
6.179620831844717666e-01 3.387921395222351362e-01 -4.982155573306016466e-02 1.534395615888776857e-03
1.107673923584363562e+00 7.132386918790699359e-02 -1.911180721934407217e-02 9.826847692500344927e-04
3.010230711334040410e-01 7.268374172483964557e-01 -1.358066896057532336e-01 5.896411420561246258e-03
1.132432170430129892e+00 -1.875817996887218508e-01 5.366091601494279995e-02 -3.764798166658641504e-03
6.665478964219037072e-01 3.516620965327488246e-01 -6.768587415036951549e-02 2.786109992858228079e-03
2.420671179772760084e-01 5.110556699887758292e-01 -6.953014099675286497e-02 2.257633401579137340e-03
5.509447438384130757e-01 3.246004073972919013e-01 -4.357720139291176853e-02 1.042036197616319449e-03
3.649302276989829785e-01 6.028228297985118722e-01 -1.008377304935794000e-01 4.138240327775348157e-03
4.085966674942880794e-01 4.605348976996593846e-01 -7.807148452750968526e-02 3.643397618651251797e-03
2.528981255290201346e-01 6.890417468502531007e-01 -1.325791149344336117e-01 6.886417508836976606e-03
5.872943464363368227e-01 2.761665505117611996e-01 -3.477716938994127038e-02 8.941339864589017321e-04
8.561670989455718583e-01 2.717549027904742620e-01 -4.276395356408534132e-02 1.121662906217296782e-03
1.027689343870051841e+00 -7.816388730096614224e-02 3.196831226261119541e-02 -2.889776657744915541e-03
6.741276654339652952e-01 3.714716920221085017e-01 -6.805000539758405964e-02 3.315768541703699012e-03
5.645604669176567114e-01 3.490652359310837394e-01 -4.289015435872929605e-02 7.339575350938872022e-04
3.154748799087186417e-01 4.866871740586437012e-01 -6.365655430014087457e-02 1.553495056595804872e-03
2.923929443579786347e-01 5.871540913540239659e-01 -9.575099924206752211e-02 3.897326797724516654e-03
3.475580270835698649e-01 5.790457330172961159e-01 -1.065700784685483932e-01 5.260373610501603743e-03
2.706114484078941396e-01 6.218358593440003190e-01 -9.943097426838663766e-02 3.790380956776504690e-03
3.116325051340179120e-01 4.870375168191838355e-01 -6.172978500810354097e-02 1.544136380915800411e-03
1.020199319881554212e+00 2.953094555659464548e-01 -8.146276747980377153e-02 4.467214340751675741e-03
6.118298243181510276e-01 2.612860997563431487e-01 -4.076681126656004489e-02 2.024223088653494609e-03
2.579538561691189780e-01 5.827748198524990153e-01 -9.897120587052224416e-02 4.615146180203003219e-03
9.977396742566796428e-01 1.833043134631807264e-02 -1.930793070464221139e-03 -2.101728672522078798e-05
6.986935978400740099e-01 1.944722737863703588e-01 -1.930311686636946439e-02 -1.084385781489254026e-04
4.321377745465407871e-01 4.979229552296876582e-01 -9.122040790794472276e-02 4.679270909615311155e-03
2.828888874070159543e-01 4.565110386862887282e-01 -5.350802257308213267e-02 1.089660337823174707e-03
3.679051412996199866e-01 4.619912009462420754e-01 -7.259365451079516363e-02 2.947676370221037623e-03
5.005660155488856899e-01 6.230458542134017508e-01 -1.324045297142836808e-01 6.319315513153773642e-03
9.104241926470388879e-01 1.198178155888569157e-01 -2.074336007538318122e-02 6.241396346111425077e-04
2.501971428262823594e-01 8.068656490256945757e-01 -1.592933223730061409e-01 7.914476628009410250e-03
1.134075554229977634e+00 -2.921914413200452434e-03 -6.001419876387905847e-03 6.747435994838176226e-04
3.606435571591460887e-01 7.500104822813054017e-01 -1.622482997131521609e-01 8.261238790769617063e-03
1.003267080684495438e+00 1.799516064283120109e-01 -4.778090437099828669e-02 1.945796150045248866e-03
5.762074816379175735e-01 6.334408592698916873e-01 -1.547879839198452734e-01 8.711570867282393549e-03
1.292678228251683548e+00 -7.641912639049347478e-02 2.231602606901319195e-03 1.091931573503806055e-04
5.368635571174694698e-01 5.542306963067075154e-01 -1.165281827199517589e-01 6.322888045710293656e-03
1.213811962250338050e+00 -1.381078025228908712e-01 2.687871517213365549e-02 -1.523156392455001559e-03
9.485565262211705928e-01 3.364748534484466452e-02 1.019232950110678278e-02 -1.522319594307144355e-03
1.226696953560415970e+00 -1.357420562474725978e-01 2.556086272796588912e-02 -1.323983631608485279e-03
2.286060217963143681e-01 6.297633973710971000e-01 -1.006029158410100405e-01 3.773848106578455049e-03
1.268434304783750299e+00 -1.688571527790726223e-01 3.411484286113787567e-02 -2.146409577195709795e-03
5.608559542664857123e-01 3.102676183638182761e-01 -4.176694931475837674e-02 1.121156201433743706e-03
9.516566224225315729e-01 -1.600341317585351683e-02 1.616802666206073810e-02 -1.469118898918451988e-03
2.489791063684720362e-01 5.778979705328111116e-01 -9.455558577186450042e-02 4.225124085698593428e-03
3.547705926001391008e-01 5.558779050584706782e-01 -1.000768416044078429e-01 4.929206690482103130e-03
7.981896645811289437e-01 1.707048627676943098e-01 -1.193543035625556359e-02 -7.367444680836238418e-04
9.164688023639379066e-01 1.086391739483997254e-01 -1.280996607971400005e-02 -2.746577024753127112e-04
6.688533584935304477e-01 3.769477943420924682e-01 -6.522463143756480897e-02 2.356064139871351208e-03
2.337356211800203920e-01 5.591136402606946554e-01 -8.431051125890873243e-02 3.201248062102142293e-03
5.590014258856493834e-01 3.229595130161933003e-01 -5.055780540280623708e-02 2.091162604322544406e-03
3.677861764291759372e-01 5.693362162796437032e-01 -1.011309304764965444e-01 4.303019941319419922e-03
3.867397541366660030e-01 8.316713693757959991e-01 -1.813402095319565643e-01 8.974419511144606648e-03
5.817283908971220274e-01 2.788861316751607977e-01 -3.554847401026450110e-02 9.730714702898432501e-04
5.359562061859571847e-01 3.600946942332621803e-01 -6.125805331658617375e-02 3.061688820888930525e-03
4.193498380710188878e-01 4.096881459345121379e-01 -5.246480670587972545e-02 1.454253423529665952e-03
5.909073226532639556e-01 3.618386562285659247e-01 -6.314994127801701329e-02 2.898045920558041388e-03
4.697155674817151128e-01 4.530268386506990375e-01 -7.280297182277832568e-02 3.010082058020955090e-03
3.352172992222176573e-01 4.735412853045936621e-01 -7.333936976225441384e-02 3.194262297801378405e-03
2.970720734650035277e-01 4.644586774768659221e-01 -6.295756208688473021e-02 2.190067794459786121e-03
3.708958396676984015e-01 4.473318116838229663e-01 -5.977714480692200572e-02 1.884546303251122094e-03
8.098817124561310532e-01 3.371720426052254305e-01 -8.253246247433718152e-02 4.757468362375514084e-03
4.808951234319370216e-01 5.649934123920413720e-01 -1.013873481150152356e-01 4.237194043477320385e-03
2.033518051003061489e-01 5.835872102020703833e-01 -9.184668849374111321e-02 3.805598456178645519e-03
6.834514530028519275e-01 3.963189318460871857e-01 -6.005479210725911399e-02 1.898165439448836096e-03
4.372571682422187744e-01 4.655835244378953020e-01 -7.255976239861808286e-02 2.663676522781804629e-03
7.137242928249251106e-01 4.176938725655763296e-01 -8.802699305312371159e-02 4.214918011213843012e-03
2.003407911423584487e-01 5.900511544419105858e-01 -8.979503512156040979e-02 3.295629102110475463e-03
3.595717632907004524e-01 7.708030188686512130e-01 -1.652370603425810103e-01 8.720681497212489156e-03
4.200481755055190392e-01 4.126277355672929859e-01 -5.609945690505297594e-02 1.380243539006837175e-03
6.866336974900206780e-01 2.021096797453770522e-01 -1.556039320126391227e-02 -6.292758402180224312e-04
4.045039023626796904e-01 4.193859678122743295e-01 -6.089652820301505454e-02 2.146057557350188830e-03
3.298243620175648205e-01 6.792001376240675015e-01 -1.213416342435797435e-01 5.155792321027300416e-03
2.350123691631084699e-01 6.660492759900245030e-01 -1.218072032158068752e-01 5.744458890070604055e-03
1.036304086211402797e+00 8.160359687883449176e-02 -2.430818149264087763e-02 1.475017324638908328e-03
3.295384019643580187e-01 5.492318023469436872e-01 -9.164903909637520107e-02 4.328152053112544785e-03
9.030106011786559472e-01 2.414673371957841708e-01 -4.881995562541419087e-02 1.834443328002418466e-03
3.730627621049258380e-01 8.653850771146881504e-01 -1.996460185175301660e-01 1.071119654192125015e-02
2.334060763070781308e-01 5.628305076782482708e-01 -8.950635150742231039e-02 3.958387678806507375e-03
3.979076516270064756e-01 7.017365122211397521e-01 -1.435064727643780846e-01 7.005008995410915221e-03
4.248505882436961478e-01 4.854773154804336577e-01 -7.369353264322450747e-02 2.866033593716363001e-03
3.670064118386793806e-01 4.503794210776377871e-01 -6.614911927126052027e-02 2.413498257518924620e-03
7.078973286788046160e-01 1.943780075994937240e-01 -1.910071957124992448e-02 -3.272981973448580752e-05
9.347255706606765191e-01 2.007211937448712472e-02 1.641374470900252777e-02 -2.202846913706770025e-03
5.572444010478407872e-01 5.485787159428249238e-01 -1.180452975424042539e-01 5.615325861641102222e-03
2.924836361903360160e-01 5.700639003507745883e-01 -7.857975010834568341e-02 2.196157161538329385e-03
8.817604175457421922e-01 3.660274039661975953e-01 -8.332208741193211643e-02 4.071050934399234739e-03
3.615705509189224842e-01 5.084474408914846366e-01 -8.641598464696494120e-02 3.909461839572292256e-03
3.921218317636416817e-01 4.729564711335222382e-01 -7.524966757603347711e-02 2.721334949126414781e-03
3.257839819338249066e-01 6.748598573135665690e-01 -1.219455196895232046e-01 5.951186946078976248e-03
7.301786517451950287e-01 3.384763163108748252e-01 -6.267243251650116143e-02 2.731871343888568962e-03
2.384385132728391865e-01 6.121877296330681117e-01 -9.307000209322040252e-02 3.487262467614032652e-03
9.279039775235923271e-01 1.385960769158632311e-01 -2.640443743937784943e-02 1.318265576547507107e-03
9.893791461214878069e-01 1.265992697405438627e-01 -2.673335274183012700e-02 8.996247657483329250e-04
9.490199025587219284e-01 1.554477837664548501e-01 -3.434506152511358074e-02 2.021083984967256102e-03
9.491775956980400553e-01 1.119255079237008350e-02 1.278473113491675021e-02 -1.586320460642783037e-03
5.232669933754559022e-01 2.320898085753543283e-01 -9.776148059131049145e-03 -1.264594638299325249e-03
5.242252888177763026e-01 3.035681055566875064e-01 -2.760383992373632855e-02 -2.240414321315498277e-04
5.990741772151927380e-01 2.960708704191146179e-01 -4.912481090257273669e-02 2.511179860916419419e-03
4.147848815441775860e-01 4.550021759256713816e-01 -7.702044861421990241e-02 3.628112289805983208e-03
2.301349707351388330e-01 6.273889573978446155e-01 -1.094813501597656780e-01 5.378695779641455739e-03
4.499763562665121674e-01 5.119518473650767065e-01 -9.307569643093367706e-02 3.976675147693042520e-03
1.229912588827836384e+00 -1.284862052008038380e-01 3.453174284320776471e-02 -2.826326727346676910e-03
8.947766596546870010e-01 4.547536949811956802e-02 2.526789700166066389e-04 -2.741571078778936546e-04
6.774602750640423832e-01 1.994235873302996898e-01 -1.458540900389274780e-02 -5.182177997637315474e-04
4.135570389776559996e-01 5.724170831810641014e-01 -9.731027118519820773e-02 3.732251321488396032e-03
1.485835943822706007e+00 -2.120417876343262120e-01 2.417776135860056144e-02 -7.295419157910545353e-04
2.975146743562090412e-01 5.005458980140075065e-01 -6.172580561035577451e-02 1.271545513784604498e-03
6.869294392027127660e-01 2.001521161088237188e-01 -1.720993408914427147e-02 -2.532220130165102829e-04
3.170826814266112237e-01 5.093386782827263870e-01 -7.130010006955221635e-02 2.063174149748112866e-03
3.514640010951903260e-01 4.663110001562013052e-01 -6.579634991106692032e-02 2.081591940216888110e-03
2.802514626389914221e-01 4.811091557563292875e-01 -6.215400575216372542e-02 1.534462052044445902e-03
7.571849022923868855e-01 2.125383657752553113e-01 -3.254364149304250775e-02 1.156197228154821292e-03
2.585814996763087237e-01 5.294955218445982492e-01 -7.804089797376650983e-02 3.019228363038808753e-03
2.520367859081236728e-01 8.439274888671017827e-01 -1.814119094025896384e-01 9.494861661677116149e-03
4.668798045387342333e-01 2.665504907329176443e-01 -1.687837158020076903e-02 -8.089124708505321306e-04
2.065707326960416756e-01 6.268225505078373061e-01 -1.046230688386213942e-01 4.765198823228400382e-03
9.485915514275194971e-01 1.805364420704604900e-01 -4.545531358306407338e-02 2.636929670718044568e-03
1.134770364126800768e+00 -1.797072097336765428e-01 5.092954181214842668e-02 -3.546063893804072761e-03
5.472216746315500258e-01 4.977629796649225558e-01 -9.768199444533720577e-02 5.160992692191515574e-03
5.270361150819511398e-01 2.933611842296611760e-01 -2.944761067580976832e-02 5.197347665828511333e-05
3.198994789502323521e-01 4.976393536173360777e-01 -7.053293070529148556e-02 2.408231712184709470e-03
5.574583544995735940e-01 3.319553077948287911e-01 -4.932236759019621719e-02 2.025737400993981620e-03
6.422209985409191857e-01 1.807355650026158667e-01 -5.616967538891819677e-03 -1.345176042143478605e-03
1.155408564183374009e+00 7.052595941705429305e-02 -2.481476430694533331e-02 6.967914550107363273e-04
8.311832914069011702e-01 1.016362297740078940e-01 -7.222551897980126687e-03 -4.355239631470560853e-04
3.617061549763520567e-01 8.075463200001350428e-01 -1.827900482605405719e-01 9.630878320511827850e-03
1.295510912820984073e+00 -2.663277575599004021e-01 6.252068688174770850e-02 -4.140951670660024397e-03
5.440385207887008523e-01 3.129019134764716159e-01 -3.988779057134028694e-02 7.958746253018201058e-04
1.045255517473041129e+00 1.070728104141849268e-01 -2.195250399048576453e-02 7.850664567122034917e-04
4.833297257344764675e-01 5.960297683770658939e-01 -1.111924881055880859e-01 4.748760029743911634e-03
3.209799054756830028e-01 8.046061122176657587e-01 -1.740336758210594692e-01 9.188001350447918408e-03
3.954141383318631742e-01 8.439286575030829907e-01 -1.955593130019022685e-01 1.066755094291481007e-02
2.150465676582453689e-01 8.693010389027630014e-01 -1.766461004274975100e-01 9.166414357460168569e-03
5.839848286499017549e-01 2.009751720915980699e-01 -1.005995328871733992e-02 -8.581514733480707317e-04
3.873139808962156039e-01 7.957499112053076917e-01 -1.735536738133328649e-01 9.217953662148418645e-03
1.109623614319031226e+00 9.036101145958766456e-02 -3.344852414317376482e-02 2.192368430125516028e-03
7.189226967881944264e-01 1.434123629732200755e-01 -6.288358166048369467e-03 -8.312245893049993121e-04
5.407230850325935867e-01 2.580263809683128184e-01 -1.698349572863691592e-02 -8.809035083946437040e-04
2.169329393791629146e-01 6.556435775929253529e-01 -1.033620432569398451e-01 4.189890644486068613e-03
1.475891520857802508e+00 -2.586778673872904832e-01 3.568141311953216405e-02 -1.299547487824090223e-03
4.065715568816383740e-01 3.879322792179868973e-01 -5.188766869113844993e-02 1.658438343178508757e-03
9.576948442357476887e-01 -1.417169985101148638e-02 1.927563578601894367e-02 -1.923507865450522309e-03
3.231606122110424195e-01 4.669479617713525044e-01 -7.032211610686088521e-02 2.920199862533898530e-03
1.012841064501678323e+00 -8.361117570903785212e-02 3.621196243064607467e-02 -3.111644117825931952e-03
1.410468696823487855e+00 -2.405248543418076757e-01 3.811943876769894463e-02 -1.769505362017787268e-03
3.952520556797732842e-01 5.249708228942462362e-01 -9.253501996916306538e-02 4.483577721448395691e-03
3.960980861074149817e-01 4.912545613667786415e-01 -7.665798564240715318e-02 3.017415776858428135e-03
4.463076852545798667e-01 5.505204335907283308e-01 -1.034282251024554039e-01 4.673054855340481005e-03
5.880598938429243416e-01 5.685060550285764291e-01 -1.330632849366113202e-01 7.438200495696798559e-03
5.007661451291512966e-01 4.777263257781365069e-01 -7.055693379347476035e-02 2.064809365135578372e-03
1.208726761858815113e+00 -3.270929882563610586e-02 -7.861240182970066423e-03 9.920060974982975507e-04
3.594131097342828651e-01 5.682653216269100138e-01 -1.009206749844748785e-01 4.199012634885062288e-03
6.029902637596297188e-01 3.806453910467042512e-01 -6.495668612388852403e-02 2.935934053490998376e-03
6.510040909675038900e-01 3.822464813501686431e-01 -7.759785027987692319e-02 4.234493308947239951e-03
5.751573159129739210e-01 2.974073265537217625e-01 -3.503886809591393037e-02 3.469527708385091065e-04
5.354069885361673053e-01 6.567175717648544575e-01 -1.531447640169983915e-01 8.151051307926572564e-03
2.169789446600223215e-01 8.212316122007686792e-01 -1.582830796547499697e-01 7.843727697334865190e-03
9.737893199757520213e-01 1.854748646951783209e-01 -4.572533070724666554e-02 2.027863660447856969e-03
6.056093925622065832e-01 5.108895089303530090e-01 -1.148495498042114427e-01 6.368942905964743162e-03
4.001540505945256898e-01 4.452022310597847921e-01 -6.937760210359843194e-02 2.662450015482164829e-03
2.262753609186621551e-01 5.966197880231227657e-01 -1.020252599134239824e-01 5.040774373793807141e-03
4.660676314819408583e-01 4.826653558885492523e-01 -7.120242688978332957e-02 2.105812542650490390e-03
4.490859001848969689e-01 5.879339394301377197e-01 -1.179601490279647558e-01 5.446032843627580076e-03
2.591853625872423406e-01 5.651284250126656916e-01 -9.068259239333886779e-02 3.776130271545947124e-03
6.944752762482593322e-01 2.087865618842632831e-01 -2.081632780681065206e-02 -3.081935280457566515e-04
4.162164524558139012e-01 5.495926910727650938e-01 -9.952532696887096686e-02 4.905395696812473068e-03
1.158695102670644239e+00 -1.128602322685667569e-01 3.932926421785255117e-02 -3.273385301062884441e-03
1.283671145689770698e+00 -1.364398900841355955e-01 2.209742463765993620e-02 -1.258780726914397958e-03
1.201111245741587119e+00 -5.289832070222812849e-02 8.993676146691555531e-03 -1.136917479059180438e-03
5.039464132639316363e-01 3.921210766480705545e-01 -5.901493907070540917e-02 1.816809863073347991e-03
3.201562298185388067e-01 4.793930044764166953e-01 -6.543928522139012827e-02 2.023575721965865677e-03
5.679294537814477684e-01 3.166873230193376076e-01 -4.758893659087119060e-02 1.662594953078082695e-03
6.223238002439569483e-01 3.247214367482791353e-01 -4.835965407485717793e-02 1.843193105506993898e-03
1.498861635064562714e+00 -2.782968946010726530e-01 4.572440983024761429e-02 -2.053102486049625686e-03
1.118400100895479143e+00 5.812142595661212371e-03 7.138092818948159031e-04 -3.775381609083263389e-04
8.525871905377123694e-01 2.535437129793647326e-01 -4.016764126283532688e-02 9.465328914600393967e-04
6.556766362414999660e-01 2.828448439036416184e-01 -4.642752367523932805e-02 1.826488915422153688e-03
6.678393141736852501e-01 2.371929198859760446e-01 -3.333816146373692890e-02 1.268962255053055497e-03
4.617898547958257383e-01 4.403943555854448189e-01 -7.826586344376326720e-02 3.833385352840788188e-03
7.389309350078016037e-01 3.388007404474759343e-01 -6.788073714803606606e-02 3.326907340253362419e-03
3.866146844922253023e-01 6.884206765272201656e-01 -1.480015432074497650e-01 7.741058712815268930e-03
4.851102430297660195e-01 2.739452532945761409e-01 -2.021488734028537709e-02 -5.253831182607131061e-04
8.627706037139929451e-01 6.960493570333167734e-02 -3.348488194765619156e-03 -2.011341034415632873e-04
5.929751879898752520e-01 2.082482621599615613e-01 -1.072932195070039514e-02 -8.965595765085807890e-04
2.539543359413380386e-01 5.221798960057447703e-01 -6.322524340233259821e-02 1.310535583042817627e-03
7.643184667317401981e-01 3.900447984123667777e-01 -8.428500636000277324e-02 4.513568439670157841e-03
1.004509762633642334e+00 1.204644254563982664e-01 -3.083211213831182559e-02 1.669947993046429126e-03
3.938351492974052070e-01 4.845933086348563346e-01 -7.516765079400110350e-02 2.999848971509864147e-03
8.827780247291806548e-01 1.255536986440901892e-01 -1.962603602252023169e-02 8.858051706436137485e-04
7.873341519761019036e-01 8.367134232858464138e-02 8.271043708660419033e-03 -1.818187400459650872e-03
9.777991801833987306e-01 3.013679324191248163e-02 -2.398667000592968543e-03 -1.098259826349507162e-04
5.979156804688769977e-01 6.751391899376109063e-01 -1.696542249120891466e-01 9.612232994897331254e-03
2.748639203643910567e-01 8.817332427783790560e-01 -1.855945121803300457e-01 9.234110530230599245e-03
2.105934496902611974e-01 5.360954034447216188e-01 -6.710294103860550696e-02 1.627582441037988062e-03
2.768651642028843729e-01 5.436625089556109680e-01 -8.682004622846960229e-02 3.651902113837991390e-03
1.216102061946595203e+00 -6.254631220849900253e-02 8.584365872311922399e-03 -8.147164607883932786e-04
7.005898090433689829e-01 2.408770382818633260e-01 -3.076374203620628814e-02 4.008226878961400124e-04
2.561735143284098459e-01 8.190903037173703494e-01 -1.684521121430560819e-01 8.874696402312885757e-03
7.192766554829435055e-01 2.207284626495076008e-01 -2.590587023551484125e-02 3.100988134465534137e-04
9.404886672617597254e-01 7.594325206217922286e-02 -4.548960324542565895e-03 -5.896735536328205542e-04
1.054572450281339613e+00 1.818291142261420357e-01 -5.508065309382654401e-02 3.497765635400292613e-03
2.164369051516155662e-01 8.154867617255443513e-01 -1.600066730415739269e-01 8.255836100531635871e-03
8.029408076564235053e-01 1.862178993558383233e-01 -3.681076133034318076e-02 2.049119011632620502e-03
5.343787831143151923e-01 7.317021836512397348e-01 -1.799968772152011065e-01 9.774943986105254223e-03
2.259307705609074346e-01 7.111790353551579180e-01 -1.218824024507263737e-01 5.273781370093356090e-03
2.239743930476192912e-01 5.424388967582380872e-01 -7.486499637686408470e-02 2.379408006197069724e-03
6.477181648327007268e-01 4.407108051666966397e-01 -9.323100044090046334e-02 4.160614268157500524e-03
2.228714970370134496e-01 5.802583733343809058e-01 -8.806204466069779413e-02 3.267191048830821783e-03
3.614386295050479037e-01 3.977660081245070200e-01 -4.693515456300469124e-02 9.041214675984552080e-04
1.306605471069366420e+00 -7.056834678802653693e-02 -1.620809791309453692e-04 4.983179302164420345e-04
3.603179354732800044e-01 3.977290220942232835e-01 -4.653752832953649693e-02 7.863574542785393799e-04
5.939539701532254856e-01 3.665434300994898642e-01 -6.182180675297099803e-02 2.539163816988589725e-03
8.123227908063546110e-01 2.655801466215890194e-01 -5.336926954121729016e-02 2.467054971674083417e-03
3.449312795393871811e-01 7.673215770284660397e-01 -1.519788492334854246e-01 7.558083435903769839e-03
6.220529333167813535e-01 2.074436982333466295e-01 -1.513969066679457867e-02 -6.065856626871679244e-04
8.295158472795881588e-01 4.227745931475445501e-02 1.580893465482761592e-02 -2.195887823275417122e-03
4.762789716881252744e-01 6.932416313834113275e-01 -1.544235006300442858e-01 8.279955483830715376e-03
1.050275262361793249e+00 -2.645255949940543763e-02 1.418404854682689571e-02 -1.329262552939935050e-03
5.122356601079254279e-01 4.537161312324244911e-01 -8.472008678380907321e-02 4.081061773136343551e-03
1.136131614358135478e+00 6.760997158305009913e-02 -3.221952394890063853e-02 2.301437652716736056e-03
1.060460089779932780e+00 8.192967843422918617e-02 -1.422581448829155978e-02 -1.311039885144163811e-04
3.912140102699088184e-01 6.863122380853483584e-01 -1.366322176167223124e-01 6.425954246193527584e-03
6.993616385380667655e-01 2.155692556220800693e-01 -2.738928490206588018e-02 3.845539137420095083e-04
5.774147807640399588e-01 7.114515003149327610e-01 -1.742386249550433308e-01 9.450060492959565239e-03
2.472777728863509716e-01 8.813513103456833697e-01 -1.912511202850039893e-01 9.784881558841622765e-03
5.702940541805643360e-01 5.697767960509018126e-01 -1.278437791918019539e-01 6.403690369999940485e-03
1.040205685659498780e+00 -4.109985601404104322e-02 1.343988177133666022e-02 -9.072095962766313360e-04
5.950513902590229831e-01 4.340422150596591200e-01 -8.863788182998118270e-02 4.257932272561307588e-03
7.680125173093622637e-01 2.882574298323157813e-01 -5.704593012811737945e-02 2.466422042219968205e-03
4.968428695531525441e-01 5.931816290075143661e-01 -1.255156622068822891e-01 5.969785383162147865e-03
2.594557010721857404e-01 6.562112668045089192e-01 -1.122153988957348414e-01 5.087666245244773511e-03
3.238134722071139282e-01 5.814590846673159952e-01 -9.804700543474428875e-02 4.293976272907221690e-03
1.269966243587494326e+00 -3.193649632197516786e-03 -1.255618918950353151e-02 1.933189449954139465e-04
4.063625737027408702e-01 4.703622843962027011e-01 -7.791853016599388504e-02 3.673761052997105616e-03
4.742444808784553323e-01 7.006620863565986568e-01 -1.554967726614208401e-01 8.104813506858946082e-03
5.797007718945098587e-01 2.046585250245901155e-01 -1.073757539769466460e-02 -9.146335668862701131e-04
2.782025779163956880e-01 6.773484545167740567e-01 -1.210067617100822335e-01 5.707626582815512363e-03
7.254190076607590631e-01 2.017114469811228938e-01 -2.634558719311419148e-02 4.770215581829664810e-04
6.115395838365020875e-01 1.863164206011092006e-01 -6.865534440607117157e-03 -1.142817740013602444e-03
4.740837420407723046e-01 5.011759344964061835e-01 -9.854441231425817294e-02 5.053773535365627817e-03
6.724265987133257738e-01 2.495176384105035894e-01 -3.297557282687744312e-02 7.013616766572535128e-04
4.322630907678415846e-01 6.161992313721673664e-01 -1.201475750104093188e-01 5.463569205724817975e-03
2.775494035766776224e-01 6.207402651539407623e-01 -1.088727070759266391e-01 4.790688112743795614e-03
6.844734533367803353e-01 1.648400667498365058e-01 -5.390282194225022930e-03 -1.125861052919252016e-03
8.210137913713806412e-01 9.957796620500664053e-02 -1.009574117246869220e-02 2.593080794712822887e-04
3.801493736748132179e-01 4.996141430971480779e-01 -8.385576518474265051e-02 3.473768875928232198e-03
2.981255490007114761e-01 4.978835189870342570e-01 -6.942323356544893853e-02 2.398432034746432982e-03
3.164090422086307530e-01 5.636558410508988315e-01 -8.147921673204390480e-02 2.672860117231671846e-03
2.661996121289793016e-01 4.935566991573504536e-01 -6.490917497377696188e-02 2.033857362158137706e-03
8.099333772329149195e-01 2.779322893693420005e-01 -6.331827744162926708e-02 3.609477249144449687e-03
6.030447628845336805e-01 4.727731532982020757e-01 -9.342885827572226798e-02 4.017104940357139886e-03
7.841665622811523351e-01 4.144942132964333781e-01 -1.004866809426302049e-01 4.919328412436377307e-03
1.219526570783387553e+00 -1.104971456311629463e-01 2.011134726967956157e-02 -1.070865006898290370e-03
8.274505420307779469e-01 1.243214707832813598e-01 -1.369572458185022365e-02 8.493580883054046638e-05
9.883801987373264097e-01 7.770778240691438021e-02 -9.303628146990495715e-03 -3.846989567966955246e-04
3.304032715544424903e-01 5.235300760226607730e-01 -8.237223718264448380e-02 3.122268756318030865e-03
4.090415071991488905e-01 6.346348782467815530e-01 -1.099939563155164779e-01 4.703421724050599155e-03
8.119197636293249420e-01 3.497123019036592617e-01 -8.898389672644842208e-02 5.260587485203517717e-03
8.525065754242956428e-01 2.444975195189837691e-01 -5.450636077013133046e-02 2.773316363328665393e-03
1.363823808875879617e+00 -2.157039512964529226e-01 4.412884989659096591e-02 -2.641078909974311009e-03
3.827178965993792703e-01 3.925813563071888224e-01 -5.045654309963783918e-02 1.520462076962069082e-03
1.021490746589052367e+00 -1.178232013801915751e-01 4.595800672511583113e-02 -3.689437738107555816e-03
1.409875343631025402e+00 -2.166113016720057627e-01 3.323564294506207994e-02 -1.547511476340288072e-03
5.545486432088432283e-01 1.758379764075840290e-01 2.487226325997579559e-03 -1.942134786393712826e-03
3.992797174932909421e-01 5.475277414231816131e-01 -9.039391641587449233e-02 3.811556798809234269e-03
2.977664640019109799e-01 6.971231171008378524e-01 -1.341654771705704241e-01 6.225438497570265177e-03
3.060292585638775820e-01 7.851563314072561584e-01 -1.584704867514391269e-01 7.466819889052871660e-03
2.806939874113743572e-01 7.809404417706806711e-01 -1.510824096170364228e-01 7.136146639536259349e-03
4.723711193324328095e-01 6.592838520925131673e-01 -1.391634706116997300e-01 7.338609066636829145e-03
3.969691024950096625e-01 4.829840584948141835e-01 -7.018166101673725676e-02 2.220455357627076041e-03
6.134588949712056483e-01 2.682706371810847923e-01 -3.548667308664376491e-02 1.207310029397350506e-03
6.275237243227772543e-01 4.779618760474220740e-01 -9.935722644483331589e-02 4.350389701870550040e-03
4.528340865717447317e-01 3.053986665395512778e-01 -2.555290624016321593e-02 -3.666251054635060185e-04
3.094193478975847400e-01 6.727150418921837849e-01 -1.162969574764731590e-01 4.924760238021492521e-03
6.272942222001511858e-01 5.924693738497993634e-01 -1.391840433803142874e-01 7.459723791643448412e-03
1.236180827168825491e+00 1.986480665691174249e-02 -2.097865891887304782e-02 1.366875560464512291e-03
5.237127370121720249e-01 4.855530457182130610e-01 -9.398639601389097153e-02 4.694665389584364544e-03
6.503724749700183771e-01 1.704991152005229105e-01 -6.142081678342777538e-03 -9.957184298893602577e-04
5.227189445470865614e-01 7.525913406675410755e-01 -1.874553124826263961e-01 1.051138094787146086e-02
5.883704657583849196e-01 4.562427411111315001e-01 -8.381975986380893473e-02 3.892573453145191376e-03
4.121498055889910583e-01 4.698127674163473655e-01 -6.503481787336555520e-02 1.845865943059984840e-03
6.709926894447972856e-01 3.776318254933933027e-01 -7.290242124481396968e-02 3.458698348095486531e-03
2.085021952201076001e-01 6.278177884014062293e-01 -9.776278316085808273e-02 3.641324170594184215e-03
7.412092028217177608e-01 2.048697511649840430e-01 -3.526897842638759828e-02 1.757191041982814755e-03
2.739545017257996040e-01 6.311852550237164738e-01 -1.154089877964008387e-01 5.660881741574200904e-03
4.020193285918411408e-01 4.335371176758887057e-01 -6.294864976889921748e-02 1.969856475914696405e-03
7.328687346127017443e-01 5.069041613723778150e-01 -1.170905001136523654e-01 5.670066623226423241e-03
3.470006855693877346e-01 5.254858189457648487e-01 -8.708066572408862394e-02 3.417819134436839157e-03
9.342800337002223898e-01 6.186325354560409662e-02 -5.178131577862272669e-03 -1.197059556032075464e-04
1.474574214982351528e+00 -2.858537450355606024e-01 5.044417946876284670e-02 -2.922725812462851919e-03
5.086059695922415802e-01 5.571569048872085927e-01 -1.108641902114029659e-01 5.180848510861524141e-03
4.003553535057338131e-01 3.962729293761769744e-01 -5.496541176252932315e-02 1.868800019110468304e-03
2.524389319936976017e-01 4.772735056276575794e-01 -5.483344591371400178e-02 9.515543035663025923e-04
2.577016377023649829e-01 5.366467492307468445e-01 -8.184237797773265266e-02 3.116714848597183438e-03
9.215889087615150022e-01 8.891476762718761306e-02 -1.509185472345932200e-02 5.230627748185683826e-04
3.274957130579580489e-01 7.668623288166547258e-01 -1.482038479631270222e-01 6.873750592192610573e-03
2.160757222061663596e-01 6.744424725616228189e-01 -1.245429621835073414e-01 6.254688407939003325e-03
5.208634779887336697e-01 4.597165048182866309e-01 -9.141748034294996939e-02 4.671830367494749121e-03
7.769048172709420719e-01 3.909545151185342959e-01 -9.364061608445632678e-02 5.163175109556908567e-03
5.095479156230799944e-01 3.260668201887297335e-01 -4.001147603030567879e-02 8.452455928788541947e-04
4.245775236825716781e-01 4.380106167492471836e-01 -7.397153843626801117e-02 3.469122737626202570e-03
5.278547715656547457e-01 3.761311359170940172e-01 -6.681691102257679427e-02 3.456454553789799038e-03
4.767813621198727092e-01 3.807991121189310268e-01 -6.056721201712032127e-02 2.688326966931307155e-03
5.862771930137841148e-01 4.395522385479151972e-01 -7.394411212074514239e-02 2.521439724806914025e-03
1.065103914098102900e+00 8.410237997213514116e-02 -1.510543228007320271e-02 1.074702716823491431e-04
8.599334826786613206e-01 1.959408104152840779e-01 -2.337501485324612951e-02 -1.317304658716612496e-04
5.607933309782420217e-01 6.150322860291587146e-01 -1.385830180836457592e-01 6.983355963667820139e-03
9.506634707910515125e-01 1.506033824171704449e-01 -2.949188464913599442e-02 1.413199005573048282e-03
6.558627135189323276e-01 2.597961527446872587e-01 -3.748290904913619687e-02 1.370622052499264210e-03
5.747246255905451573e-01 2.309381665656468907e-01 -2.165905031681688783e-02 1.667034487861293861e-04
4.110169685517121030e-01 5.310859894888120269e-01 -8.744593746413908963e-02 3.836510951333890578e-03
5.497152949423572688e-01 4.765460517030911114e-01 -9.178889899778419625e-02 4.225356643749728427e-03
6.189803992723125203e-01 4.850049940316467079e-01 -9.871567874634257223e-02 4.477723555318924818e-03
3.348266765220397345e-01 6.749600650568188254e-01 -1.264831409398101958e-01 5.573012059617317611e-03
5.462221471922629190e-01 3.641811507360638300e-01 -5.485598726425133798e-02 1.941477956420195258e-03
9.731686683636396884e-01 2.007437826101814426e-01 -5.075534874284684528e-02 2.442789712810782953e-03
2.579627017671464184e-01 7.420718528830533289e-01 -1.381726590816319267e-01 6.828703515253321983e-03
7.708733018441086271e-01 1.538753019583787296e-01 -1.499748184937103185e-02 -1.467150526339265587e-05
2.362874373861261479e-01 5.684234328716029072e-01 -8.998610629216956258e-02 3.993747626838659720e-03
1.058615657340886695e+00 -7.219160286168108120e-02 2.673482182566433094e-02 -2.282817528981434529e-03
1.101046639179076747e+00 -7.299036920344859070e-02 1.550328830463563838e-02 -8.278611367446553609e-04
5.439705049725633845e-01 4.727152621484929651e-01 -8.107164661384289039e-02 3.040644021845129771e-03
3.182134338364432935e-01 5.071972053999872498e-01 -7.597143057844099601e-02 2.618949248645117706e-03
8.690860739619394870e-01 1.009659998380856433e-01 -2.563737042774144863e-03 -1.023007011165658064e-03
4.276721900555803257e-01 4.008854868821183914e-01 -6.005025674567909116e-02 2.494273156235197499e-03
6.970187532062475100e-01 3.930218329568755387e-01 -6.799802546506449052e-02 2.514747842341168941e-03
2.649051184717657326e-01 6.501166134319260603e-01 -1.202788159807446355e-01 6.140013369736583085e-03
7.242811814396731274e-01 5.042364752044239395e-01 -1.179506790117398757e-01 5.735742740468603371e-03
2.162275649762152308e-01 8.059956834499959477e-01 -1.538976649565987620e-01 7.518579770017503813e-03
1.063587160291731282e+00 -1.308770151672839499e-01 4.228071803123806260e-02 -3.102753735878128159e-03
8.950908705596620774e-01 5.563020339662685942e-02 4.692497470140940402e-03 -1.401164748622905952e-03
3.704015326160183808e-01 5.368478933313636237e-01 -9.258457326778704588e-02 3.913317019400066113e-03
2.130388339344295168e-01 6.249739367435251935e-01 -9.549222762403102027e-02 3.647346871345540087e-03
7.541729407568420473e-01 1.280930579584138029e-01 -9.270965240245511788e-03 -1.822871497386876474e-04
3.614608043807323035e-01 4.364000609546468956e-01 -5.482609101109296029e-02 1.286086049620535415e-03
5.192270899889990243e-01 6.231776285485689515e-01 -1.267966472200380279e-01 6.343090678971563881e-03
5.538387129309549906e-01 5.842595261036985788e-01 -1.076015364246920847e-01 4.614758953907720229e-03
2.227056447766959935e-01 8.725122015960201649e-01 -1.758441754655305500e-01 8.621123756964846341e-03
2.362234368115720684e-01 8.407830380790265457e-01 -1.738633465787138010e-01 8.711204161948151239e-03
6.704975698939937834e-01 4.413114177514708691e-01 -8.709786140256006726e-02 3.663598763302071838e-03
4.174529885635102633e-01 4.333372483254379071e-01 -7.064915553288951544e-02 3.404457891203668644e-03
2.861981839260123173e-01 5.542078418530651529e-01 -8.630601340054747106e-02 3.335263873140346252e-03
3.446883252938012787e-01 6.258461563386021886e-01 -1.077214768973237952e-01 4.326761162189919629e-03
5.551584710275782042e-01 3.038537504229320008e-01 -3.335410600981569829e-02 1.751343147820688131e-04
3.972264575486585403e-01 4.314621470203444109e-01 -6.221704560211968604e-02 2.254570764106646023e-03
2.370944283049953583e-01 7.583057064899977329e-01 -1.432357173957897190e-01 7.245830785180084992e-03
4.274269029174593837e-01 3.942063899384667947e-01 -5.680801217839732270e-02 2.026492910942318936e-03
4.479524058349592663e-01 4.456361518350818174e-01 -7.832390902111545372e-02 3.913204221018110919e-03
2.244885019289477868e-01 6.080289398357988651e-01 -9.740763203700403272e-02 3.679277887839978514e-03
2.016694945155248775e-01 5.158841154250708438e-01 -6.211128546770063735e-02 1.345132877499204344e-03
4.096816849706473862e-01 4.906573205429666240e-01 -8.603999601231218652e-02 4.030657751300128003e-03
3.898697967652121621e-01 4.065934771270050541e-01 -5.419693499638465750e-02 1.569208021511465890e-03
6.267689081157140629e-01 4.485416025578444210e-01 -8.276691778309745728e-02 4.056393767817106054e-03
4.269400759541872592e-01 4.805795224593681358e-01 -7.971842205541443405e-02 2.862459522344785404e-03
2.334549599034561607e-01 5.767019004078645095e-01 -9.101101311472813149e-02 3.959092615351779941e-03
8.596464278225534050e-01 3.045599937794675749e-01 -6.647746376498650522e-02 3.726302214712001563e-03
5.845563076191898633e-01 6.552911112069816912e-01 -1.543215459777253495e-01 8.096296149271214534e-03
4.782607873304660639e-01 6.877252372398747760e-01 -1.585109381420547470e-01 8.380300312004870106e-03
8.523188012685686266e-01 3.433603321489030191e-02 1.833174971058900565e-02 -2.318899756473238351e-03
3.972826893997439823e-01 4.201747550097806316e-01 -5.574937980705201718e-02 1.517143772540627917e-03
3.964120265349903027e-01 5.478809801381044897e-01 -1.016670126812934255e-01 4.942398643631437834e-03
4.464185616525888634e-01 5.207843523641234595e-01 -8.751424811837481277e-02 3.845415458305334253e-03
4.055598305411109439e-01 4.851886530730609715e-01 -7.468938277465453357e-02 2.871518863498498820e-03
6.364895701883224177e-01 3.857197345685788870e-01 -6.390955862687869304e-02 2.634415701900773808e-03
3.116749827776036930e-01 6.133770919952777900e-01 -1.018383097613820426e-01 3.840322134545299127e-03
4.027615143071253678e-01 5.092443350597315455e-01 -8.589591285534854681e-02 3.495176861255110210e-03
2.542048015854751486e-01 5.943002326812887315e-01 -9.536216253561555223e-02 3.431359986743684736e-03
6.020319114674385075e-01 3.813442565869216705e-01 -5.834419246598628733e-02 2.132815760922713005e-03
5.259321860738135346e-01 2.853995174042214256e-01 -2.858171926987079434e-02 6.943909047970953715e-05
1.355159270651684400e+00 -1.269408484698827111e-01 1.255099492089069985e-02 -4.121984877493973620e-04
2.792408616312498371e-01 6.244914317317608043e-01 -9.451018985487460999e-02 3.201638484549968432e-03
6.213715856648961422e-01 3.248213689802644799e-01 -6.075744738160082647e-02 3.212046478405103812e-03
4.161887961150320669e-01 5.082965899467440929e-01 -8.883146517014409160e-02 4.174361389685290677e-03
1.258795594052561917e+00 -8.175076345906454045e-02 9.374170329014403641e-03 -4.955782656792095259e-04
7.909311730486198178e-01 2.903605766267953747e-01 -5.318971063493067170e-02 2.556563207738588896e-03
4.265453381895000229e-01 4.292699104739279847e-01 -6.956825394277808827e-02 3.027258963144330468e-03
4.249619768763743255e-01 4.781677779122143201e-01 -7.792048037077362044e-02 3.418518505128219798e-03
2.874996260022057437e-01 6.469731394046355222e-01 -1.241925432969671200e-01 6.345551696813154542e-03
3.159738208097068179e-01 5.003771290215456302e-01 -8.077626257258649356e-02 3.736243699464888990e-03
3.743553929257666391e-01 5.531472106175518988e-01 -1.004002127353262053e-01 4.646574963431832246e-03
1.113566439653389972e+00 7.754140649291872689e-02 -2.751451189900027891e-02 1.914103531260569939e-03
4.654564912865136184e-01 4.882774298539024893e-01 -8.757219918912242940e-02 4.131718761632045128e-03
9.761149968786152487e-01 1.788880680048356708e-01 -3.741494678098047227e-02 1.486527213769918724e-03
8.800600201246338017e-01 2.917643511599314898e-01 -7.342044206351332203e-02 4.014471687772826029e-03
1.342119605444559438e+00 -1.789470991187739612e-01 3.181577512740219049e-02 -2.037655661057008807e-03
4.173934206819623349e-01 5.998393802708164024e-01 -1.045565348700179531e-01 4.737986463386456397e-03
7.958369154350646291e-01 3.745698145620255382e-01 -8.186256476390674219e-02 4.150570511053686476e-03
4.447806728821692146e-01 5.428332197796452707e-01 -1.001461076983975462e-01 4.282257065756371085e-03
2.790004724089248378e-01 7.314356149541106911e-01 -1.483234024826035613e-01 7.811381439518009714e-03
4.572561545350352086e-01 4.096117817797711447e-01 -6.085783760604300541e-02 2.280850208997872025e-03
5.699479590783639305e-01 5.956680786266200789e-01 -1.389028825846055915e-01 7.656710404903601698e-03
4.055584164867110930e-01 4.163882358411216122e-01 -5.027494997896062717e-02 9.666295951452236754e-04
4.950007663993521434e-01 2.955191370634503989e-01 -2.714549460596146768e-02 -6.029438821582687870e-05
