1.258925411794171360e+17 3.172883714267560151e+01 3.172912586745309227e+01 3.172951349259148301e+01
1.262266775442936000e+17 3.173076708124821010e+01 3.173104896541708797e+01 3.173178219939608269e+01
1.265617007536896640e+17 3.173233367831317153e+01 3.173306283677310802e+01 3.173570468751680096e+01
1.268976131614164480e+17 3.173382711625922781e+01 3.173507866356990803e+01 3.173962717563752634e+01
1.272344171275293120e+17 3.173532055420528053e+01 3.173709621138981163e+01 3.174354966375825526e+01
1.275721150183485920e+17 3.173681399215133681e+01 3.173911390722939174e+01 3.174747215187898419e+01
1.279107092064740960e+17 3.173830743009738242e+01 3.174113160306896475e+01 3.175139463999969891e+01
1.282502020708060000e+17 3.173980086804343870e+01 3.174314929890854842e+01 3.175531712812042784e+01
1.285905959965552640e+17 3.174129430598949142e+01 3.174516699474812498e+01 3.175923961624115677e+01
1.289318933752635040e+17 3.174278774393554059e+01 3.174718469058770154e+01 3.176316190603602863e+01
1.292740966048230080e+17 3.174428118188159331e+01 3.174920238642728165e+01 3.176700481111443253e+01
1.296172080894872640e+17 3.174577461982764603e+01 3.175122008226686177e+01 3.177084609107314250e+01
1.299612302398919840e+17 3.174726805777370231e+01 3.175323777810644188e+01 3.177468737103185248e+01
1.303061654730700160e+17 3.174876149571975148e+01 3.175525547394601489e+01 3.177852865099054469e+01
1.306520162124725280e+17 3.175025493366580420e+01 3.175727316978559855e+01 3.178236993094925467e+01
1.309987848879796800e+17 3.175174837161185692e+01 3.175929086562517512e+01 3.178621988172887924e+01
1.313464739359208800e+17 3.175324180955790965e+01 3.176130856146475168e+01 3.179008193816622097e+01
1.316950857990950720e+17 3.175473524750396237e+01 3.176333015125509718e+01 3.179394400713629665e+01
1.320446229267815360e+17 3.175622868545001865e+01 3.176541779138541699e+01 3.179779661943335967e+01
1.323950877747613600e+17 3.175772212339607137e+01 3.176750543151573325e+01 3.180164327846013350e+01
1.327464828053325280e+17 3.175921556134212054e+01 3.176958089798793594e+01 3.180548993748689668e+01
1.330988104873315520e+17 3.176070899928817326e+01 3.177165821921119715e+01 3.180933659651367051e+01
1.334520732961443200e+17 3.176220243723422954e+01 3.177374115368994367e+01 3.181318325554044790e+01
1.338062737137267520e+17 3.176371892582908174e+01 3.177582485340752427e+01 3.181702991456721108e+01
1.341614142286255040e+17 3.176528309067939304e+01 3.177790855312510843e+01 3.182087657359398492e+01
1.345174973359888800e+17 3.176684725552970434e+01 3.177999225284269258e+01 3.182472323262076230e+01
1.348745255375887680e+17 3.176841142038001564e+01 3.178208488718710001e+01 3.182856600979394202e+01
1.352325013418360000e+17 3.176997558523031984e+01 3.178417997981744136e+01 3.183239697765312215e+01
1.355914272638023840e+17 3.177153975008063114e+01 3.178627507244778627e+01 3.183622794551231294e+01
1.359513058252317760e+17 3.177310391493094244e+01 3.178837016507813118e+01 3.184005891337150373e+01
1.363121395545610720e+17 3.177466807978124308e+01 3.179046525770846898e+01 3.184388988123068032e+01
1.366739309869413440e+17 3.177623224463155793e+01 3.179256035033881389e+01 3.184772084908987111e+01
1.370366826642489760e+17 3.177779640948186568e+01 3.179465544296915880e+01 3.185155181694906190e+01
1.374003971351079360e+17 3.177936057433217698e+01 3.179680777822634496e+01 3.185538278480825269e+01
1.377650769549055040e+17 3.178092473918248118e+01 3.179897208818280063e+01 3.185921385463741373e+01
1.381307246858146400e+17 3.178248890403279248e+01 3.180112533202780867e+01 3.186303174972410801e+01
1.384973428968053280e+17 3.178405306888310378e+01 3.180327857587282026e+01 3.186684737972786507e+01
1.388649341636659520e+17 3.178561723373340797e+01 3.180543181971782118e+01 3.187066300973161148e+01
1.392335010690247840e+17 3.178718139858371927e+01 3.180756528916109005e+01 3.187447863973536499e+01
1.396030462023613600e+17 3.178874556343403057e+01 3.180969548099152178e+01 3.187829426973912206e+01
1.399735721600291680e+17 3.179030972828434187e+01 3.181182567282195706e+01 3.188210989974287912e+01
1.403450815452716640e+17 3.179187389313464607e+01 3.181395586465238523e+01 3.188592236302200789e+01
1.407175769682451200e+17 3.179343805798495382e+01 3.181608605648281696e+01 3.188973143043880398e+01
1.410910610460300320e+17 3.179500222283526867e+01 3.181821624831325579e+01 3.189353382009315041e+01
1.414655364026530240e+17 3.179662112686071040e+01 3.182034644014368041e+01 3.189732740885124329e+01
1.418410056691087520e+17 3.179825446637132202e+01 3.182247663197411214e+01 3.190112099760934683e+01
1.422174714833713600e+17 3.179988916932730092e+01 3.182460682380454742e+01 3.190491458636745392e+01
1.425949364904177440e+17 3.180152628689747374e+01 3.182673701563498270e+01 3.190870817512555746e+01
1.429734033422437600e+17 3.180316340446764301e+01 3.182889991366869964e+01 3.191250176388365389e+01
1.433528746978875520e+17 3.180480052203781227e+01 3.183107926825254808e+01 3.191629535264175743e+01
1.437333532234411680e+17 3.180643763960798864e+01 3.183325862283639651e+01 3.192010497855720885e+01
1.441148415920728960e+17 3.180807493827234467e+01 3.183543797742024140e+01 3.192408733529314091e+01
1.444973424840494400e+17 3.180971289902643306e+01 3.183761733200408628e+01 3.192812035449185615e+01
1.448808585867478720e+17 3.181139475388242488e+01 3.183979668658793472e+01 3.193215337369056783e+01
1.452653925946790080e+17 3.181308261295516715e+01 3.184198407592594293e+01 3.193618639288927596e+01
1.456509472095041600e+17 3.181477051378590559e+01 3.184420107043631987e+01 3.194021941208797699e+01
1.460375251400587520e+17 3.181645841461665469e+01 3.184641806494670391e+01 3.194425243128669223e+01
1.464251291023642880e+17 3.181814631544740379e+01 3.184863505945708795e+01 3.194828545048540391e+01
1.468137618196509440e+17 3.181983421627814224e+01 3.185085205396746488e+01 3.195231846968410494e+01
1.472034260223803520e+17 3.182152211710889134e+01 3.185306904847784892e+01 3.195635254039328288e+01
1.475941244482575680e+17 3.182321001793963688e+01 3.185528604298823296e+01 3.196043135226678444e+01
1.479858598422550720e+17 3.182489791877038598e+01 3.185750303749861700e+01 3.196451016414028956e+01
1.483786349566296960e+17 3.182658581960112798e+01 3.185972926239175607e+01 3.196858897601377691e+01
1.487724525509467520e+17 3.182833055063247230e+01 3.186201518378626574e+01 3.197266778788727848e+01
1.491673153920922560e+17 3.183013373623064268e+01 3.186430263281661723e+01 3.197674659976078360e+01
1.495632262542958080e+17 3.183189562193979327e+01 3.186652052235280053e+01 3.198082541163427095e+01
1.499601879191539840e+17 3.183362355730652737e+01 3.186873263899698827e+01 3.198490422350777251e+01
1.503582031756423360e+17 3.183535149267326148e+01 3.187094836262921049e+01 3.198899194293850456e+01
1.507572748201400640e+17 3.183707942803999913e+01 3.187316408626143271e+01 3.199311349156659645e+01
1.511574056564470400e+17 3.183880736340672968e+01 3.187537980989364783e+01 3.199721586459986256e+01
1.515585984958085120e+17 3.184053529877346378e+01 3.187759553352587005e+01 3.200096396093448448e+01
1.519608561569275200e+17 3.184226323414019788e+01 3.187981125715809227e+01 3.200471205726910284e+01
1.523641814659882880e+17 3.184399116950693198e+01 3.188202698079030739e+01 3.200846015360370700e+01
1.527685772566798720e+17 3.184571910487366608e+01 3.188424270442252961e+01 3.201220824993833247e+01
1.531740463702086080e+17 3.184742782994824140e+01 3.188645842805475183e+01 3.201595634627295084e+01
1.535805916553230080e+17 3.184913005262179553e+01 3.188867415168697406e+01 3.201969079448109312e+01
1.539882159683312960e+17 3.185083227529534611e+01 3.189088987531918917e+01 3.202339026285852697e+01
1.543969221731265600e+17 3.185253449796889669e+01 3.189313122183639493e+01 3.202708455704167534e+01
1.548067131411992320e+17 3.185423672064245082e+01 3.189538845780542076e+01 3.203077885122482371e+01
1.552175917516611200e+17 3.185593894331600140e+01 3.189768012840820788e+01 3.203447314540796498e+01
1.556295608912693440e+17 3.185764116598955198e+01 3.190002753701513427e+01 3.203816743959111335e+01
1.560426234544391360e+17 3.185934338866310966e+01 3.190237494562206422e+01 3.204186173377426172e+01
1.564567823432691520e+17 3.186110013249169626e+01 3.190472235422899061e+01 3.204555602795740299e+01
1.568720404675593280e+17 3.186286542244648956e+01 3.190706976283590990e+01 3.204925032214054426e+01
1.572884007448364480e+17 3.186463071240128642e+01 3.190941717144283984e+01 3.205293869771360704e+01
1.577058661003670400e+17 3.186639600235608683e+01 3.191176458004976269e+01 3.205659986387750848e+01
1.581244394671815680e+17 3.186816129231088013e+01 3.191406203891125415e+01 3.206026103004138861e+01
1.585441237860992000e+17 3.186992658226567698e+01 3.191633119906570926e+01 3.206392219620528294e+01
1.589649220057404480e+17 3.187169187222047739e+01 3.191860035922016436e+01 3.206758336236917728e+01
1.593868370825532480e+17 3.187345716217527425e+01 3.192086951937461592e+01 3.207124452853307872e+01
1.598098719808309440e+17 3.187522245213006755e+01 3.192313867952906037e+01 3.207490569469695885e+01
1.602340296727385920e+17 3.187698779360682266e+01 3.192543664642023771e+01 3.207856686086085318e+01
1.606593131383257280e+17 3.187879516439236838e+01 3.192774905102805860e+01 3.208222784263814020e+01
1.610857253655514880e+17 3.188060253517790699e+01 3.193006145563587239e+01 3.208587634019694690e+01
1.615132693503092800e+17 3.188240990596344915e+01 3.193237386024369329e+01 3.208950582684831687e+01
1.619419480964401920e+17 3.188421727674899486e+01 3.193469022352021724e+01 3.209313531349969395e+01
1.623717646157591680e+17 3.188602464753454058e+01 3.193705679249367080e+01 3.209676480015106392e+01
1.628027219280736320e+17 3.188783201832007919e+01 3.193942336146712080e+01 3.210039428680243390e+01
1.632348230612099840e+17 3.188963938910562490e+01 3.194178993044057080e+01 3.210402377345380387e+01
1.636680710510269120e+17 3.189144675989117061e+01 3.194415649941402435e+01 3.210765326010518095e+01
1.641024689414406400e+17 3.189332616146420207e+01 3.194652306838747080e+01 3.211128274675653671e+01
1.645380197844504960e+17 3.189521639526546792e+01 3.194888963736092791e+01 3.211491171821886326e+01
1.649747266401520960e+17 3.189710662906673733e+01 3.195125620633437791e+01 3.211852487654842747e+01
1.654125925767644160e+17 3.189899686286800318e+01 3.195362277530783501e+01 3.212212408118171680e+01
1.658516206706484800e+17 3.190088709666926547e+01 3.195599458196899079e+01 3.212572328581499903e+01
1.662918140063345280e+17 3.190277733047053488e+01 3.195841855270835552e+01 3.212932249044828836e+01
1.667331756765354880e+17 3.190466756427180783e+01 3.196084397775137731e+01 3.213292169508158480e+01
1.671757087821727680e+17 3.190655779807307013e+01 3.196326940279438844e+01 3.213652089971486703e+01
1.676194164324021120e+17 3.190844803187433598e+01 3.196569482783741023e+01 3.214012010434816347e+01
1.680643017446273920e+17 3.191033826567560538e+01 3.196812025288043202e+01 3.214371930898145280e+01
1.685103678445277760e+17 3.191222849947687479e+01 3.197054567792345381e+01 3.214731780561253771e+01
1.689576178660770880e+17 3.191411873327813709e+01 3.197297110296646494e+01 3.215089942420834035e+01
1.694060549515712960e+17 3.191600896707940294e+01 3.197539652800948318e+01 3.215446969551772582e+01
1.698556822516423360e+17 3.191789922641245170e+01 3.197783953194511852e+01 3.215803996682710419e+01
1.703065029252842560e+17 3.191979122953967618e+01 3.198029446473636028e+01 3.216161023813647546e+01
1.707585201398798400e+17 3.192168323266690422e+01 3.198269739803915002e+01 3.216518050944585383e+01
1.712117370712142080e+17 3.192357523579413225e+01 3.198507852871646406e+01 3.216875078075522509e+01
1.716661569035030080e+17 3.192554192296609017e+01 3.198746527652922822e+01 3.217232105206461057e+01
1.721217828294117440e+17 3.192751874209001883e+01 3.198987393252953382e+01 3.217589132337398183e+01
1.725786180500838720e+17 3.192949556121395105e+01 3.199230158211310027e+01 3.217946081365414557e+01
1.730366657751550400e+17 3.193147238033787971e+01 3.199472923169667382e+01 3.218301429140148429e+01
1.734959292227795840e+17 3.193344919946180838e+01 3.199715688128023316e+01 3.218655693137203144e+01
1.739564116196576320e+17 3.193542601858574059e+01 3.199958453086379961e+01 3.219009957134258570e+01
1.744181162010490560e+17 3.193740283770966926e+01 3.200201218044737317e+01 3.219364221131313997e+01
1.748810462108020800e+17 3.193937965683360147e+01 3.200443983003093962e+01 3.219718485128369423e+01
1.753452049013730560e+17 3.194131875893050676e+01 3.200686747961449896e+01 3.220072749125424139e+01
1.758105955338551040e+17 3.194320257289024667e+01 3.200929512919807252e+01 3.220427013122480275e+01
1.762772213779925440e+17 3.194508638684999013e+01 3.201172277878163897e+01 3.220786403460991210e+01
1.767450857122078720e+17 3.194697020080972294e+01 3.201415042836519831e+01 3.221155028625220496e+01
1.772141918236294400e+17 3.194885401476946285e+01 3.201657807794876476e+01 3.221522880836529623e+01
1.776845430081057280e+17 3.195073782872920276e+01 3.201900572753234542e+01 3.221890241659900056e+01
1.781561425702342720e+17 3.195262164268894978e+01 3.202145575142306200e+01 3.222257602483270489e+01
1.786289938233820800e+17 3.195450545664868258e+01 3.202392960068386429e+01 3.222624963306640922e+01
1.791031000897145920e+17 3.195640447571110343e+01 3.202640344994467370e+01 3.222992324130011355e+01
1.795784647002104000e+17 3.195834442384478891e+01 3.202887729920549020e+01 3.223359684953382498e+01
1.800550909946890240e+17 3.196028603035347260e+01 3.203135114846628539e+01 3.223727045776751510e+01
1.805329823218386240e+17 3.196222763686215984e+01 3.203382499772710901e+01 3.224094406600122653e+01
1.810121420392309120e+17 3.196416924337084708e+01 3.203629884698791841e+01 3.224461704054670008e+01
1.814925735133504960e+17 3.196611084987953433e+01 3.203877269624872781e+01 3.224827882799273482e+01
1.819742801196157120e+17 3.196805245638821447e+01 3.204124654550953011e+01 3.225193897316504632e+01
1.824572652424080320e+17 3.196999406289690171e+01 3.204372039477033951e+01 3.225559911833736493e+01
1.829415322750872320e+17 3.197193566940558895e+01 3.204619424403115602e+01 3.225925926350969064e+01
1.834270846200194240e+17 3.197387727591426909e+01 3.204866809329195831e+01 3.226291940868199504e+01
1.839139256886056640e+17 3.197581888242295989e+01 3.205114194255277482e+01 3.226657955385432075e+01
1.844020589012967040e+17 3.197776048893164358e+01 3.205363893676610587e+01 3.227023969902663936e+01
1.848914876876233280e+17 3.197970209544033082e+01 3.205615862642119396e+01 3.227389984419896507e+01
1.853822154862171200e+17 3.198164370194901096e+01 3.205867831607625362e+01 3.227755822327927149e+01
1.858742457448408640e+17 3.198358530845770176e+01 3.206119800573134171e+01 3.228120484502859711e+01
1.863675819204036800e+17 3.198552691496638545e+01 3.206371769538641558e+01 3.228485146677791562e+01
1.868622274789897280e+17 3.198746852147506914e+01 3.206623738504148946e+01 3.228849808852722703e+01
1.873581858958872320e+17 3.198945110160123306e+01 3.206875707469657044e+01 3.229214471027655264e+01
1.878554606556037760e+17 3.199149075619403249e+01 3.207127676435165142e+01 3.229579133202587826e+01
1.883540552518968320e+17 3.199358100204260325e+01 3.207379645400672530e+01 3.229934133613136993e+01
1.888539731877952000e+17 3.199567124789117045e+01 3.207631614366179917e+01 3.230284214668176901e+01
1.893552179756299200e+17 3.199776149373974121e+01 3.207883583331688016e+01 3.230634295723218230e+01
1.898577931370495040e+17 3.199985173958831552e+01 3.208135552297196114e+01 3.230983989954780355e+01
1.903617022030510400e+17 3.200194198543689339e+01 3.208387763447527163e+01 3.231331774372771548e+01
1.908669487140018240e+17 3.200403223128545704e+01 3.208646681146440471e+01 3.231679558790762030e+01
1.913735362196704000e+17 3.200612247713402780e+01 3.208920399489421271e+01 3.232027343208753223e+01
1.918814682792422720e+17 3.200821272298259856e+01 3.209194117832402071e+01 3.232375127626744415e+01
1.923907484613494080e+17 3.201030296883116932e+01 3.209467836175382871e+01 3.232722912044734187e+01
1.929013803441002880e+17 3.201239321467974008e+01 3.209741554518363671e+01 3.233070696462726090e+01
1.934133675150953600e+17 3.201448346052831084e+01 3.210015272861345181e+01 3.233418480880717283e+01
1.939267135714570880e+17 3.201657370637687450e+01 3.210288991204325271e+01 3.233766265298707054e+01
1.944414221198599680e+17 3.201862413573875443e+01 3.210562709547306781e+01 3.234114016881832754e+01
1.949574967765463360e+17 3.202065265773207159e+01 3.210836427890287581e+01 3.234459808183731866e+01
1.954749411673581120e+17 3.202272504747214299e+01 3.211110146233269091e+01 3.234807780993939730e+01
1.959937589277591360e+17 3.202479857783681894e+01 3.211383864576249181e+01 3.235168278816633602e+01
1.965139537028671040e+17 3.202687555550908627e+01 3.211659953533572320e+01 3.235528776639329607e+01
1.970355291474694720e+17 3.202895396518702142e+01 3.211939721483190624e+01 3.235889274462024900e+01
1.975584889260557120e+17 3.203103237486497079e+01 3.212198106364201067e+01 3.236249772284720194e+01
1.980828367128396800e+17 3.203311078454289884e+01 3.212468521525205034e+01 3.236610270107414777e+01
1.986085761917919680e+17 3.203518919422084110e+01 3.212740150756667390e+01 3.236970767930110071e+01
1.991357110566561280e+17 3.203726760389878336e+01 3.213011779988129746e+01 3.237331222878675874e+01
1.996642450109793280e+17 3.203934601357671852e+01 3.213283409219591391e+01 3.237690670040088747e+01
2.001941817681434880e+17 3.204142442325465368e+01 3.213555038451053747e+01 3.238050027798989561e+01
2.007255250513813120e+17 3.204350283293260304e+01 3.213826667682516813e+01 3.238409385557890374e+01
2.012582785938092480e+17 3.204558124261053820e+01 3.214098296913978459e+01 3.238768743316791188e+01
2.017924461384502400e+17 3.204765965228848046e+01 3.214369926145440814e+01 3.239128101075691291e+01
2.023280314382666560e+17 3.204973806196641561e+01 3.214641555376903170e+01 3.239487458834592104e+01
2.028650382561769280e+17 3.205181647164435077e+01 3.214914690101794292e+01 3.239846816593492917e+01
2.034034703650866240e+17 3.205394259417295189e+01 3.215197900246585050e+01 3.240206174352392310e+01
2.039433315479202240e+17 3.205608277908894621e+01 3.215509280287893290e+01 3.240565481262762404e+01
2.044846255976376000e+17 3.205822296400494764e+01 3.215820660329201530e+01 3.240923745443880222e+01
2.050273563172673280e+17 3.206036314892094197e+01 3.216132040370510481e+01 3.241281984226750268e+01
2.055715275199300480e+17 3.206250333383692208e+01 3.216443420411817300e+01 3.241640223009618893e+01
2.061171430288720960e+17 3.206472034237216917e+01 3.216754800453125540e+01 3.241998461792488939e+01
2.066642066774820480e+17 3.206694382559310696e+01 3.217066180494434491e+01 3.242356700575358275e+01
2.072127223093228800e+17 3.206916730881403765e+01 3.217377560535742020e+01 3.242714939358226900e+01
2.077626937781640640e+17 3.207139079203496834e+01 3.217688940577049550e+01 3.243073178141096946e+01
2.083141249479983680e+17 3.207361427525590614e+01 3.218000320618358501e+01 3.243431416923966992e+01
2.088670196930758400e+17 3.207583775847684393e+01 3.218319270434137280e+01 3.243789591471811917e+01
2.094213818979275520e+17 3.207806124169777462e+01 3.218634671594629992e+01 3.244146731566950592e+01
2.099772154573999680e+17 3.208028472491871952e+01 3.218926055392782359e+01 3.244503871662090688e+01
2.105345242766716800e+17 3.208250820813965731e+01 3.219217439190934016e+01 3.244861011757230074e+01
2.110933122712863040e+17 3.208474415773767419e+01 3.219508822989085672e+01 3.245218151852369459e+01
2.116535833671849920e+17 3.208704436089062995e+01 3.219800206787237329e+01 3.245575291947508845e+01
2.122153415007236480e+17 3.208934534675517369e+01 3.220091590585388985e+01 3.245932432042649651e+01
2.127785906187076480e+17 3.209164633261971744e+01 3.220389387137799275e+01 3.246289572137789037e+01
2.133433346784159040e+17 3.209394731848424698e+01 3.220707501382221949e+01 3.246646712232927712e+01
2.139095776476357760e+17 3.209624830434878362e+01 3.221006205525368671e+01 3.247003780404678253e+01
2.144773235046804800e+17 3.209854929021332737e+01 3.221303942831883660e+01 3.247359841312242423e+01
2.150465762384221120e+17 3.210085379431173891e+01 3.221635985415677794e+01 3.247715902219805173e+01
2.156173398483251840e+17 3.210316259235304415e+01 3.221978000348778437e+01 3.248071963127369344e+01
2.161896183444640320e+17 3.210547214561106699e+01 3.222320015281879790e+01 3.248428024034933514e+01
2.167634157475579840e+17 3.210778169886908984e+01 3.222656250797481903e+01 3.248784084942497685e+01
2.173387360889962560e+17 3.211009125212710558e+01 3.222983998211959999e+01 3.249140145850060435e+01
2.179155834108731520e+17 3.211240080538512842e+01 3.223311745626438096e+01 3.249496206757624606e+01
2.184939617660059840e+17 3.211471035864315127e+01 3.223633603324354624e+01 3.249852267665188066e+01
2.190738752179687680e+17 3.211703802438643152e+01 3.223931175521830284e+01 3.250208267010057739e+01
2.196553278411262400e+17 3.211942574240421777e+01 3.224228747719306654e+01 3.250563278574230708e+01
2.202383237206516480e+17 3.212181472043062058e+01 3.224527357581030174e+01 3.250918279017091095e+01
2.208228669525626560e+17 3.212420369845703050e+01 3.224830811279784371e+01 3.251273279459950771e+01
2.214089616437464960e+17 3.212659267648343331e+01 3.225134461201901104e+01 3.251628279902809027e+01
2.219966119119961600e+17 3.212898165450984322e+01 3.225438111124017837e+01 3.251983280345668703e+01
2.225858218860283200e+17 3.213137063253626025e+01 3.225741618972856628e+01 3.252338280788527669e+01
2.231765957055178560e+17 3.213375961056265595e+01 3.226042097529735031e+01 3.252693281231386635e+01
2.237689375211324160e+17 3.213614858858907297e+01 3.226348042697736673e+01 3.253048281674245601e+01
2.243628514945505920e+17 3.213853756661547578e+01 3.226653987865738316e+01 3.253401530526681285e+01
2.249583417984985280e+17 3.214092654464188570e+01 3.226959933033739958e+01 3.253753743840000823e+01
2.255554126167754560e+17 3.214331552266828851e+01 3.227265878201740179e+01 3.254105898193473934e+01
2.261540681442905600e+17 3.214570450069469842e+01 3.227571823369741821e+01 3.254458052546949176e+01
2.267543125870813440e+17 3.214809347872110834e+01 3.227859462936438462e+01 3.254810206900423708e+01
2.273561501623488000e+17 3.215054388582932887e+01 3.228144303964180040e+01 3.255168640129805624e+01
2.279595850984923840e+17 3.215301272814785705e+01 3.228429144991923749e+01 3.255556874871882655e+01
2.285646216351288320e+17 3.215548157046639943e+01 3.228713986019666038e+01 3.255922719689642975e+01
2.291712640231292800e+17 3.215795041278493471e+01 3.228998827047409748e+01 3.256245101914512219e+01
2.297795165246453760e+17 3.216047442313831795e+01 3.229283668075152036e+01 3.256579543027815760e+01
2.303893834131467200e+17 3.216301708007342341e+01 3.229568509102894325e+01 3.256934541301665575e+01
2.310008689734396480e+17 3.216555973700852178e+01 3.229853350130637324e+01 3.257289409368384980e+01
2.316139775017030400e+17 3.216810239394361304e+01 3.230138191158378902e+01 3.257644277435102254e+01
2.322287133055240640e+17 3.217064505087871140e+01 3.230423032186122612e+01 3.257999145501821658e+01
2.328450807039171200e+17 3.217318770781381687e+01 3.230707873213865611e+01 3.258353638241378292e+01
2.334630840273617920e+17 3.217573036474891524e+01 3.230993603219184962e+01 3.258706570866058172e+01
2.340827276178294400e+17 3.217827302168400649e+01 3.231292019805651705e+01 3.259059503490736631e+01
2.347040158288213760e+17 3.218081863040055879e+01 3.231618171820474572e+01 3.259412436115416511e+01
2.353269530253879680e+17 3.218344921306935191e+01 3.231944323835297439e+01 3.259765317554305852e+01
2.359515435841650240e+17 3.218608081265845300e+01 3.232270475850118885e+01 3.260117464696801903e+01
2.365777918934103360e+17 3.218867835813210831e+01 3.232563616545589724e+01 3.260469388463978646e+01
2.372057023530229120e+17 3.219115709806383308e+01 3.232853550170774781e+01 3.260821312231154678e+01
2.378352793745817280e+17 3.219363583799556494e+01 3.233143483795960549e+01 3.261173235998330711e+01
2.384665273813727040e+17 3.219611457792728260e+01 3.233433417421144895e+01 3.261525159765506032e+01
2.390994508084275840e+17 3.219859331785900736e+01 3.233723351046330663e+01 3.261877083532682065e+01
2.397340541025435520e+17 3.220107205779073922e+01 3.234013317129754483e+01 3.262229007299858097e+01
2.403703417223201280e+17 3.220355079772245688e+01 3.234305393006996354e+01 3.262580931067033418e+01
2.410083181381964800e+17 3.220602953765418164e+01 3.234599076296827036e+01 3.262932811979143111e+01
2.416479878324710400e+17 3.220850827758591350e+01 3.234892759586657718e+01 3.263284079734762599e+01
2.422893552993409280e+17 3.221098701751764537e+01 3.235220810752339560e+01 3.263635010358492394e+01
2.429324250449294080e+17 3.221348208077625941e+01 3.235554733947242312e+01 3.263985940982220768e+01
2.435772015873256320e+17 3.221603042049876109e+01 3.235888657142145064e+01 3.264336871605949852e+01
2.442236894566043840e+17 3.221857876022126277e+01 3.236222580337049237e+01 3.264687802229680358e+01
2.448718931948639680e+17 3.222112709994375734e+01 3.236556503531951279e+01 3.265038917568389110e+01
2.455218173562640000e+17 3.222369754781725959e+01 3.236890426726854741e+01 3.265409496543124135e+01
2.461734665070454400e+17 3.222631792134794182e+01 3.237224492769153272e+01 3.265780075517859871e+01
2.468268452255707520e+17 3.222893829487861694e+01 3.237563520952018337e+01 3.266150622434864914e+01
2.474819581023519680e+17 3.223155866840929207e+01 3.237871609959643138e+01 3.266520726383907203e+01
2.481388097400910080e+17 3.223417904193997430e+01 3.238169901917032689e+01 3.266890638374295719e+01
2.487974047536999680e+17 3.223679941547065653e+01 3.238468193874422241e+01 3.267260550364684235e+01
2.494577477703395840e+17 3.223941799154503940e+01 3.238766485831811082e+01 3.267630462355071330e+01
2.501198434294577920e+17 3.224194295284992506e+01 3.239064777789200633e+01 3.268000374345459846e+01
2.507836963828101760e+17 3.224446791415480362e+01 3.239379122339575190e+01 3.268370286335848363e+01
2.514493112945007040e+17 3.224704574695154946e+01 3.239706543712532749e+01 3.268740198326236879e+01
2.521166928410105600e+17 3.224963778178933183e+01 3.240033965085489598e+01 3.269110110316623974e+01
2.527858457112391040e+17 3.225222981662712129e+01 3.240361386458447157e+01 3.269479988952594596e+01
2.534567746065245120e+17 3.225482185146491076e+01 3.240690747508946146e+01 3.269849161535891824e+01
2.541294842406829120e+17 3.225741388630268602e+01 3.241023954392814233e+01 3.270218334119188341e+01
2.548039793400478080e+17 3.226000592114048260e+01 3.241357161276683030e+01 3.270587506702485570e+01
2.554802646434908800e+17 3.226259795597826496e+01 3.241690368160551827e+01 3.270955336302528593e+01
2.561583449024634560e+17 3.226518999081605443e+01 3.242036058432411494e+01 3.271304428512029716e+01
2.568382248810257600e+17 3.226778202565382969e+01 3.242402023111979759e+01 3.271653520721529418e+01
2.575199093558888640e+17 3.227037406049162627e+01 3.242767987791549444e+01 3.272002612931029830e+01
2.582034031164355200e+17 3.227296609532941574e+01 3.243133952471120551e+01 3.272349865039649330e+01
2.588887109647601920e+17 3.227555813016719100e+01 3.243499917150688816e+01 3.272696649380387868e+01
2.595758377157091200e+17 3.227817669190999084e+01 3.243867867730140375e+01 3.273051027906313948e+01
2.602647881969015040e+17 3.228083559036720374e+01 3.244241460626677309e+01 3.273433479248239308e+01
2.609555672487717760e+17 3.228349448882440953e+01 3.244615053523214954e+01 3.273807339114386394e+01
2.616481797245994240e+17 3.228615338728160111e+01 3.244988646419750467e+01 3.274178803243721347e+01
2.623426304905516800e+17 3.228881228573881401e+01 3.245362239316287400e+01 3.274549292428199720e+01
2.630389244257048000e+17 3.229147118419601981e+01 3.245735832212824334e+01 3.274919781612678094e+01
2.637370664220848000e+17 3.229413008265321849e+01 3.246109425109359847e+01 3.275290270797155046e+01
2.644370613847082560e+17 3.229678898111042429e+01 3.246483018005896781e+01 3.275660759981633419e+01
2.651389142316039360e+17 3.229947337279369890e+01 3.246856610902433715e+01 3.276031026988513872e+01
2.658426298938557760e+17 3.230223937086792318e+01 3.247235078627252136e+01 3.276400937920101342e+01
2.665482133156334400e+17 3.230500537157369223e+01 3.247616834684095011e+01 3.276784522595192328e+01
2.672556694542355840e+17 3.230777137227947549e+01 3.248003202356613883e+01 3.277183445791197158e+01
2.679650032801117120e+17 3.231057342377350494e+01 3.248389570029134177e+01 3.277582368987201278e+01
2.686762197769035840e+17 3.231341626815031987e+01 3.248775937701653049e+01 3.277976484278418212e+01
2.693893239414867840e+17 3.231625911252713479e+01 3.249143270335291334e+01 3.278346733434307225e+01
2.701043207839927680e+17 3.231910195690394971e+01 3.249503617757000029e+01 3.278716982590196949e+01
2.708212153278527360e+17 3.232194480128076464e+01 3.249890733044881586e+01 3.279087230861132696e+01
2.715400126098285760e+17 3.232478764565757956e+01 3.250274556454569108e+01 3.279456651350277241e+01
2.722607176800570880e+17 3.232763049003439448e+01 3.250634416068057675e+01 3.279826021444452522e+01
2.729833356020721920e+17 3.233047333441120941e+01 3.250994275681546242e+01 3.280195391538627092e+01
2.737078714528471360e+17 3.233331617878802433e+01 3.251354135295034098e+01 3.280564761632800952e+01
2.744343303228368320e+17 3.233615902316484636e+01 3.251713994908521954e+01 3.280934131726975522e+01
2.751627173160002560e+17 3.233900186754166128e+01 3.252073854522011231e+01 3.281303501821150803e+01
2.758930375498453120e+17 3.234185898716461338e+01 3.252433714135499088e+01 3.281672871915325373e+01
2.766252961554601280e+17 3.234477695669876596e+01 3.252793573748986944e+01 3.282042239849561582e+01
2.773594982775583040e+17 3.234769605204540710e+01 3.253149468244548359e+01 3.282411402761413655e+01
2.780956490745014400e+17 3.235061514739205535e+01 3.253476125932955654e+01 3.282779822941378711e+01
2.788337537183421120e+17 3.235353424273868939e+01 3.253804399208749487e+01 3.283148243121340926e+01
2.795738173948670400e+17 3.235645333808533053e+01 3.254133363188714156e+01 3.283516663301305272e+01
2.803158453036200000e+17 3.235937243343197878e+01 3.254462327168680247e+01 3.283885083481269618e+01
2.810598426579472960e+17 3.236229152877861992e+01 3.254813673513872629e+01 3.284253503661233964e+01
2.818058146850298880e+17 3.236521062412524685e+01 3.255183756686952989e+01 3.284621923841196889e+01
2.825537666259293120e+17 3.236812971947189510e+01 3.255553839860034770e+01 3.284991208329351764e+01
2.833037037356107200e+17 3.237104881481853624e+01 3.255923923033115841e+01 3.285367642043048875e+01
2.840556312829866880e+17 3.237398327748801563e+01 3.256294006206196201e+01 3.285743974059976580e+01
2.848095545509610560e+17 3.237685526027226501e+01 3.256665339439075524e+01 3.286120199126561658e+01
2.855654788364524480e+17 3.237962734038701740e+01 3.257040529184148170e+01 3.286496424193145316e+01
2.863234094504403840e+17 3.238239942050176268e+01 3.257415989128391232e+01 3.286870257264845208e+01
2.870833517179982720e+17 3.238517150061650085e+01 3.257817476013428859e+01 3.287243431344733580e+01
2.878453109783399680e+17 3.238794358073125323e+01 3.258223370229400473e+01 3.287616605424624083e+01
2.886092925848433280e+17 3.239071566084600562e+01 3.258629264445372797e+01 3.287989779504514587e+01
2.893753019050947200e+17 3.239348774096073669e+01 3.259035158661342990e+01 3.288362933245802111e+01
2.901433443209341440e+17 3.239625982107548907e+01 3.259425834675247557e+01 3.288736062811857863e+01
2.909134252284784000e+17 3.239903190119024146e+01 3.259800651960900097e+01 3.289108959347773720e+01
2.916855500381688320e+17 3.240180398130498673e+01 3.260177408703549418e+01 3.289481836129218095e+01
2.924597241748044800e+17 3.240457606141973201e+01 3.260556281752061381e+01 3.289854712910661050e+01
2.932359530775896960e+17 3.240738563455305865e+01 3.260935154800573343e+01 3.290227589692104715e+01
2.940142422001580800e+17 3.241021732978022385e+01 3.261314027849086727e+01 3.290600466473547669e+01
2.947945970106179200e+17 3.241304902500738194e+01 3.261711193473333736e+01 3.290973343254991335e+01
2.955770229915977600e+17 3.241588072023455425e+01 3.262151045603777533e+01 3.291346220036435000e+01
2.963615256402707200e+17 3.241871241546171234e+01 3.262590897734222040e+01 3.291719096817878665e+01
2.971481104684024320e+17 3.242154411068888464e+01 3.263030903838730978e+01 3.292091830407728992e+01
2.979367830023853440e+17 3.242437580591604274e+01 3.263477393287067230e+01 3.292464369624688203e+01
2.987275487832867840e+17 3.242720750114320794e+01 3.263924215519966765e+01 3.292836908841647414e+01
2.995204133668736000e+17 3.243003919637038024e+01 3.264371037752864879e+01 3.293209448058606625e+01
3.003153823236584320e+17 3.243287089159753123e+01 3.264816478890817564e+01 3.293581987275565126e+01
3.011124612389462400e+17 3.243570258682469643e+01 3.265184712460456495e+01 3.293954526492524337e+01
3.019116557128586880e+17 3.243855136530248728e+01 3.265595593065273761e+01 3.294295719491564967e+01
3.027129713603834880e+17 3.244144247096882339e+01 3.265970552695021212e+01 3.294634636376690651e+01
3.035164138114088320e+17 3.244445063917893890e+01 3.266412565566172077e+01 3.294973553261816335e+01
3.043219887107728640e+17 3.244745880738905441e+01 3.266859049175204888e+01 3.295312146482508808e+01
3.051297017182883200e+17 3.245046697559918414e+01 3.267305532784237698e+01 3.295650309547687584e+01
3.059395585087900800e+17 3.245347514380929255e+01 3.267735080252491287e+01 3.295988472612864939e+01
3.067515647721822080e+17 3.245648331201941517e+01 3.268135249695367861e+01 3.296326635678043715e+01
3.075657262134631040e+17 3.245949148022953068e+01 3.268484606703471229e+01 3.296664798743221780e+01
3.083820485527754240e+17 3.246249964843965330e+01 3.268828294411800073e+01 3.297017918965106986e+01
3.092005375254415360e+17 3.246550781664976171e+01 3.269171982120127495e+01 3.297383864879979143e+01
3.100211988820135680e+17 3.246851598485988433e+01 3.269516098000573834e+01 3.297749810794853431e+01
3.108440383882988800e+17 3.247156000414446453e+01 3.269862841147522659e+01 3.298115753024652719e+01
3.116690618254081920e+17 3.247463207413241548e+01 3.270246203900948956e+01 3.298481470395361015e+01
3.124962749898035840e+17 3.247770414412037354e+01 3.270634953094339892e+01 3.298846538217348012e+01
3.133256836933241600e+17 3.248077621410833160e+01 3.271023702287730828e+01 3.299211606039333589e+01
3.141572937632369920e+17 3.248384852539074785e+01 3.271412451481122474e+01 3.299576673861320586e+01
3.149911110422730240e+17 3.248692588926527236e+01 3.271801200674512700e+01 3.299941741683305452e+01
3.158271413886782720e+17 3.249000325313981108e+01 3.272189949867903636e+01 3.300306809505291739e+01
3.166653906762396160e+17 3.249308061701434980e+01 3.272579631066042083e+01 3.300671877327278025e+01
3.175058647943338880e+17 3.249615798088887431e+01 3.272979990742298639e+01 3.301036945149263602e+01
3.183485696479768320e+17 3.249922687773442931e+01 3.273385368398101036e+01 3.301401999971592005e+01
3.191935111578491520e+17 3.250201647795467608e+01 3.273756733397260632e+01 3.301765221731872657e+01
3.200406952603484160e+17 3.250484894392207025e+01 3.274128098396421649e+01 3.302126405711999269e+01
3.208901279076257280e+17 3.250768304754140559e+01 3.274499463395581245e+01 3.302487589692125169e+01
3.217418150676378240e+17 3.251051715116074092e+01 3.274870828394741551e+01 3.302848773672251781e+01
3.225957627241732480e+17 3.251335125478008337e+01 3.275242193393901857e+01 3.303209957652379813e+01
3.234519768769025920e+17 3.251618535839941160e+01 3.275613558393061453e+01 3.303571141632505004e+01
3.243104635414280320e+17 3.251901946201874694e+01 3.275985593436185184e+01 3.303932325612631615e+01
3.251712287493104000e+17 3.252211054475704088e+01 3.276359683717436155e+01 3.304293509592758937e+01
3.260342785481214080e+17 3.252520815712756530e+01 3.276733773998687127e+01 3.304654693572885549e+01
3.268996190014815360e+17 3.252830576949807551e+01 3.277107864279937388e+01 3.304977650044427406e+01
3.277672561891127680e+17 3.253140338186859282e+01 3.277481954561189070e+01 3.305292657559790115e+01
3.286371962068655360e+17 3.253451038745276236e+01 3.277839306821159937e+01 3.305635003994341758e+01
3.295094451667695360e+17 3.253766846351216202e+01 3.278175831001682639e+01 3.305993417241107579e+01
3.303840091970846720e+17 3.254082731838218479e+01 3.278512355182205340e+01 3.306351830487873400e+01
3.312608944423280640e+17 3.254399446297229304e+01 3.278848879362728042e+01 3.306710243734639931e+01
3.321401070633279360e+17 3.254716306571970819e+01 3.279223244014787042e+01 3.307068656981405752e+01
3.330216532372613760e+17 3.255033166846710913e+01 3.279604909134184965e+01 3.307427070228170862e+01
3.339055391577089280e+17 3.255350027121453138e+01 3.279986697091118231e+01 3.307783462145269482e+01
3.347917710346814720e+17 3.255666887396195364e+01 3.280368485048050076e+01 3.308139013277409646e+01
3.356803550946720000e+17 3.255983747670935458e+01 3.280750273004981921e+01 3.308493666864090699e+01
3.365712975807079680e+17 3.256300607945677683e+01 3.281135241264547631e+01 3.308824055006557785e+01
3.374646047523783040e+17 3.256617704663342749e+01 3.281565323166549319e+01 3.309140799791891396e+01
3.383602828858884480e+17 3.256940382443596604e+01 3.281995405068551008e+01 3.309457544577225718e+01
3.392583382740992000e+17 3.257263335105299262e+01 3.282426443511250369e+01 3.309774289362558619e+01
3.401587772265815680e+17 3.257586287767002631e+01 3.282860606672777237e+01 3.310091034147892941e+01
3.410616060696448640e+17 3.257909240428707420e+01 3.283294769834304816e+01 3.310407778933226552e+01
3.419668311463893120e+17 3.258232193090410078e+01 3.283728932995830263e+01 3.310724523718560164e+01
3.428744588167588480e+17 3.258555145752114157e+01 3.284163096157357131e+01 3.311041242910989268e+01
3.437844954575694080e+17 3.258878098413817526e+01 3.284597259318884710e+01 3.311357670577310586e+01
3.446969474625644800e+17 3.259192314002425661e+01 3.285031422480411578e+01 3.311673686091932467e+01
3.456118212424546560e+17 3.259495664393693204e+01 3.285465585641937025e+01 3.311989701606552927e+01
3.465291232249741440e+17 3.259799014784961457e+01 3.285903043758253261e+01 3.312305717121174098e+01
3.474488598549084160e+17 3.260106892442906457e+01 3.286340955047718637e+01 3.312621732635795269e+01
3.483710375941485440e+17 3.260415200322995588e+01 3.286778866337183302e+01 3.312937748150416439e+01
3.492956629217448960e+17 3.260723580888796391e+01 3.287171329426773525e+01 3.313253763665037610e+01
3.502227423339354240e+17 3.261031961454597905e+01 3.287562270340517756e+01 3.313569779179658781e+01
3.511522823442030080e+17 3.261340342020398708e+01 3.287931846669405189e+01 3.313885771442531336e+01
3.520842894833153280e+17 3.261648722586199511e+01 3.288293385785883061e+01 3.314215891133213177e+01
3.530187702993821440e+17 3.261957103151999604e+01 3.288654924902363064e+01 3.314624485436556967e+01
3.539557313578843520e+17 3.262265483717801118e+01 3.289040480206826089e+01 3.315032040143843517e+01
3.548951792417283200e+17 3.262573864283601210e+01 3.289455476486959640e+01 3.315439594851129357e+01
3.558371205513013120e+17 3.262882244849402014e+01 3.289870472767094611e+01 3.315847149558416618e+01
3.567815619045000960e+17 3.263193074161029017e+01 3.290285469047228162e+01 3.316254704265703168e+01
3.577285099367891840e+17 3.263506319761794572e+01 3.290700465327363133e+01 3.316662258972989719e+01
3.586779713012415360e+17 3.263819670241343118e+01 3.291115461607496684e+01 3.317069813680275558e+01
3.596299526685971840e+17 3.264133020720891665e+01 3.291530457887630234e+01 3.317477350680790238e+01
3.605844607272924800e+17 3.264446371200440922e+01 3.291946799976276594e+01 3.317883796465180524e+01
3.615415021835156480e+17 3.264759721679988758e+01 3.292364364428688361e+01 3.318289414955906125e+01
3.625010837612631040e+17 3.265073072159538015e+01 3.292782567547018857e+01 3.318695033446632436e+01
3.634632122023686400e+17 3.265386805479003129e+01 3.293200761839011648e+01 3.319136545735995014e+01
3.644278942665629440e+17 3.265701404261160690e+01 3.293603403942992713e+01 3.319514045292420690e+01
3.653951367315148160e+17 3.266016003043316829e+01 3.294006046046972358e+01 3.319926975500209920e+01
3.663649463928910720e+17 3.266331781981788396e+01 3.294408688150953424e+01 3.320334022878027014e+01
3.673373300643861120e+17 3.266651312640325955e+01 3.294811582419077212e+01 3.320739947586159957e+01
3.683122945777788160e+17 3.266970859230426782e+01 3.295214857982273315e+01 3.321144417768055490e+01
3.692898467829896320e+17 3.267301397901979243e+01 3.295618133545470130e+01 3.321548260635466221e+01
3.702699935481105280e+17 3.267654170907141520e+01 3.296021919573590964e+01 3.321952103502877662e+01
3.712527417594654720e+17 3.268006943912303797e+01 3.296425976369198452e+01 3.322312882319096872e+01
3.722380983216525440e+17 3.268359716917466073e+01 3.296830033164804519e+01 3.322672606192721645e+01
3.732260701576048000e+17 3.268712489922628350e+01 3.297234089960412007e+01 3.323027948539792931e+01
3.742166642086206080e+17 3.269065262927791338e+01 3.297638146756019495e+01 3.323382670125870675e+01
3.752098874344213760e+17 3.269418035932952193e+01 3.298004693147656496e+01 3.323741604950115658e+01
3.762057468132099200e+17 3.269776209288720281e+01 3.298391903424391103e+01 3.324102717381349947e+01
3.772042493417009280e+17 3.270135228683319184e+01 3.298774823876977536e+01 3.324462814695830559e+01
3.782054020351823360e+17 3.270494248077918087e+01 3.299150514270669987e+01 3.324822912010311171e+01
3.792092119275585920e+17 3.270853267472516279e+01 3.299526539506338452e+01 3.325183009324790362e+01
3.802156860714124800e+17 3.271213810031751024e+01 3.299902564742008337e+01 3.325543106639271684e+01
3.812248315380359040e+17 3.271574760179168351e+01 3.300278589977679644e+01 3.325903203953751586e+01
3.822366554174890240e+17 3.271935710326584967e+01 3.300654615213348109e+01 3.326262307269945495e+01
3.832511648186593280e+17 3.272296660474002294e+01 3.301030640449018705e+01 3.326620803481225153e+01
3.842683668692929280e+17 3.272657610621420332e+01 3.301406665684689301e+01 3.326979196756618506e+01
3.852882687160571520e+17 3.273024385679295989e+01 3.301783142423781214e+01 3.327337509187874076e+01
3.863108775245842560e+17 3.273391464133132445e+01 3.302160016382131857e+01 3.327694746275016513e+01
3.873362004795346560e+17 3.273758575491159917e+01 3.302536890340482501e+01 3.328051983362160371e+01
3.883642447846285440e+17 3.274125686849188099e+01 3.302863392959879718e+01 3.328409220449304229e+01
3.893950176627054720e+17 3.274492798207214861e+01 3.303175789121083028e+01 3.328766457536447376e+01
3.904285263557852160e+17 3.274859909565243044e+01 3.303488185282285627e+01 3.329123694623591234e+01
3.914647781250991360e+17 3.275227020923271226e+01 3.303800581443488937e+01 3.329494386886511847e+01
3.925037802511542400e+17 3.275594132281299409e+01 3.304112977604692247e+01 3.329903247864358207e+01
3.935455400337777280e+17 3.275962640842008966e+01 3.304425373765894847e+01 3.330312087253031450e+01
3.945900647921812480e+17 3.276335495295104749e+01 3.304737769927098157e+01 3.330720543518582133e+01
3.956373618649928960e+17 3.276708602166066697e+01 3.305050806200631541e+01 3.331128504876246410e+01
3.966874386103187200e+17 3.277081709037027935e+01 3.305363993279531343e+01 3.331536466233909977e+01
3.977403024058036480e+17 3.277454815907989882e+01 3.305677180358432565e+01 3.331944427591575675e+01
3.987959606486644480e+17 3.277827922778951830e+01 3.305990367437333077e+01 3.332352388949239952e+01
3.998544207557541760e+17 3.278201029649913778e+01 3.306339206986752544e+01 3.332760350306904940e+01
4.009156901636080640e+17 3.278574136520874305e+01 3.306732317644183894e+01 3.333168203431136334e+01
4.019797763285087360e+17 3.278947243391836963e+01 3.307181545823335966e+01 3.333575745794342993e+01
4.030466867265190400e+17 3.279323873937121903e+01 3.307635069915004067e+01 3.333981533296076805e+01
4.041164288535443200e+17 3.279702670205517023e+01 3.308083474931888190e+01 3.334386899932654558e+01
4.051890102253950080e+17 3.280081599268180526e+01 3.308460402622438323e+01 3.334792266569233021e+01
4.062644383778195200e+17 3.280460528330843317e+01 3.308837337127337719e+01 3.335197633205812195e+01
4.073427208665706240e+17 3.280839457393506109e+01 3.309214271632235693e+01 3.335602999842391370e+01
4.084238652674517120e+17 3.281218386456167480e+01 3.309568307840012835e+01 3.336008366478968412e+01
4.095078791763835520e+17 3.281597315518830982e+01 3.309937304966773297e+01 3.336413726753982445e+01
4.105947702094373760e+17 3.281976244581493773e+01 3.310320646670264466e+01 3.336819051480137688e+01
4.116845460028986240e+17 3.282356033192397859e+01 3.310703988373754925e+01 3.337223628681206122e+01
4.127772142133304320e+17 3.282726734235890120e+01 3.311066544779994558e+01 3.337627867465264586e+01
4.138727825176075520e+17 3.283095564898565755e+01 3.311400869166772765e+01 3.338032106249322339e+01
4.149712586129836800e+17 3.283464395561241389e+01 3.311749691873793466e+01 3.338436345033380803e+01
4.160726502171384960e+17 3.283833226223915602e+01 3.312108583173093734e+01 3.338840583817437846e+01
4.171769650682458240e+17 3.284199800002142666e+01 3.312467474472394713e+01 3.339244822601496310e+01
4.182842109250074880e+17 3.284541542791255608e+01 3.312826365771695691e+01 3.339649061385554063e+01
4.193943955667177600e+17 3.284883285580367129e+01 3.313185257070995249e+01 3.340053284011077039e+01
4.205075267933288320e+17 3.285225028369480071e+01 3.313544148370296227e+01 3.340456553764921210e+01
4.216236124254844800e+17 3.285567315421296541e+01 3.313903039669597206e+01 3.340859565770116291e+01
4.227426603045892480e+17 3.285913125832395565e+01 3.314246287095197374e+01 3.341262577775310660e+01
4.238646782928562560e+17 3.286259016437193026e+01 3.314578266569289156e+01 3.341665589780504320e+01
4.249896742733763840e+17 3.286604907041991908e+01 3.314910877846828896e+01 3.342085040891792147e+01
4.261176561501530240e+17 3.286967656396215176e+01 3.315243489124367926e+01 3.342475791409400188e+01
4.272486318481713280e+17 3.287355007071445101e+01 3.315576100401906956e+01 3.342883315922665588e+01
4.283826093134470400e+17 3.287742357746672894e+01 3.315908711679445275e+01 3.343290815171241093e+01
4.295195965130960640e+17 3.288129708421902819e+01 3.316278454678314347e+01 3.343697145932010528e+01
4.306596014353699200e+17 3.288517059097132034e+01 3.316684446136055442e+01 3.344101704761829552e+01
4.318026320897216640e+17 3.288907628270622041e+01 3.317090437593795116e+01 3.344543888166098355e+01
4.329486965068734720e+17 3.289302330809724850e+01 3.317496560442442899e+01 3.345044292179881751e+01
4.340978027388514560e+17 3.289697066050825924e+01 3.317858861289429484e+01 3.345411622169134347e+01
4.352499588590528640e+17 3.290091801291924867e+01 3.318247041625252791e+01 3.345774019042229952e+01
4.364051729623136000e+17 3.290456382999519747e+01 3.318654394341131564e+01 3.346131874405195816e+01
4.375634531649436800e+17 3.290799941224014447e+01 3.319061747057010336e+01 3.346516487161628817e+01
4.387248076047985920e+17 3.291143499448509857e+01 3.319469099772889820e+01 3.346914681016203730e+01
4.398892444413290240e+17 3.291487057673003847e+01 3.319876452488766461e+01 3.347242801227401543e+01
4.410567718556530560e+17 3.291838537403248210e+01 3.320283805204645944e+01 3.347571387970506862e+01
4.422273980505914880e+17 3.292233196941182882e+01 3.320691157920524716e+01 3.347930791276144902e+01
4.434011312507404800e+17 3.292629206428492949e+01 3.321098659621060989e+01 3.348288005354328334e+01
4.445779797025215360e+17 3.293025215915801596e+01 3.321506246813084573e+01 3.348645219432510345e+01
4.457579516742542720e+17 3.293421225403110952e+01 3.321913834005108868e+01 3.348985634132152001e+01
4.469410554561927680e+17 3.293817234890421730e+01 3.322321421197133873e+01 3.349293871832815483e+01
4.481272993605944320e+17 3.294213244377730376e+01 3.322729008389156746e+01 3.349602109533476835e+01
4.493166917217896960e+17 3.294609253865040444e+01 3.323147160769492814e+01 3.349909862027137564e+01
4.505092408962183680e+17 3.295005263352350511e+01 3.323578995235388334e+01 3.350216998501588250e+01
4.517049552624993920e+17 3.295404082557716663e+01 3.324010828633998926e+01 3.350524134976038226e+01
4.529038432215008000e+17 3.295804423726525556e+01 3.324442365412028266e+01 3.350836201351972932e+01
4.541059131963767680e+17 3.296204898687025064e+01 3.324873790183159628e+01 3.351198304644120896e+01
4.553111736326412800e+17 3.296605373647523862e+01 3.325305214954291699e+01 3.351577758825732190e+01
4.565196329982200320e+17 3.297005848608021239e+01 3.325736639725421639e+01 3.351968559215710997e+01
4.577312997835251840e+17 3.297406323568520747e+01 3.326168064496553711e+01 3.352359359605689804e+01
4.589461825014924160e+17 3.297799655545940567e+01 3.326599489267685783e+01 3.352750159995670032e+01
4.601642896876554880e+17 3.298184396986891187e+01 3.327030914038817855e+01 3.353140129097694455e+01
4.613856299001990400e+17 3.298571607202421774e+01 3.327462123963753982e+01 3.353528795175518695e+01
4.626102117200336640e+17 3.298960350316172452e+01 3.327892866338260092e+01 3.353917461253345067e+01
4.638380437508334080e+17 3.299349119430264921e+01 3.328323608712766202e+01 3.354317599888744184e+01
4.650691346191077760e+17 3.299738060278810536e+01 3.328754351087270891e+01 3.354764386307484614e+01
4.663034929742736000e+17 3.300127001127357573e+01 3.329185093461776290e+01 3.355130259404332804e+01
4.675411274886931200e+17 3.300515941975904610e+01 3.329615835836282400e+01 3.355496132501181705e+01
4.687820468577460480e+17 3.300904882824450226e+01 3.330051660419941584e+01 3.355879748824479236e+01
4.700262597999025280e+17 3.301293823672997263e+01 3.330494194042727685e+01 3.356273694776367478e+01
4.712737750567610880e+17 3.301684290153642820e+01 3.330937182018912779e+01 3.356665769177257630e+01
4.725246013931256960e+17 3.302077057148279948e+01 3.331380341998904271e+01 3.357057843578149203e+01
4.737787475970592000e+17 3.302469824142915655e+01 3.331823501978895052e+01 3.357449917979038645e+01
4.750362224799610880e+17 3.302843816843586922e+01 3.332239646720085346e+01 3.357889276079788488e+01
4.762970348766056960e+17 3.303206715025276452e+01 3.332634471724546188e+01 3.358340048129893063e+01
4.775611936452200960e+17 3.303569672196069007e+01 3.333029425462201800e+01 3.358786432566305535e+01
4.788287076675383040e+17 3.303932629366860141e+01 3.333469688197615000e+01 3.359232644937163315e+01
4.800995858488796160e+17 3.304295586537653406e+01 3.333910350253758281e+01 3.359676840983143364e+01
4.813738371181872640e+17 3.304658543708445251e+01 3.334330512324645923e+01 3.360119440849221206e+01
4.826514704281034240e+17 3.305023902726160401e+01 3.334719301145968018e+01 3.360562040715296916e+01
4.839324947550433920e+17 3.305389987694791643e+01 3.335108089967290823e+01 3.361004640581374048e+01
4.852169190992354560e+17 3.305756072663422884e+01 3.335496878788613628e+01 3.361447240447451890e+01
4.865047524847957760e+17 3.306122316046334930e+01 3.335870698781348409e+01 3.361889840313527600e+01
4.877960039598035200e+17 3.306488570981881736e+01 3.336211495424840479e+01 3.362332440179604731e+01
4.890906825963409280e+17 3.306854825917429253e+01 3.336552292068331838e+01 3.362748458614916558e+01
4.903887974905726720e+17 3.307221080852976769e+01 3.336893088711823907e+01 3.363118454879682417e+01
4.916903577628021120e+17 3.307587335788522864e+01 3.337234002161258672e+01 3.363488451144447566e+01
4.929953725575509760e+17 3.307953590724070381e+01 3.337649113094971653e+01 3.363858447409213426e+01
4.943038510435999360e+17 3.308322732486553974e+01 3.338067261267438823e+01 3.364223362701029885e+01
4.956158024140688640e+17 3.308692009912846999e+01 3.338485409439906704e+01 3.364587417682330539e+01
4.969312358864732800e+17 3.309061431233514838e+01 3.338862883138582305e+01 3.364951472663630483e+01
4.982501607028056320e+17 3.309430867238730656e+01 3.339195851707119544e+01 3.365315527644931137e+01
4.995725861295756160e+17 3.309800303243945763e+01 3.339528820275656784e+01 3.365679582626232502e+01
5.008985214578875520e+17 3.310169739249160159e+01 3.339861788844192603e+01 3.366041462077372159e+01
5.022279760035179520e+17 3.310539175254375266e+01 3.340194818470804705e+01 3.366382402150295405e+01
5.035609591069562880e+17 3.310908611259590373e+01 3.340589893093663676e+01 3.366706020516843267e+01
5.048974801334831360e+17 3.311278684569200692e+01 3.340991223378059516e+01 3.367029638883390419e+01
5.062375484732480640e+17 3.311651036075230081e+01 3.341305627387437482e+01 3.367353257249938281e+01
5.075811735413111040e+17 3.312023526729935696e+01 3.341618945500013638e+01 3.367676875616486143e+01
5.089283647777253120e+17 3.312396025350368234e+01 3.341932263612588372e+01 3.368000493983034005e+01
5.102791316475947520e+17 3.312768523970799350e+01 3.342252395804132448e+01 3.368324112349581156e+01
5.116334836411576960e+17 3.313141022591232598e+01 3.342584965956476140e+01 3.368647730716129018e+01
5.129914302738283520e+17 3.313513521211664425e+01 3.342917536108821253e+01 3.368971210714956044e+01
5.143529810862802560e+17 3.313886019832097674e+01 3.343250106261164944e+01 3.369323396633672019e+01
5.157181456445052160e+17 3.314258518452528790e+01 3.343582768891826618e+01 3.369700123680146930e+01
5.170869335398968960e+17 3.314633156774943501e+01 3.343915477276109272e+01 3.370076850726623263e+01
5.184593543892934400e+17 3.315009240445047567e+01 3.344248185660391925e+01 3.370453253954595141e+01
5.198354178350571520e+17 3.315385324115150922e+01 3.344600189702097737e+01 3.370828845232897919e+01
5.212151335451555200e+17 3.315761407785256409e+01 3.345021710673356097e+01 3.371204436511201408e+01
5.225985112132032000e+17 3.316150655112019763e+01 3.345443231644615878e+01 3.371580027789505607e+01
5.239855605585474560e+17 3.316570178982850337e+01 3.345864752615874238e+01 3.371955619067809096e+01
5.253762913263276160e+17 3.316990828160935223e+01 3.346286273587131177e+01 3.372330624741986327e+01
5.267707132875610240e+17 3.317412122901197336e+01 3.346707991978932739e+01 3.372703512351926491e+01
5.281688362391856640e+17 3.317835125333594704e+01 3.347129700948410402e+01 3.373073263326977411e+01
5.295706700041418880e+17 3.318260239955870361e+01 3.347551389944717926e+01 3.373408733227695677e+01
5.309762244314545920e+17 3.318685354578146729e+01 3.347973078941026870e+01 3.373744203128413943e+01
5.323855093962763520e+17 3.319110469200423097e+01 3.348394767937335814e+01 3.374122611856125076e+01
5.337985347999740800e+17 3.319475779839638818e+01 3.348844072237449865e+01 3.374526768246069253e+01
5.352153105701898880e+17 3.319840241170902573e+01 3.349318995086187556e+01 3.374930924636011298e+01
5.366358466609284480e+17 3.320204702502167748e+01 3.349793974823840870e+01 3.375326830794901412e+01
5.380601530526005760e+17 3.320604285937862699e+01 3.350268954561494184e+01 3.375715615326758723e+01
5.394882397521064320e+17 3.321014233066095045e+01 3.350744048965893995e+01 3.376075374217561631e+01
5.409201167929191040e+17 3.321425623912434588e+01 3.351219197274920703e+01 3.376449155900514398e+01
5.423557942351287680e+17 3.321837014758773421e+01 3.351694345583946699e+01 3.376822937583467166e+01
5.437952821655308160e+17 3.322248405605113675e+01 3.352169493892972696e+01 3.377196719266420644e+01
5.452385906976880000e+17 3.322659796451451086e+01 3.352644603533302359e+01 3.377570500949371990e+01
5.466857299720192000e+17 3.323071187297790630e+01 3.353119703937288421e+01 3.377944282632326178e+01
5.481367101558440320e+17 3.323482578144129462e+01 3.353550209734549981e+01 3.378318064315278946e+01
5.495915414434675840e+17 3.323893968990467584e+01 3.353941160650636277e+01 3.378691754000221437e+01
5.510502340562655360e+17 3.324306558373159959e+01 3.354332133165343066e+01 3.379062758302659120e+01
5.525127982427289600e+17 3.324719932485624696e+01 3.354723105680051276e+01 3.379433762605096803e+01
5.539792442785544320e+17 3.325133402696901896e+01 3.355114078194758065e+01 3.379804766907534486e+01
5.554495824667070720e+17 3.325547412226544708e+01 3.355505050709464854e+01 3.380223301106839529e+01
5.569238231375111680e+17 3.325963197606943567e+01 3.355896031362324550e+01 3.380643582149643578e+01
5.584019766486954880e+17 3.326378982987341715e+01 3.356287176095683833e+01 3.381063863192449048e+01
5.598840533854796160e+17 3.326794768367739863e+01 3.356678299643382957e+01 3.381484144235251676e+01
5.613700637606606720e+17 3.327210553748138011e+01 3.357069413431146643e+01 3.381904328794333026e+01
5.628600182146591360e+17 3.327627871054383490e+01 3.357460527218910329e+01 3.382321956878826086e+01
5.643539272156103040e+17 3.328045397480396872e+01 3.357851641006674015e+01 3.382739584963319146e+01
5.658518012594288000e+17 3.328462980262865756e+01 3.358242754794436991e+01 3.383157213047810785e+01
5.673536508699007360e+17 3.328880563045335350e+01 3.358633868582200677e+01 3.383574841132303845e+01
5.688594865987298560e+17 3.329298145827804944e+01 3.359024982369964363e+01 3.383992469216796906e+01
5.703693190256257280e+17 3.329715728610273828e+01 3.359416008576012302e+01 3.384410097301288545e+01
5.718831587583918080e+17 3.330133334423396718e+01 3.359807014711857676e+01 3.384827725385781605e+01
5.734010164329721600e+17 3.330552024411790057e+01 3.360198181271900353e+01 3.385244383524683798e+01
5.749229027135448320e+17 3.330971887815996979e+01 3.360596118023357803e+01 3.385659233840042504e+01
5.764488282925873280e+17 3.331391836969001474e+01 3.361042731821552820e+01 3.386074084155399078e+01
5.779788038909707520e+17 3.331811808696286192e+01 3.361489345619749258e+01 3.386488934470757783e+01
5.795128402580065280e+17 3.332231780423570200e+01 3.361935959417944986e+01 3.386903784786115779e+01
5.810509481715363840e+17 3.332651752150852786e+01 3.362382421241847652e+01 3.387318635101473063e+01
5.825931384380221440e+17 3.333066185767559375e+01 3.362828813271461570e+01 3.387728650154696197e+01
5.841394218925934080e+17 3.333455717267172247e+01 3.363275074089180805e+01 3.388071464747920203e+01
5.856898093991420160e+17 3.333846058727439043e+01 3.363653177433344865e+01 3.388413459879512857e+01
5.872443118503897600e+17 3.334237594562289786e+01 3.364030965811243590e+01 3.388745958098546396e+01
5.888029401679834880e+17 3.334629187745031231e+01 3.364408754189143735e+01 3.389070997263490881e+01
5.903657053025431040e+17 3.335020780927771966e+01 3.364786542567044592e+01 3.389324143538758705e+01
5.919326182337530880e+17 3.335412374110511990e+01 3.365164330944943316e+01 3.389577289814026528e+01
5.935036899704540160e+17 3.335803967293252725e+01 3.365542119322843462e+01 3.389830436089294352e+01
5.950789315506908160e+17 3.336195560475993460e+01 3.365920074020809238e+01 3.390083582364562886e+01
5.966583540418100480e+17 3.336587153658734906e+01 3.366297495709050480e+01 3.390336728639830710e+01
5.982419685405273600e+17 3.336979045071013417e+01 3.366674773777685914e+01 3.390597896549928691e+01
5.998297861730255360e+17 3.337378066425477385e+01 3.367052051846322058e+01 3.390987782634854852e+01
6.014218180950028800e+17 3.337814084210182841e+01 3.367421198592823828e+01 3.391377569832877015e+01
6.030180754917666560e+17 3.338250101994887586e+01 3.367738729872442605e+01 3.391765641018797339e+01
6.046185695783262720e+17 3.338686119779593753e+01 3.368056261152061381e+01 3.392152498493123147e+01
6.062233115994425600e+17 3.339095072813014298e+01 3.368373792431680158e+01 3.392539355967447534e+01
6.078323128297260800e+17 3.339485106355715516e+01 3.368726860795008804e+01 3.392926213441772632e+01
6.094455845737073920e+17 3.339875139898416023e+01 3.369137656491336941e+01 3.393343118957116644e+01
6.110631381659353600e+17 3.340265981780145665e+01 3.369537839017307590e+01 3.393761880335154046e+01
6.126849849710274560e+17 3.340658308856713887e+01 3.369913193658683070e+01 3.394105744547376702e+01
6.143111363837646080e+17 3.341050640593893206e+01 3.370288548300057130e+01 3.394482287353746841e+01
6.159416038291859200e+17 3.341443210322604784e+01 3.370663902941431900e+01 3.394872398722469597e+01
6.175763987626392320e+17 3.341837009704954653e+01 3.371039257582807380e+01 3.395260449938441383e+01
6.192155326698812160e+17 3.342230809087303811e+01 3.371414612224182861e+01 3.395648501154413168e+01
6.208590170671486720e+17 3.342624608469652259e+01 3.371789966865556210e+01 3.396036552370383532e+01
6.225068635012590080e+17 3.343018407852002127e+01 3.372164917678230722e+01 3.396424603586355317e+01
6.241590835496614400e+17 3.343412587593153518e+01 3.372538195243390646e+01 3.396812654802327103e+01
6.258156888205332480e+17 3.343827771076758637e+01 3.372911649757227792e+01 3.397200706018297467e+01
6.274766909528768000e+17 3.344209850353752955e+01 3.373285104271066359e+01 3.397588757234269252e+01
6.291421016165704960e+17 3.344595597456294200e+01 3.373658558784906347e+01 3.397976395488130663e+01
6.308119325124716800e+17 3.344988823689150337e+01 3.374047720619572743e+01 3.398361086879807402e+01
6.324861953724879360e+17 3.345382049922005052e+01 3.374498729720903611e+01 3.398745778271483431e+01
6.341649019596806400e+17 3.345775276154861189e+01 3.374949738822236611e+01 3.399130469663160170e+01
6.358480640683162880e+17 3.346168502387717325e+01 3.375399998195360496e+01 3.399515161054837620e+01
6.375356935239651840e+17 3.346561801189817231e+01 3.375848407980488020e+01 3.399899852446512938e+01
6.392278021835997440e+17 3.346957648216552883e+01 3.376296398440928215e+01 3.400284543838190388e+01
6.409244019356469760e+17 3.347354206559930390e+01 3.376744388901369121e+01 3.400669180248345924e+01
6.426255047000926720e+17 3.347750764903307186e+01 3.377192379361810026e+01 3.401053538900047357e+01
6.443311224285546240e+17 3.348147323246683271e+01 3.377640369822248800e+01 3.401435889302351967e+01
6.460412671043874560e+17 3.348543881590060778e+01 3.378088360282688996e+01 3.401817156032979739e+01
6.477559507427358720e+17 3.348940439933438284e+01 3.378536350743129901e+01 3.402198422763607510e+01
6.494751853906341120e+17 3.349338107557780830e+01 3.378982583269088025e+01 3.402579689494234572e+01
6.511989831271069440e+17 3.349736500013494833e+01 3.379406586240290267e+01 3.402960956224861633e+01
6.529273560632226560e+17 3.350136706658812358e+01 3.379764042416546488e+01 3.403342222955489405e+01
6.546603163421994240e+17 3.350537061046759391e+01 3.380121498592802709e+01 3.403723420700029578e+01
6.563978761394794240e+17 3.350942547565244922e+01 3.380478954769058220e+01 3.404104351598518718e+01
6.581400476628368640e+17 3.351375751511375256e+01 3.380836410945315151e+01 3.404484655623459588e+01
6.598868431524304640e+17 3.351808955457505590e+01 3.381193867121571373e+01 3.404862438429606186e+01
6.616382748809062400e+17 3.352242159403634503e+01 3.381551323297826173e+01 3.405240221235752784e+01
6.633943551534997760e+17 3.352675363349764837e+01 3.381907902108591912e+01 3.405618004041900093e+01
6.651550963080901120e+17 3.353109172885387324e+01 3.382263066138442298e+01 3.405995786848046691e+01
6.669205107153082880e+17 3.353544343807666195e+01 3.382618269269259770e+01 3.406373569654194000e+01
6.686906107786129920e+17 3.353979525836187747e+01 3.383001422098976718e+01 3.406751314959409171e+01
6.704654089344001280e+17 3.354414707864710721e+01 3.383433031712776540e+01 3.407128759503080317e+01
6.722449176520570880e+17 3.354849889893234405e+01 3.383864641326576361e+01 3.407515849972594424e+01
6.740291494340664320e+17 3.355285071921755957e+01 3.384292610342058083e+01 3.407977563690069189e+01
6.758181168161109760e+17 3.355720253950278931e+01 3.384700626032094561e+01 3.408438687577189086e+01
6.776118323671281920e+17 3.356155435978801904e+01 3.385108593912241304e+01 3.408899811464308272e+01
6.794103086894209280e+17 3.356592279313814942e+01 3.385512759464899091e+01 3.409360935351427457e+01
6.812135584187344640e+17 3.357029244260090906e+01 3.385882651107783659e+01 3.409822059238545933e+01
6.830215942243681280e+17 3.357466221444219912e+01 3.386231388205695225e+01 3.410283183125664408e+01
6.848344288092304640e+17 3.357903198628348207e+01 3.386566283483679740e+01 3.410744009155148149e+01
6.866520749099454720e+17 3.358340175812475081e+01 3.386901178761662123e+01 3.411202574167432289e+01
6.884745452969583360e+17 3.358777152996603377e+01 3.387236074039645928e+01 3.411660747189984022e+01
6.903018527745923840e+17 3.359214130180731672e+01 3.387570969317630443e+01 3.412118920212535755e+01
6.921340101811608320e+17 3.359652106070400635e+01 3.387905864595614247e+01 3.412577093235088199e+01
6.939710303890458880e+17 3.360090615989570750e+01 3.388240759873596630e+01 3.413035266257638511e+01
6.958129263048119040e+17 3.360529193374883761e+01 3.388575940282249377e+01 3.413431602070848214e+01
6.976597108692620800e+17 3.360967781185464531e+01 3.388911197249079521e+01 3.413813722905863557e+01
6.995113970575459840e+17 3.361406368996043881e+01 3.389246454215908955e+01 3.414192568644438097e+01
7.013679978792687360e+17 3.361844956806624651e+01 3.389581711182739099e+01 3.414566947313445411e+01
7.032295263785472000e+17 3.362283544617205422e+01 3.389916968149569243e+01 3.414926371200174060e+01
7.050959956341248000e+17 3.362722618103080663e+01 3.390252225116398677e+01 3.415285795086902709e+01
7.069674187594524160e+17 3.363162559508724314e+01 3.390587482083228110e+01 3.415645218973629937e+01
7.088438089028026880e+17 3.363602500914369386e+01 3.390922739050058965e+01 3.416004642860358587e+01
7.107251792473286400e+17 3.364042506912679897e+01 3.391257996016888399e+01 3.416364066747086525e+01
7.126115430111731200e+17 3.364482519463539489e+01 3.391593649429543689e+01 3.416723490633813753e+01
7.145029134475790080e+17 3.364922532014399792e+01 3.391929316541830985e+01 3.417082914520542403e+01
7.163993038449479680e+17 3.365362544565261516e+01 3.392264912789066500e+01 3.417440644045061049e+01
7.183007275269565440e+17 3.365802662186152361e+01 3.392600509036302725e+01 3.417797476922140731e+01
7.202071978526383360e+17 3.366243848167884067e+01 3.392936105283537529e+01 3.418154309799219703e+01
7.221187282165015040e+17 3.366682523428779916e+01 3.393314157756712746e+01 3.418511142676299386e+01
7.240353320485871360e+17 3.367105945070775164e+01 3.393721054154161720e+01 3.418867975553379068e+01
7.259570228145818880e+17 3.367529429585106016e+01 3.394127950551609274e+01 3.419224808430458040e+01
7.278838140159296000e+17 3.367952915540050896e+01 3.394534846949058249e+01 3.419581641307537723e+01
7.298157191898913280e+17 3.368376401494994354e+01 3.394941853214889704e+01 3.419989060168360595e+01
7.317527519096636160e+17 3.368799887449937813e+01 3.395361424221367486e+01 3.420428240770049655e+01
7.336949257844623360e+17 3.369223078528458615e+01 3.395747524298013076e+01 3.420863507663791836e+01
7.356422544596421120e+17 3.369646078674836076e+01 3.396133624374660798e+01 3.421255517927562551e+01
7.375947516167562240e+17 3.370069078821214248e+01 3.396519724451307809e+01 3.421622071288491185e+01
7.395524309736704000e+17 3.370492083123797045e+01 3.396909810180625300e+01 3.421988624649419108e+01
7.415153062846781440e+17 3.370915140671519339e+01 3.397310264766030485e+01 3.422355178010347743e+01
7.434833913405601280e+17 3.371338198219240212e+01 3.397710392079170560e+01 3.422720021175354788e+01
7.454566999687060480e+17 3.371761255766961796e+01 3.398109250387084757e+01 3.423083060268264433e+01
7.474352460331992320e+17 3.372184294723487596e+01 3.398503980164625204e+01 3.423446048676657227e+01
7.494190434349384960e+17 3.372606720963917581e+01 3.398857183804574333e+01 3.423806231840177361e+01
7.514081061116993280e+17 3.373005602889373478e+01 3.399195183411693222e+01 3.424162627829623773e+01
7.534024480382497280e+17 3.373387961092311116e+01 3.399535821725831397e+01 3.424519023819069474e+01
7.554020832264677120e+17 3.373770328848591760e+01 3.399907469157128759e+01 3.424875419808516597e+01
7.574070257254016000e+17 3.374152737468830310e+01 3.400279116588426120e+01 3.425231815797963009e+01
7.594172896213945600e+17 3.374535146089069571e+01 3.400650764019723482e+01 3.425588211787409421e+01
7.614328890381702400e+17 3.374917554709307410e+01 3.401022411451019423e+01 3.425944607776855122e+01
7.634538381369576960e+17 3.375299963329545960e+01 3.401393517847488113e+01 3.426301003766301534e+01
7.654801511165528320e+17 3.375682984264470576e+01 3.401764216391580931e+01 3.426657313590760623e+01
7.675118422134373120e+17 3.376066199045882854e+01 3.402134914935672327e+01 3.427011017202536181e+01
7.695489257018970880e+17 3.376449413827295842e+01 3.402467327979464784e+01 3.427360785643025309e+01
7.715914158940853760e+17 3.376833184713543545e+01 3.402776032298487507e+01 3.427710554083514438e+01
7.736393271401480960e+17 3.377218552467216028e+01 3.403084736617510231e+01 3.428060322524003567e+01
7.756926738283119360e+17 3.377603920220887801e+01 3.403394812373640832e+01 3.428410090964491275e+01
7.777514703850110720e+17 3.377989287974560995e+01 3.403744459933808741e+01 3.428759859404980403e+01
7.798157312749506560e+17 3.378374655728233478e+01 3.404094107493976651e+01 3.429109627845469532e+01
7.818854710012267520e+17 3.378760273698896555e+01 3.404443518935102020e+01 3.429459396285957240e+01
7.839607041054480640e+17 3.379146358872921496e+01 3.404791493888356513e+01 3.429809054444611860e+01
7.860414451677995520e+17 3.379532441797456954e+01 3.405135458342537902e+01 3.430220644249861550e+01
7.881277088071704320e+17 3.379918516051609600e+01 3.405429901620082944e+01 3.430632733845638427e+01
7.902195096812439040e+17 3.380304590305761536e+01 3.405722672294447051e+01 3.431044823441413882e+01
7.923168624866261760e+17 3.380690664559914183e+01 3.406027371829748063e+01 3.431456913037190759e+01
7.944197819589109760e+17 3.381076738814067539e+01 3.406357195973540541e+01 3.431869002632967636e+01
7.965282828728021760e+17 3.381462813068218765e+01 3.406687020117331599e+01 3.432281092228743091e+01
7.986423800422373120e+17 3.381848887322372121e+01 3.407016844261124078e+01 3.432693181824520678e+01
8.007620883204528640e+17 3.382235559192954355e+01 3.407346668404916556e+01 3.433103240298380143e+01
8.028874226001141760e+17 3.382622240461136442e+01 3.407676476560614276e+01 3.433414439369423832e+01
8.050183978134072320e+17 3.383008921729318530e+01 3.408006163375780062e+01 3.433685802107438434e+01
8.071550289321698560e+17 3.383395602997499907e+01 3.408335850190947269e+01 3.433985474936462623e+01
8.092973309679575040e+17 3.383782284265682705e+01 3.408665537006113766e+01 3.434365904044816631e+01
8.114453189721685760e+17 3.384179900196595270e+01 3.408978442343908455e+01 3.434746333153169218e+01
8.135990080361693440e+17 3.384627408076040922e+01 3.409289921653262212e+01 3.435126762261523226e+01
8.157584132913612800e+17 3.385074915955485153e+01 3.409601400962615969e+01 3.435507191369877944e+01
8.179235499093131520e+17 3.385521873719690689e+01 3.409920482579924794e+01 3.435887620478231241e+01
8.200944331018544640e+17 3.385968823195419475e+01 3.410277193058085743e+01 3.436268049586583828e+01
8.222710781212092160e+17 3.386415772671150393e+01 3.410633903536246692e+01 3.436647087368947950e+01
8.244535002600625920e+17 3.386862722146882021e+01 3.410989653999207150e+01 3.437024204529856064e+01
8.266417148516889600e+17 3.387309671622611518e+01 3.411344027967234638e+01 3.437401321690762757e+01
8.288357372700794880e+17 3.387756621098342436e+01 3.411698401935262837e+01 3.437778438851670160e+01
8.310355829300097280e+17 3.388203570574073353e+01 3.412052775903291035e+01 3.438147390455483077e+01
8.332412672871750400e+17 3.388649878115827363e+01 3.412407149871319945e+01 3.438501108079814372e+01
8.354528058382854400e+17 3.389096060884008210e+01 3.412761523839347433e+01 3.438854825704144957e+01
8.376702141212019200e+17 3.389542262309160492e+01 3.413115897807375632e+01 3.439208543328476253e+01
8.398935077150046720e+17 3.389988463734312063e+01 3.413470271775404541e+01 3.439562260952806838e+01
8.421227022401228800e+17 3.390434665159462924e+01 3.413824291906951203e+01 3.439913894618630508e+01
8.443578133584650240e+17 3.390880866584615205e+01 3.414176053062870864e+01 3.440264173437854822e+01
8.465988567734880000e+17 3.391327068009766776e+01 3.414527979033010752e+01 3.440614452257079847e+01
8.488458482303347200e+17 3.391772615990244333e+01 3.414879971217578003e+01 3.440964731076304872e+01
8.510988035159307520e+17 3.392217864406202210e+01 3.415230208084729924e+01 3.441315009895528476e+01
8.533577384591235840e+17 3.392663112822162219e+01 3.415571286153787867e+01 3.441665288714753501e+01
8.556226689307514880e+17 3.393108377184584157e+01 3.415912364222846520e+01 3.442015567533978526e+01
8.578936108437762560e+17 3.393533490431155286e+01 3.416253442291903752e+01 3.442365846353202130e+01
8.601705801534159360e+17 3.393936127501995514e+01 3.416594520360962406e+01 3.442716064460780245e+01
8.624535928572148480e+17 3.394338764572835032e+01 3.416935817137233755e+01 3.443064889858734290e+01
8.647426649951842560e+17 3.394741625114055950e+01 3.417287737336271647e+01 3.443411677262690063e+01
8.670378126499002880e+17 3.395145405565830998e+01 3.417618807742648102e+01 3.443758464666645835e+01
8.693390519466462720e+17 3.395549186017607468e+01 3.417948746609316402e+01 3.444105252070600898e+01
8.716463990534826240e+17 3.395952966469383938e+01 3.418278685475984702e+01 3.444452039474557381e+01
8.739598701813821440e+17 3.396356753909361714e+01 3.418608624342652291e+01 3.444798826878512443e+01
8.762794815843654400e+17 3.396760548294164295e+01 3.418938563209320591e+01 3.445145614282468927e+01
8.786052495595718400e+17 3.397165529560506769e+01 3.419268502075989602e+01 3.445492401686423989e+01
8.809371904474027520e+17 3.397570650381965862e+01 3.419628015194711423e+01 3.445839064813098673e+01
8.832753206316220160e+17 3.397976041995405438e+01 3.419997459108233073e+01 3.446183174108292491e+01
8.856196565395002880e+17 3.398382202469492341e+01 3.420366903021755434e+01 3.446523553943741547e+01
8.879702146418863360e+17 3.398788362943578534e+01 3.420733232537909885e+01 3.446863933779190603e+01
8.903270114533451520e+17 3.399194523417664016e+01 3.421028468727973149e+01 3.447204313614638949e+01
8.926900635322954240e+17 3.399600679627384636e+01 3.421326119899881490e+01 3.447544693450088005e+01
8.950593874810822400e+17 3.400006832909181753e+01 3.421653179038216308e+01 3.447885073285537061e+01
8.974349999461230080e+17 3.400412986190978870e+01 3.421980238176550415e+01 3.448225453120986828e+01
8.998169176180097280e+17 3.400819139472774566e+01 3.422307297314883812e+01 3.448565832956435173e+01
9.022051572316556800e+17 3.401225616527429452e+01 3.422625395880713484e+01 3.448906212791884229e+01
9.045997355663686400e+17 3.401632703205967800e+01 3.422918974257642333e+01 3.449246455579229576e+01
9.070006694459910400e+17 3.402039789884504728e+01 3.423212552634569761e+01 3.449584213135681665e+01
9.094079757390405120e+17 3.402446876563042366e+01 3.423506131011497899e+01 3.449920932977966714e+01
9.118216713587838720e+17 3.402853951859317760e+01 3.423798759270305681e+01 3.450257652820250343e+01
9.142417732633850880e+17 3.403261024040198635e+01 3.424141514918537155e+01 3.450594372662534681e+01
9.166682984560106240e+17 3.403668096221078798e+01 3.424484486263126826e+01 3.450931092504817599e+01
9.191012639849776640e+17 3.404075168401959672e+01 3.424853977594852950e+01 3.451267812347102648e+01
9.215406869438297600e+17 3.404482613668547231e+01 3.425244638349106197e+01 3.451604532189386276e+01
9.239865844714790400e+17 3.404887589050605357e+01 3.425594467757093753e+01 3.451941252031669904e+01
9.264389737523493120e+17 3.405254495306517981e+01 3.425938196104836209e+01 3.452255876764733955e+01
9.288978720164517120e+17 3.405621401562431316e+01 3.426275501961700343e+01 3.452536111014069320e+01
9.313632965395353600e+17 3.405988286632562279e+01 3.426612807818565187e+01 3.452810782795128119e+01
9.338352646431946240e+17 3.406355171088049616e+01 3.426949756212923859e+01 3.453085256680439841e+01
9.363137936950201600e+17 3.406722055543537664e+01 3.427265739640269260e+01 3.453359730565753694e+01
9.387989011086759680e+17 3.407088939999025712e+01 3.427540026984368637e+01 3.453634204451066125e+01
9.412906043440444160e+17 3.407455824454513049e+01 3.427786739112774228e+01 3.453908678336378557e+01
9.437889209073716480e+17 3.407822669043733299e+01 3.428024101823828573e+01 3.454183152221691699e+01
9.462938683513448960e+17 3.408189504029090955e+01 3.428261464534881497e+01 3.454457626107004842e+01
9.488054642752462080e+17 3.408556334644555363e+01 3.428498827245935843e+01 3.454732099992317984e+01
9.513237263250611200e+17 3.408923140537147844e+01 3.428736189956988767e+01 3.455006573877630416e+01
9.538486721936330240e+17 3.409289946429742457e+01 3.428973552668042402e+01 3.455281515912215440e+01
9.563803196207415040e+17 3.409656752322337070e+01 3.429216898084131770e+01 3.455663466891788005e+01
9.589186863932499200e+17 3.410023558214930262e+01 3.429503559372349741e+01 3.456043823825267935e+01
9.614637903452538880e+17 3.410390364107524164e+01 3.429792080853366087e+01 3.456423621125779277e+01
9.640156493581597440e+17 3.410757170000118066e+01 3.430090559195292599e+01 3.456758512467239086e+01
9.665742813608413440e+17 3.411123897526633897e+01 3.430400758949615181e+01 3.457058839272200856e+01
9.691397043297502720e+17 3.411490613082393963e+01 3.430710958703937763e+01 3.457359166077161916e+01
9.717119362890741760e+17 3.411857303818036513e+01 3.431021158458260345e+01 3.457659492882123686e+01
9.742909953108153600e+17 3.412223994553680484e+01 3.431362675165214426e+01 3.457959819687085457e+01
9.768768995149419520e+17 3.412590685289322323e+01 3.431713415216445640e+01 3.458258194888492199e+01
9.794696670695385600e+17 3.412957376024965583e+01 3.432058696009688248e+01 3.458553425324175379e+01
9.820693161908869120e+17 3.413324066760608844e+01 3.432353411976485802e+01 3.458848379500187065e+01
9.846758651436249600e+17 3.413692311390946088e+01 3.432648127943284067e+01 3.459141007672121049e+01
9.872893322408595200e+17 3.414060850659797097e+01 3.432954630509497918e+01 3.459431390214786006e+01
9.899097358443274240e+17 3.414429262394970976e+01 3.433310884548818365e+01 3.459721772757451674e+01
9.925370943644756480e+17 3.414797654062289922e+01 3.433665438081740717e+01 3.460012155300118053e+01
9.951714262606149120e+17 3.415192718479550393e+01 3.433933183715145532e+01 3.460302537842783011e+01
9.978127500410743040e+17 3.415634149694425048e+01 3.434200461219153766e+01 3.460592920385447968e+01
1.000461084263281792e+18 3.416075580909298992e+01 3.434501435746830111e+01 3.460883302928113636e+01
1.003116447533927680e+18 3.416519036169244572e+01 3.434798891797228038e+01 3.461173685470780015e+01
1.005778858509078784e+18 3.416963280572417005e+01 3.435085981996732585e+01 3.461464068013444972e+01
1.008448335894342528e+18 3.417399095992666247e+01 3.435375220186824663e+01 3.461754450556110640e+01
1.011124898444948480e+18 3.417774993462427346e+01 3.435678674257763987e+01 3.462044728410073446e+01
1.013808564965905792e+18 3.418150870070623881e+01 3.435986709223438140e+01 3.462332702623697145e+01
1.016499354312159104e+18 3.418526746678821127e+01 3.436286146837727529e+01 3.462618314708257827e+01
1.019197285388672128e+18 3.418902623287019082e+01 3.436608351696782648e+01 3.462903926792819220e+01
1.021902377150593024e+18 3.419278499895215617e+01 3.436958788610650117e+01 3.463189538877379192e+01
1.024614648603371520e+18 3.419654376503412863e+01 3.437273981629681430e+01 3.463475150961939164e+01
1.027334118802925184e+18 3.420066139940306726e+01 3.437573284012179897e+01 3.463760763046499846e+01
1.030060806855723776e+18 3.420481947101678344e+01 3.437855978703850468e+01 3.464048032421768397e+01
1.032794731918956672e+18 3.420895761806927737e+01 3.438099462477812551e+01 3.464370110295512006e+01
1.035535913200650624e+18 3.421309574409001897e+01 3.438342946251772503e+01 3.464692188169256326e+01
1.038284369959838464e+18 3.421724146985289394e+01 3.438586430025733875e+01 3.465001795207455615e+01
1.041040121506643840e+18 3.422139620804516369e+01 3.438829913799695959e+01 3.465275712631614624e+01
1.043803187202441984e+18 3.422555094623741212e+01 3.439073397573656621e+01 3.465546794186092683e+01
1.046573586460021760e+18 3.422970568442967476e+01 3.439319660983687754e+01 3.465815525754600657e+01
1.049351338743670656e+18 3.423386042262194451e+01 3.439598189022306940e+01 3.466084257323109341e+01
1.052136463569336704e+18 3.423800513775513821e+01 3.439866282226445549e+01 3.466352988891616604e+01
1.054928980504792064e+18 3.424186543712752950e+01 3.440123064946045872e+01 3.466621720460124578e+01
1.057728909169718784e+18 3.424557066593406063e+01 3.440370535117077111e+01 3.466898078682567075e+01
1.060536269235880448e+18 3.424927589474058465e+01 3.440649849791971349e+01 3.467181843768655369e+01
1.063351080427244160e+18 3.425298112354710867e+01 3.440950780128243736e+01 3.467465608854743664e+01
1.066173362520152704e+18 3.425668635235363269e+01 3.441251710464516123e+01 3.467749373940831958e+01
1.069003135343412224e+18 3.426039158116015670e+01 3.441534591427689094e+01 3.468033139026920963e+01
1.071840418778466176e+18 3.426409680996668783e+01 3.441830641722727790e+01 3.468316818485856601e+01
1.074685232759516800e+18 3.426806520802618650e+01 3.442150878852707763e+01 3.468600485423181112e+01
1.077537597273701248e+18 3.427208467063323383e+01 3.442471115982689867e+01 3.468880428720548537e+01
1.080397532361179136e+18 3.427610256647163567e+01 3.442791353112670549e+01 3.469159751182950657e+01
1.083265058115298816e+18 3.428012046231003040e+01 3.443110832066325599e+01 3.469439073645351357e+01
1.086140194682766208e+18 3.428413835814843935e+01 3.443394912462176194e+01 3.469718396107753478e+01
1.089022962263732736e+18 3.428815625398685540e+01 3.443675927390144409e+01 3.469997718570155598e+01
1.091913381111963648e+18 3.429217414982525014e+01 3.443956942318111203e+01 3.470277041032556298e+01
1.094811471535007616e+18 3.429619204566365198e+01 3.444257937468827890e+01 3.470556363494959129e+01
1.097717253894285056e+18 3.430020994150206093e+01 3.444565753216439674e+01 3.470835685957361250e+01
1.100630748605267840e+18 3.430421384876108704e+01 3.444873568964050747e+01 3.471114926071091844e+01
1.103551976137604096e+18 3.430821652975758695e+01 3.445157915762658263e+01 3.471394152730319149e+01
1.106480957015298432e+18 3.431221921075410819e+01 3.445430343311943489e+01 3.471673379389547165e+01
1.109417711816801920e+18 3.431622189175062232e+01 3.445702770861228714e+01 3.471951465503664025e+01
1.112362261175192704e+18 3.432022457274713645e+01 3.445985161074668923e+01 3.472226427944023897e+01
1.115314625778302848e+18 3.432422725374364347e+01 3.446309228365649346e+01 3.472501390384383058e+01
1.118274826368900224e+18 3.432822993474015760e+01 3.446608375487238618e+01 3.472775561294819369e+01
1.121242883744779648e+18 3.433223261573667884e+01 3.446873496586986363e+01 3.473047954387985214e+01
1.124218818758935808e+18 3.433610435648719772e+01 3.447166161147185903e+01 3.473320347481151060e+01
1.127202652319738112e+18 3.433982925918476781e+01 3.447455808158457558e+01 3.473592740574318327e+01
1.130194405391021696e+18 3.434356578914675850e+01 3.447784355136329992e+01 3.473902233097669523e+01
1.133194098992263040e+18 3.434730231910874210e+01 3.448133273776418406e+01 3.474259936375013780e+01
1.136201754198754688e+18 3.435103884907073279e+01 3.448459404413879525e+01 3.474617806613962046e+01
1.139217392141698304e+18 3.435477537903273770e+01 3.448827949150363281e+01 3.474975676852910311e+01
1.142241034008389888e+18 3.435851190899472840e+01 3.449223470736252040e+01 3.475330172318457755e+01
1.145272701042350080e+18 3.436224843895671199e+01 3.449623416689630062e+01 3.475683332503456313e+01
1.148312414543511168e+18 3.436598113388583897e+01 3.449981349619585558e+01 3.476036492688457002e+01
1.151360195868309888e+18 3.436970542234861625e+01 3.450337688928611612e+01 3.476389652873457692e+01
1.154416066429875712e+18 3.437342952085772652e+01 3.450616710601211423e+01 3.476742813058457671e+01
1.157480047698161920e+18 3.437715361936682257e+01 3.450888642592245503e+01 3.477095973243456228e+01
1.160552161200134144e+18 3.438087771787592573e+01 3.451175104141650252e+01 3.477449133428457628e+01
1.163632428519865856e+18 3.438464575640454512e+01 3.451497247930376489e+01 3.477802293613457607e+01
1.166720871298717184e+18 3.438880465178321799e+01 3.451819391719101304e+01 3.478155453798456165e+01
1.169817511235515904e+18 3.439296354716190507e+01 3.452141535507827541e+01 3.478470496832066061e+01
1.172922370086653184e+18 3.439712180173602007e+01 3.452463679296553778e+01 3.478732690996449861e+01
1.176035469666264320e+18 3.440126588178163303e+01 3.452782733733053533e+01 3.478994885160832240e+01
1.179156831846411776e+18 3.440540973113116507e+01 3.453100632878701504e+01 3.479316501905456249e+01
1.182286478557179904e+18 3.440955358048069712e+01 3.453418532024348764e+01 3.479657105209478374e+01
1.185424431786868736e+18 3.441369742983022206e+01 3.453736431169996024e+01 3.479997708513499788e+01
1.188570713582128640e+18 3.441784127917973990e+01 3.454054330315642574e+01 3.480338311817520491e+01
1.191725346048153344e+18 3.442170979343181614e+01 3.454356193147617660e+01 3.480678915121541905e+01
1.194888351348778752e+18 3.442522378126078308e+01 3.454648084593987534e+01 3.481019518425564030e+01
1.198059751706675200e+18 3.442873776908975714e+01 3.454966090929762856e+01 3.481359962932301499e+01
1.201239569403486464e+18 3.443224395525801640e+01 3.455284097265537469e+01 3.481699383116733770e+01
1.204427826780023296e+18 3.443574901563695789e+01 3.455602705609059910e+01 3.482038334457861595e+01
1.207624546236363520e+18 3.443925403078180381e+01 3.455940984131027705e+01 3.482377285798988709e+01
1.210829750232036864e+18 3.444275904592663551e+01 3.456322511694474997e+01 3.482716237140115112e+01
1.214043461286214656e+18 3.444626406107148142e+01 3.456687324520221694e+01 3.483055188481242226e+01
1.217265701977806592e+18 3.444978198703361727e+01 3.457049584560560618e+01 3.483394139822370050e+01
1.220496494945659904e+18 3.445331100017690318e+01 3.457411844600899542e+01 3.483733091163497164e+01
1.223735862888699136e+18 3.445684001332017488e+01 3.457774104641237045e+01 3.484072042504624278e+01
1.226983828566124544e+18 3.446036902646345368e+01 3.458118238324198757e+01 3.484410891781534758e+01
1.230240414797512192e+18 3.446410423451811766e+01 3.458444586593289216e+01 3.484749338034719557e+01
1.233505644463004672e+18 3.446745393784996025e+01 3.458746361748406173e+01 3.485086576937673897e+01
1.236779540503502336e+18 3.447077470235474550e+01 3.459036502813776792e+01 3.485423815840630368e+01
1.240062125920762880e+18 3.447427068789099280e+01 3.459323503891609164e+01 3.485761054743585419e+01
1.243353423777604352e+18 3.447776667342724011e+01 3.459610504969442246e+01 3.486098293646541180e+01
1.246653457198046720e+18 3.448126265896347320e+01 3.459894705527202063e+01 3.486435532549495520e+01
1.249962249367514368e+18 3.448475864449972050e+01 3.460122775890484093e+01 3.486772771452451281e+01
1.253279823532938752e+18 3.448825463003596781e+01 3.460350846253766832e+01 3.487109259990130283e+01
1.256606203002952192e+18 3.449175061557220090e+01 3.460595883043527010e+01 3.487444927761203672e+01
1.259941411148081408e+18 3.449524177115389278e+01 3.460874287520751835e+01 3.487780520360014691e+01
1.263285471400851712e+18 3.449872869384308416e+01 3.461155089301108490e+01 3.488115121516840844e+01
1.266638407255981312e+18 3.450221561653224711e+01 3.461456608557404024e+01 3.488449178075438084e+01
1.270000242270577152e+18 3.450579648810919764e+01 3.461796061693982551e+01 3.488783234634036035e+01
1.273371000064239872e+18 3.450943239206274882e+01 3.462135378590615176e+01 3.489117291192633985e+01
1.276750704319269632e+18 3.451306829601630000e+01 3.462471992768112727e+01 3.489451347751231935e+01
1.280139378780812288e+18 3.451670419996983696e+01 3.462782152984171091e+01 3.489785404309828465e+01
1.283537047257068032e+18 3.452034010392339525e+01 3.463081439958467911e+01 3.490119460868426415e+01
1.286943733619396096e+18 3.452397600787694643e+01 3.463380726932764730e+01 3.490453517427025076e+01
1.290359461802524160e+18 3.452752380830755641e+01 3.463680013907060840e+01 3.490787573985623027e+01
1.293784255804695040e+18 3.453001956805984207e+01 3.463979300881356238e+01 3.491121483241956014e+01
1.297218139687878144e+18 3.453344547433147937e+01 3.464287567061805362e+01 3.491453868900323698e+01
1.300661137577875456e+18 3.453618814559924743e+01 3.464636699568061573e+01 3.491786254558692093e+01
1.304113273664521472e+18 3.454005328916910145e+01 3.464992926914895577e+01 3.492118640217058356e+01
1.307574572201885696e+18 3.454382213651265232e+01 3.465329362764680354e+01 3.492451025875426751e+01
1.311045057508380416e+18 3.454730837338532723e+01 3.465622585031756842e+01 3.492783411533794435e+01
1.314524753966961152e+18 3.455079461025798082e+01 3.465941094429439318e+01 3.493113696002133395e+01
1.318013686025332224e+18 3.455428084713065573e+01 3.466248081531909975e+01 3.493423428414681098e+01
1.321511878196052736e+18 3.455776663928857317e+01 3.466555068634381342e+01 3.493733160827228801e+01
1.325019355056752384e+18 3.456124364990629516e+01 3.466862055736852710e+01 3.494068182328621930e+01
1.328536141250283008e+18 3.456477346398202144e+01 3.467137902551529294e+01 3.494423382486829155e+01
1.332062261484934144e+18 3.456853275605359244e+01 3.467353948265901664e+01 3.494777051716148719e+01
1.335597740534541824e+18 3.457229204812516343e+01 3.467597533155718281e+01 3.495114437378012440e+01
1.339142603238706432e+18 3.457584889455421973e+01 3.467899420772790364e+01 3.495465153624002852e+01
1.342696874502945280e+18 3.457930091199489198e+01 3.468247670096354796e+01 3.495779586928124871e+01
1.346260579298910976e+18 3.458275292943557844e+01 3.468601127736021539e+01 3.496112772720627504e+01
1.349833742664501760e+18 3.458620494687625779e+01 3.468914948568320256e+01 3.496445958513129426e+01
1.353416389704069632e+18 3.458965696431693715e+01 3.469211274129209244e+01 3.496779144305630638e+01
1.357008545588630528e+18 3.459310899084768209e+01 3.469507599690099653e+01 3.497112330098132560e+01
1.360610235555973888e+18 3.459595398891151774e+01 3.469797395785062122e+01 3.497445465550631383e+01
1.364221484910885888e+18 3.459923248473405977e+01 3.470093962856137182e+01 3.497777152627290320e+01
1.367842319025303040e+18 3.460269141328271303e+01 3.470390529927210821e+01 3.498108428511977763e+01
1.371472763338536192e+18 3.460615360443445354e+01 3.470643908464090543e+01 3.498439704396665917e+01
1.375112843357382912e+18 3.460961944522176736e+01 3.470945549857850665e+01 3.498770980281354781e+01
1.378762584656338176e+18 3.461309268293542374e+01 3.471261996889427337e+01 3.499102190492803999e+01
1.382422012877809920e+18 3.461656592064908722e+01 3.471576798211509640e+01 3.499433398274686624e+01
1.386091153732230400e+18 3.462036013125214140e+01 3.471889688190903911e+01 3.499764606056569249e+01
1.389770032998281984e+18 3.462417609267562568e+01 3.472215050497681688e+01 3.500095703880082709e+01
1.393458676523056640e+18 3.462762805575548697e+01 3.472539557432506285e+01 3.500423153498675077e+01
1.397157110222281216e+18 3.463108925297724738e+01 3.472864064367331594e+01 3.500750356690783605e+01
1.400865360080433408e+18 3.463455045019900780e+01 3.473214240854075285e+01 3.501075816981305877e+01
1.404583452150956288e+18 3.463801164742074690e+01 3.473568572617487860e+01 3.501401277271826729e+01
1.408311412556477952e+18 3.464147020403864730e+01 3.473898126534268727e+01 3.501726737562349001e+01
1.412049267488924160e+18 3.464488434551269336e+01 3.474206982960086521e+01 3.502052197852870563e+01
1.415797043209749504e+18 3.464754669582903546e+01 3.474515839385903604e+01 3.502348895025644993e+01
1.419554766050098688e+18 3.465097519823515171e+01 3.474824695811719977e+01 3.502624716749863154e+01
1.423322462411037440e+18 3.465442780196099193e+01 3.475132563566092614e+01 3.502900538474082737e+01
1.427100158763669504e+18 3.465787320853472409e+01 3.475439145782176809e+01 3.503176360198302319e+01
1.430887881649355520e+18 3.466096832920200654e+01 3.475745727998260293e+01 3.503452181922520481e+01
1.434685657679936256e+18 3.466452308752505473e+01 3.476052310214343777e+01 3.503727979912918755e+01
1.438493513537849088e+18 3.466804449065807603e+01 3.476358892430427971e+01 3.504003053482752250e+01
1.442311475976361728e+18 3.467039025478178615e+01 3.476723184639556052e+01 3.504274870603447312e+01
1.446139571819736832e+18 3.467265867209633257e+01 3.477095366265152876e+01 3.504546687724140952e+01
1.449977827963468288e+18 3.467492708941088608e+01 3.477443874845704386e+01 3.504818504844836013e+01
1.453826271374398464e+18 3.467802636095445479e+01 3.477768229580300385e+01 3.505090321965531075e+01
1.457684929090943744e+18 3.468162050980915723e+01 3.478092584314894964e+01 3.505362139086224005e+01
1.461553828223319808e+18 3.468521465866386677e+01 3.478415536365837113e+01 3.505633956206919066e+01
1.465432995953660928e+18 3.468884005472012433e+01 3.478756821076602535e+01 3.505905773327614128e+01
1.469322459536258304e+18 3.469248980096491408e+01 3.479073664100219787e+01 3.506177590448308479e+01
1.473222246297728000e+18 3.469519986237492759e+01 3.479333120018489467e+01 3.506449367348903223e+01
1.477132383637250816e+18 3.469738310075511833e+01 3.479557168062547134e+01 3.506721083890183621e+01
1.481052899026692864e+18 3.469956633913530908e+01 3.479781216106604802e+01 3.506992800431463309e+01
1.484983820010833920e+18 3.470243644456163423e+01 3.480005264150662470e+01 3.507269700323853101e+01
1.488925174207597824e+18 3.470463117902134087e+01 3.480263164230770201e+01 3.507584412067909341e+01
1.492876989308174592e+18 3.470683041926255186e+01 3.480538225059005697e+01 3.507899123811964870e+01
1.496839293077261568e+18 3.470956131249916865e+01 3.480775005593419991e+01 3.508213835556020399e+01
1.500812113353236224e+18 3.471309440748032671e+01 3.481018247805167221e+01 3.508528547300075218e+01
1.504795478048399104e+18 3.471670010731689615e+01 3.481332318724717823e+01 3.508843259044130747e+01
1.508789415149097216e+18 3.472030375406833258e+01 3.481689614839892499e+01 3.509157970788186276e+01
1.512793952715957248e+18 3.472326872829967215e+01 3.482045873091433918e+01 3.509472631114125107e+01
1.516809118884119808e+18 3.472608544517339624e+01 3.482402131342976048e+01 3.509786999518307482e+01
1.520834941863363072e+18 3.472834045200262665e+01 3.482743970825757174e+01 3.510100747224330320e+01
1.524871449938349824e+18 3.473055895831133455e+01 3.483071893742000213e+01 3.510414494930351736e+01
1.528918671468802560e+18 3.473290479956799715e+01 3.483399816658242543e+01 3.510724187421669740e+01
1.532976634889751040e+18 3.473516198360604790e+01 3.483727739574485582e+01 3.511033825736659963e+01
1.537045368711659008e+18 3.473741916764409865e+01 3.484055662490729333e+01 3.511343464051649477e+01
1.541124901520659968e+18 3.473967635168214230e+01 3.484402914077111291e+01 3.511653102366637569e+01
1.545215261978797312e+18 3.474193353572019305e+01 3.484723673512574749e+01 3.511962740681627082e+01
1.549316478824149504e+18 3.474419071975824380e+01 3.485056342326788581e+01 3.512272378996616595e+01
1.553428580871082752e+18 3.474644790379629455e+01 3.485403579666887453e+01 3.512582010124283727e+01
1.557551597010427648e+18 3.474870508783433820e+01 3.485750817006984903e+01 3.512891419937548676e+01
1.561685556209733120e+18 3.475095139464441019e+01 3.486098054347083064e+01 3.513200829750814336e+01
1.565830487513394176e+18 3.475317315771834359e+01 3.486447263844918609e+01 3.513510239564079995e+01
1.569986420042893312e+18 3.475539403038588659e+01 3.486801334963009680e+01 3.513817104444353845e+01
1.574153382997044224e+18 3.475761490305342249e+01 3.487155406081101461e+01 3.514122421253278361e+01
1.578331405652119808e+18 3.475983577572097261e+01 3.487509477199193242e+01 3.514427738062202877e+01
1.582520517362108672e+18 3.476205664838852272e+01 3.487858091801859928e+01 3.514733054871127393e+01
1.586720747558896640e+18 3.476427752105606572e+01 3.488139359179774601e+01 3.515038371680049778e+01
1.590932125752524544e+18 3.476649839372360162e+01 3.488487613181749225e+01 3.515343688488975005e+01
1.595154681531318016e+18 3.476871926639115173e+01 3.488835867183723849e+01 3.515660238281991212e+01
1.599388444562134016e+18 3.477094013905869474e+01 3.489184121185698473e+01 3.515996828920449246e+01
1.603633444590609152e+18 3.477316101172623775e+01 3.489484821466655262e+01 3.516333270453046822e+01
1.607889711441289216e+18 3.477538188439378075e+01 3.489760157854017564e+01 3.516669711985643687e+01
1.612157275017892096e+18 3.477760275706133086e+01 3.490088216038579105e+01 3.517003743472621125e+01
1.616436165303491072e+18 3.477982362972887387e+01 3.490422225174042836e+01 3.517335591065057088e+01
1.620726412360777984e+18 3.478194177617332628e+01 3.490713277140328330e+01 3.517667438657495182e+01
1.625028046332195840e+18 3.478393571974236664e+01 3.490976737006177189e+01 3.517999286249931856e+01
1.629341097440189952e+18 3.478592488465169907e+01 3.491292483940067370e+01 3.518331133842368530e+01
1.633665595987459584e+18 3.478791217413460402e+01 3.491626767324675029e+01 3.518662981434805914e+01
1.638001572357092608e+18 3.478989937342094407e+01 3.491906786530201146e+01 3.518994829027243298e+01
1.642349057012830208e+18 3.479188657270729124e+01 3.492221034335476304e+01 3.519326676619680683e+01
1.646708080499255808e+18 3.479387377199363129e+01 3.492535282140751463e+01 3.519658416164514136e+01
1.651078673442062080e+18 3.479586097127997135e+01 3.492839006480518549e+01 3.519990040803985920e+01
1.655460866548187136e+18 3.479784817056631141e+01 3.493177158968272522e+01 3.520317507539085966e+01
1.659854690606068480e+18 3.479983536985265147e+01 3.493524673569926620e+01 3.520644514787038304e+01
1.664260176485901824e+18 3.480182256913899153e+01 3.493872188171580717e+01 3.520971522034992773e+01
1.668677355139775744e+18 3.480380976842533869e+01 3.494219702773235525e+01 3.521298529282946532e+01
1.673106257601943552e+18 3.480579696771167875e+01 3.494549015102239764e+01 3.521625536530900291e+01
1.677546914989014016e+18 3.480778416699801880e+01 3.494830519480714770e+01 3.521952543778853340e+01
1.681999358500225024e+18 3.480977136628435886e+01 3.495145109241862258e+01 3.522279551026807098e+01
1.686463619417580288e+18 3.481175856557070603e+01 3.495459396260086748e+01 3.522606558274761568e+01
1.690939729106110464e+18 3.481374576485704608e+01 3.495765368104443382e+01 3.522933565522713906e+01
1.695427719014134528e+18 3.481571268310757716e+01 3.496055726110434136e+01 3.523259848819817108e+01
1.699927620673398016e+18 3.481766953128992981e+01 3.496309089425736971e+01 3.523581998951502214e+01
1.704439465699350784e+18 3.481962455221654551e+01 3.496586152426220906e+01 3.523904149083187320e+01
1.708963285791340032e+18 3.482157957314314700e+01 3.496876260605287712e+01 3.524207138536777251e+01
1.713499112732888832e+18 3.482353459406975560e+01 3.497145628525650807e+01 3.524496023663294864e+01
1.718046978391837440e+18 3.482548961499636420e+01 3.497453013416711087e+01 3.524784908789813187e+01
1.722606914720606208e+18 3.482744463592297279e+01 3.497730479144857441e+01 3.525073793916330089e+01
1.727178953756465664e+18 3.482939965684958139e+01 3.497983952355363613e+01 3.525362679042849123e+01
1.731763127621673728e+18 3.483135467777619709e+01 3.498237425565871206e+01 3.525651564169366736e+01
1.736359468523760640e+18 3.483314419468536727e+01 3.498490898776377378e+01 3.525940449295885060e+01
1.740968008755724800e+18 3.483488563328371157e+01 3.498744371986883550e+01 3.526229280387623533e+01
1.745588780696318464e+18 3.483662707188206298e+01 3.499047818749356509e+01 3.526516793247029824e+01
1.750221816810187520e+18 3.483836851048040728e+01 3.499357062766418380e+01 3.526801311523166049e+01
1.754867149648144896e+18 3.484010994907875158e+01 3.499684667467530375e+01 3.527085829799301564e+01
1.759524811847439872e+18 3.484185138767710299e+01 3.500055392121267062e+01 3.527370348075438500e+01
1.764194836131902976e+18 3.484359282627544019e+01 3.500415009223254259e+01 3.527654866351574725e+01
1.768877255312232704e+18 3.484533426487379160e+01 3.500745892248821178e+01 3.527939384627710950e+01
1.773572102286196992e+18 3.484706709483732823e+01 3.501073032955305564e+01 3.528223902903847176e+01
1.778279410038922752e+18 3.484877231153627264e+01 3.501395710824429841e+01 3.528508421179982690e+01
