7.295635345712758735e-01 3.804814929667372780e-01 -6.849605027032590332e-02 3.003636667716244341e-03
9.635780383843991492e-01 4.524654855067156145e-01 -1.118445273599608242e-01 5.710481488479176269e-03
6.129587148948404396e-01 3.584073423964526106e-01 -6.195095258162683360e-02 2.372145598829704990e-03
4.214729060897887125e-01 6.373372265661708669e-01 -1.143420422996097169e-01 4.823296738929819596e-03
1.177528310714667903e+00 7.685793901828098795e-02 -2.758530039862567076e-02 1.782513223931748471e-03
8.605170655730665086e-01 2.263924698805221680e-01 -3.922103325288463921e-02 1.432724577124560835e-03
6.845666314970417776e-01 3.395098241080980461e-01 -7.140457194315633083e-02 3.599825302466885379e-03
8.593171441925132603e-01 5.443320002311311523e-01 -1.336198763660303712e-01 7.237054083865606009e-03
1.322328888029192351e+00 -7.279936024829468388e-02 1.767143638769159194e-04 2.879846892731158779e-04
1.011606752796301079e+00 3.617591189674604912e-01 -1.129885897947895818e-01 6.242165045825746016e-03
9.911438328409865051e-01 4.521924506674185329e-01 -1.349604086933459401e-01 7.692039583540004853e-03
9.610946302003836594e-01 2.919409681036883031e-01 -7.558262967069397098e-02 3.888049679516651907e-03
8.750956905601640079e-01 2.543950232786164611e-01 -6.241625837583316544e-02 3.368847671195163585e-03
5.928508389560603886e-01 6.461794901523099099e-01 -1.458889317759470283e-01 7.825188679623078583e-03
7.434631195598339071e-01 5.296026925627654869e-01 -1.293279079941493936e-01 6.766352904070778093e-03
5.938037926968177116e-01 6.666852376752815390e-01 -1.462905477647635510e-01 7.741777547924167877e-03
1.165737006688662314e+00 1.845413093019388773e-01 -6.904199008811755245e-02 4.503323573789613961e-03
9.551779843333464415e-01 1.931921953787958113e-01 -3.963958941384655710e-02 2.082076375235332368e-03
1.249234413443663927e+00 1.114844070898838024e-01 -4.910486373613708738e-02 2.472964260632715735e-03
1.311930549049375561e+00 9.152665334315152057e-02 -5.316063407667679513e-02 2.950758995808619965e-03
1.150010125308340792e+00 3.641334016431186371e-01 -1.310693468082139157e-01 8.191640824093168738e-03
3.852779814430648542e-01 4.954380754749527216e-01 -8.123282002834082693e-02 3.403513432331696856e-03
7.521998809451881929e-01 5.579076923118744258e-01 -1.403055287566165599e-01 7.728282861478205992e-03
7.958649656309392251e-01 3.568604342528738371e-01 -6.537038187656545041e-02 2.653127625651286337e-03
6.117217049486448621e-01 3.893413339844817855e-01 -6.780835720762085073e-02 3.060603590711788793e-03
8.431374837655353227e-01 3.205927785337110980e-01 -6.306616126618014295e-02 2.323067815393880728e-03
8.989395362013935520e-01 3.080542120885161328e-01 -6.229619153693089634e-02 2.347907909513400129e-03
7.979243634429801224e-01 1.913147097870342705e-01 -1.857703127598596751e-02 -1.445714041096027096e-04
7.717205061032553770e-01 4.675336370619837534e-01 -1.069766716873081641e-01 5.806635822916717503e-03
9.310337714150339616e-01 2.533306223886195863e-01 -5.543489461697452547e-02 2.970105055107126989e-03
7.937789148219617230e-01 3.830591801709807287e-01 -8.855979237600290765e-02 5.008093652524981017e-03
8.149237300928801053e-01 3.728546892641052546e-01 -9.275663166157159523e-02 4.983845978530784815e-03
7.972246640835433107e-01 4.094925076478815318e-01 -1.032515339166682061e-01 5.511986569898389733e-03
7.784784192259953661e-01 3.820407145454335907e-01 -8.737042010826089056e-02 4.949279872859597973e-03
7.333025703507214388e-01 4.887851151773484615e-01 -1.033779471950054263e-01 4.614303593971189228e-03
8.353397501673323067e-01 3.554259700752606665e-01 -8.262163303863893915e-02 4.377223721331308451e-03
5.814789559707984612e-01 5.112657398433145817e-01 -8.623683083385329240e-02 3.392687600870770374e-03
5.738867272704250011e-01 4.551853210083916523e-01 -7.692057403087680656e-02 2.871585499205037400e-03
4.285714580722144174e-01 5.266231189655186107e-01 -9.957358175804192912e-02 4.910475310877609328e-03
1.226695389307214334e+00 1.471643547736413704e-01 -6.212305359390249415e-02 3.691074456359723800e-03
1.320016403377251013e+00 1.115435765727758738e-01 -6.379472976784418548e-02 3.905520079253444951e-03
4.106201890517832132e-01 7.041457714149116365e-01 -1.517717414224349914e-01 7.807502842003587532e-03
3.223476749940944464e-01 6.614642838104436429e-01 -1.138325360199000380e-01 4.793876424389907631e-03
3.716818772663503245e-01 5.651611131839876512e-01 -9.624224111626407396e-02 3.882290079136338588e-03
1.240293324654764273e+00 -8.137070602249160678e-02 7.920028206648012034e-03 -6.196113173931396033e-04
2.118432566686048735e-01 5.867069553856123498e-01 -8.576043075774389401e-02 2.878742807568678702e-03
1.468925714555206374e+00 -3.815543600534951341e-02 -3.425111499946719568e-02 2.815044115726802760e-03
4.780414614285887764e-01 7.769446348548905146e-01 -1.815108041462996924e-01 9.984197233497299831e-03
1.061200513267138490e+00 1.787052692558566691e-01 -6.052309735534583401e-02 3.353731675889046540e-03
7.319905649296685191e-01 4.975496427651833753e-01 -9.700927698048589232e-02 4.073926730843879622e-03
1.280934107736661165e+00 -1.763718130042754295e-01 4.003485559318019360e-02 -2.809432743885667202e-03
6.169367070881540682e-01 3.752848917105617854e-01 -5.703801616265424812e-02 1.751035127672673610e-03
6.946032487230727748e-01 2.439403619350158370e-01 -4.328756515019644563e-02 1.680662241651504664e-03
1.269911245735820815e+00 -3.191215324825999455e-02 -1.556136596433229866e-02 1.129557047575063897e-03
1.255940469956191574e+00 -5.184229650686278390e-02 2.601170436154173413e-03 -4.452076075896471957e-04
1.232158125067524868e+00 1.373357951895946318e-02 -8.274111357015915755e-03 -2.990773295097370107e-04
4.954218965798593000e-01 2.464390462275348470e-01 -1.615309269685768004e-02 -8.239671506312501968e-04
7.333025703507215498e-01 4.887851151773485725e-01 -1.033779471950054263e-01 4.923971325451541661e-03
8.081742000367441170e-01 5.285338348571962941e-01 -1.193831630768981134e-01 6.306189206144695303e-03
6.533736843097245339e-01 5.285619849644495050e-01 -9.697104105609608005e-02 4.348058599823504365e-03
1.330668457531084314e+00 -2.628875716553020700e-02 3.032408373223681019e-03 -9.742223761946227191e-04
5.996352041807183619e-01 2.714625053848755409e-01 -3.680162951509987485e-02 1.236078252179346245e-03
8.017847992953256453e-01 3.200567091143214915e-01 -6.708601013270640290e-02 3.578574378355280864e-03
8.770392616930458018e-01 2.492650031070292038e-01 -6.495616043608758161e-02 3.913185964598777170e-03
3.649432786936261386e-01 4.055694470370396210e-01 -4.228176883978187334e-02 3.245310627466229747e-04
7.215469151920116397e-01 3.277806216688108343e-01 -6.236920365038819275e-02 2.597429588976844783e-03
2.575444819427418208e-01 7.739150868738392530e-01 -1.538275845893485039e-01 7.337767521929220577e-03
1.019441534764656376e+00 3.526673746582679736e-01 -8.730632456454789914e-02 4.991820841875336916e-03
9.318025098894755498e-01 3.136416367250359216e-01 -9.259927954507710113e-02 5.630591886961924808e-03
6.817141483552183745e-01 5.587062890087496347e-01 -1.352162739420546822e-01 7.493567569669641777e-03
4.868507513420254340e-01 7.474715058180066984e-01 -1.604046242771555997e-01 7.945672805271270650e-03
5.221148844593360705e-01 6.402229891316871813e-01 -1.285542252077757075e-01 6.510699086617614990e-03
2.664229045796474016e-01 8.370487462166611436e-01 -1.702752588640464859e-01 8.585164487070806594e-03
6.585265096464671952e-01 2.039987047398740538e-01 -1.851928800918742346e-02 -3.986282601795035309e-04
1.360020330651455112e+00 -1.101045404996376931e-01 2.276289390666398453e-03 4.629883270865500170e-04
1.152052384200183521e+00 1.459867954087330222e-01 -4.887080887108009863e-02 2.256548411511942291e-03
5.441316523238745040e-01 4.628157921114073869e-01 -9.504091927402799622e-02 5.012904107129532126e-03
1.134509403993271492e+00 1.420206422145416092e-01 -5.085361201152073518e-02 2.701480802992168879e-03
6.521102217106139465e-01 5.205920051092689516e-01 -1.107619610815809841e-01 5.168628209413158453e-03
1.127685565037409132e+00 1.052751967810611616e-01 -4.118068428849617352e-02 2.436222843684768356e-03
1.012780385413420747e+00 1.667632137810347581e-01 -4.807913343972329556e-02 2.998803241259464635e-03
2.716820463303908362e-01 5.935456210941453259e-01 -9.575711731073494049e-02 3.765841827271897493e-03
6.150245829369900274e-01 5.335691205380561630e-01 -9.880118831674919444e-02 4.234601881850203267e-03
6.185653982283663144e-01 4.336014295416267261e-01 -9.166144753324129146e-02 4.304801827703504287e-03
6.946256391652448903e-01 5.062249077813795184e-01 -1.208063105617672855e-01 5.979119886748243164e-03
5.979337271341740312e-01 3.646836585446288082e-01 -5.566606656533287789e-02 2.058641050447555798e-03
9.687904190351898093e-01 2.758205443897837617e-01 -6.307868546399893195e-02 2.566799267412576708e-03
5.223995545991365619e-01 4.437226062704111018e-01 -6.965343922914167540e-02 2.431421414954620594e-03
9.676231414211868831e-01 2.075898766414032703e-01 -4.035318589296233577e-02 1.285281454113131961e-03
1.131658453633187289e+00 1.951857647400571660e-01 -7.175063338978217298e-02 4.110923979745392288e-03
1.038237420818921120e+00 2.677833830775669388e-01 -6.871348094316523381e-02 3.037507339411776516e-03
1.333955594445009663e+00 9.032951487017389092e-03 -2.182764679920714407e-02 7.958737356805206274e-04
1.446990495183901881e+00 -2.184908199324241129e-01 4.012326046619019149e-02 -2.790881812218261662e-03
1.192770449868319593e+00 -1.327071179965362280e-01 2.582750012595212002e-02 -1.433459642381617509e-03
4.383037182421468114e-01 5.049238901592528750e-01 -1.012930356000897036e-01 5.443177824641771967e-03
1.328254281643767243e+00 1.700448772259725849e-01 -5.125459154767444264e-02 2.882574537278635805e-03
1.286523327446987164e+00 -8.576837518394822557e-02 1.653567368303717963e-02 -1.122179113847507868e-03
4.068035493466457542e-01 3.691421793035805643e-01 -4.635445703453695832e-02 1.186706367807003433e-03
1.153141408625195652e+00 6.152462448256334343e-02 -1.199218335140152247e-02 -9.203996746134956216e-05
7.588699133363123739e-01 2.042157870429719968e-01 -3.388816706681298252e-02 1.109560524366739152e-03
7.342592262156476535e-01 1.405605440012370200e-01 -4.359429382277448146e-03 -1.073890241157502258e-03
8.140923446065736480e-01 3.617860205330063472e-01 -6.231679435953352275e-02 2.049004025544620775e-03
2.849598086417325371e-01 7.594422576566006722e-01 -1.510500165411897966e-01 7.879475353827788617e-03
1.216620164865848785e+00 1.316237902803536752e-01 -3.818028763767383760e-02 2.346741960960549694e-03
1.283111337035756305e+00 1.428232597937345860e-01 -5.276970302352042286e-02 2.438466437932039835e-03
8.724194720112833368e-01 1.934337491641467122e-01 -3.107476973898937178e-02 5.538390219926950806e-04
1.071034056457260242e+00 3.232021366031960219e-01 -9.773039137356062667e-02 5.824426275778447556e-03
1.268810490085407583e+00 9.612673265947821455e-02 -2.847774084389395263e-02 7.311023977276361659e-04
8.719531732147639547e-01 1.908106096671746410e-01 -4.029988923619567953e-02 1.936979522804346820e-03
1.131140056954479833e+00 3.185443357439506906e-01 -1.137322141622093136e-01 6.729538967713409592e-03
3.983198640233273635e-01 6.909930355931587220e-01 -1.451335795208957835e-01 7.229941640627175585e-03
4.355308632177932182e-01 6.749262577160690668e-01 -1.382594644906547099e-01 7.181142757097228393e-03
1.180049114893816364e+00 8.433518461700974245e-02 -3.157100514696651455e-02 1.760616767853762782e-03
6.822701994753440635e-01 2.353013141524716856e-01 -3.013266990241949758e-02 9.003321942532670078e-04
8.720706379280231957e-01 1.765740822032494384e-01 -1.513942159590301456e-02 -5.898617617530029162e-04
5.158294918395667228e-01 8.617627901544272495e-01 -2.261753692859853337e-01 1.318496591180711407e-02
5.542374882451561735e-01 8.730621490828657238e-01 -2.318857568503554789e-01 1.360209804373291136e-02
1.472202746102355686e+00 -1.571946158298603846e-01 2.214930177465142258e-02 -1.539793742807486331e-03
5.949493098494325061e-01 6.785612133538687640e-01 -1.470157481603899530e-01 7.177513586755104522e-03
1.386863901252754605e+00 -1.376484649414841110e-01 2.249325210223887886e-02 -1.201360118953781562e-03
1.430923088557241707e+00 -1.386113354214837112e-01 1.980067434548655678e-02 -1.178978325957881577e-03
5.620814015304448352e-01 6.290109894736444218e-01 -1.455495158260163568e-01 7.260019150968665888e-03
5.808583976620783629e-01 3.530679538133227324e-01 -4.323114609218706161e-02 7.069972680371047801e-04
1.343600036358586713e+00 -7.460636287923756715e-02 2.197236333011843776e-03 -5.132825153414745682e-04
9.417620025653423710e-01 1.459404456886521095e-01 -1.979585060206099853e-02 -9.821427521207118242e-05
5.237926728440319701e-01 5.369070472357080348e-01 -1.123016660590465260e-01 5.652934000634313866e-03
3.400313361656212008e-01 3.645351590860759217e-01 -3.808864024469048315e-02 5.574017818710052348e-04
1.267013285792374377e+00 -1.072028799045767963e-02 -1.466311914617991936e-02 1.346411892388296771e-03
2.447878988413508539e-01 7.947943445619969349e-01 -1.474242538200900010e-01 6.565738818814591433e-03
4.677387355477011233e-01 3.873452489833479340e-01 -5.748037955173224828e-02 1.954132344844144477e-03
4.463431299480090653e-01 6.328496902018798664e-01 -1.186393743631823233e-01 6.010255686631806905e-03
4.434175624514584690e-01 6.703638957018714928e-01 -1.301090775830303081e-01 5.909514070758001281e-03
1.006888926729849976e+00 2.531813027620525847e-01 -5.538404891930440166e-02 2.333414374734601657e-03
1.002729352461584345e+00 2.243555590049289283e-01 -5.526418930418253855e-02 2.689851119171103155e-03
6.664569686429796525e-01 1.923435309444590513e-01 -2.074694203242785639e-02 -1.931602920202023178e-04
2.631353549913331147e-01 5.822803051127679597e-01 -9.724621218115296617e-02 4.317991296083249254e-03
1.127419379872146354e+00 2.489671362046085579e-01 -9.030517201348943479e-02 5.654990432002092449e-03
1.060527464279140908e+00 2.456195695686723968e-01 -7.014831834024884416e-02 3.692212851715858269e-03
7.865700729075250086e-01 4.733455642935373020e-01 -1.179078139948205456e-01 6.212801880202897982e-03
9.690201473327555437e-01 1.411905480893655418e-01 -3.927598333145004145e-02 2.308610822039820765e-03
1.097283561474092339e+00 2.339016678329224885e-01 -8.681681457381715261e-02 5.516109079612629799e-03
2.906354367516222337e-01 5.516764866862735595e-01 -8.119981829096502290e-02 3.014477642456946799e-03
1.120162708427553611e+00 6.506634394834795443e-02 -2.178613530499359102e-02 1.394512425998944332e-03
4.238527913925501656e-01 5.263203148417792132e-01 -8.040123724646332237e-02 2.787553530720075431e-03
1.078319671417955483e+00 1.047431025199929006e-01 -2.482713664170478271e-02 7.244181570990799492e-04
1.139544594511068709e+00 2.909969820666465368e-01 -9.053884348945202831e-02 5.605493719903916448e-03
9.711495882571008487e-01 3.130074535721455997e-01 -9.683504158741848555e-02 5.291549860303185020e-03
5.781157494206717873e-01 4.672769627479951282e-01 -9.269453490946351348e-02 4.394785923887026789e-03
6.988038674225068858e-01 4.933489165351349071e-01 -1.102487202587779658e-01 5.551937388507952216e-03
1.101297579959086281e+00 5.881831721432581594e-02 -1.505181052133983989e-02 9.168451184674112362e-04
1.199092845461311896e+00 1.866991280831414024e-01 -4.417381816385208826e-02 1.683428417844546774e-03
5.735502342722039737e-01 4.560230246023762590e-01 -8.079478665480002708e-02 3.724717862118943294e-03
5.600172782501033897e-01 6.516080566304119914e-01 -1.598439520806621827e-01 8.611897100071186015e-03
1.239798602608596756e+00 3.776355677796213589e-02 -3.391220610849526168e-02 2.402111615545778154e-03
6.226341663604662013e-01 4.491999429317568571e-01 -8.112323273021029846e-02 3.133669055996496887e-03
1.272675451970527005e+00 -3.826711762532223476e-02 1.105479826700278383e-02 -1.157032378151597605e-03
7.431601552604069072e-01 3.940977515660777364e-01 -9.217386142684867723e-02 5.181406617521388570e-03
7.277957854840073626e-01 3.844628207841764844e-01 -8.792686990839529426e-02 4.640795608188764618e-03
4.630069671574733037e-01 6.454225263093019693e-01 -1.228441015095004668e-01 5.691698793186399617e-03
3.485625692547000831e-01 7.902841884598305056e-01 -1.740971818572792096e-01 9.049099357314399975e-03
8.532921937517401467e-01 1.840631828480840115e-01 -2.509288558063049734e-02 6.047567898603283150e-04
9.161483007432050796e-01 2.607500202369282816e-01 -4.894184622936429557e-02 1.795814090007397112e-03
1.040456558690013189e+00 3.589728260588435083e-01 -9.950388345894224662e-02 5.663361307201112207e-03
1.037606654812253115e+00 3.320121813324172777e-01 -9.799472115099158720e-02 5.101407083330810645e-03
1.295094623028650416e+00 4.486582462872362731e-02 -4.117736548973080501e-02 2.721874100710120360e-03
1.115801354576352322e+00 3.237725204820276342e-02 -2.856937377976806469e-03 -2.161844853404351206e-04
1.483970844946710610e+00 -2.707887048087336268e-01 4.694223491034661688e-02 -2.930747449692590930e-03
8.981854218155268521e-01 4.085175145375783412e-01 -1.163347999357690343e-01 6.212967056080537578e-03
6.655441897879065261e-01 5.343123281828180415e-01 -1.293784118436676622e-01 6.726975572041667129e-03
1.128432744103066820e+00 2.906239516869246753e-01 -6.513622149728462429e-02 3.112257070199462780e-03
8.179276137380218081e-01 3.452827758170644579e-01 -8.649356777457985201e-02 4.696010692078112295e-03
5.876987005356870686e-01 5.524241134612650761e-01 -1.313837538618581879e-01 6.611072424725697276e-03
1.455402111053919922e+00 4.197577137361175464e-02 -5.465339769187516072e-02 3.998147895291234016e-03
3.627518066401420049e-01 6.703679520163985384e-01 -1.320840213897849225e-01 6.545275810658755106e-03
7.479109931454366311e-01 1.718007886426898279e-01 -2.460250407882484669e-02 8.258574862981686625e-04
9.855064227175609481e-01 4.002410238191539960e-01 -9.678007378923383919e-02 5.236819880109681510e-03
2.383465672008094061e-01 6.914353557677475060e-01 -1.245664996718388456e-01 6.215960498386135721e-03
9.602609542111089080e-01 4.943765202470362663e-02 -6.733221700072196348e-04 -6.730616329087300625e-04
2.112347856555424064e-01 7.399422444173432423e-01 -1.345442013612961896e-01 6.527286173543402070e-03
1.396326114072021563e+00 1.587308829272950639e-01 -7.478128052885145427e-02 4.076404265729745985e-03
1.161961608511094646e+00 1.198202771043320458e-01 -2.725140597863625475e-02 1.186915243683620783e-03
5.965886224346090838e-01 6.131014227592577193e-01 -1.363148597084557212e-01 7.230347891193119984e-03
1.066128931594369611e+00 1.730180073516665584e-01 -4.714051458183095289e-02 2.191041871073322756e-03
5.161980013913524123e-01 4.076556470602600846e-01 -5.820361520146785650e-02 1.734122966669438340e-03
1.234012510926831840e+00 -4.068179330465571120e-02 5.681443544228282662e-03 -8.371918705605958756e-04
1.201248733471735664e+00 -3.112651383394281213e-02 4.053894504960473336e-03 -7.108345205956100553e-04
1.022023391418525939e+00 2.379269666683870854e-01 -7.620048569362497526e-02 4.632138941399431553e-03
5.248099002817616654e-01 6.486718978480869868e-01 -1.485904833441143436e-01 8.187424477319599214e-03
7.535816990680860306e-01 6.092330821185184542e-01 -1.502153949481707940e-01 8.008480962477646306e-03
4.983677185287490596e-01 8.141437030428129162e-01 -1.970152860807296014e-01 1.105081422457473636e-02
9.955020452244479623e-01 6.492731041676305659e-02 -1.563711982422393010e-02 6.922465779951267892e-04
2.240500616865199190e-01 9.026914828972312232e-01 -1.923880286856596844e-01 9.539731424330994899e-03
1.155562414632802071e+00 -3.844368900001077921e-02 1.578683853888401128e-02 -1.614297090484480366e-03
9.006002763784846099e-01 1.777417493946453486e-01 -3.788974776803620548e-02 1.429726919953413231e-03
1.320569474414760247e+00 -8.906358449708211278e-02 2.135975865748759861e-02 -2.128366843885130203e-03
1.441514225261522286e+00 -1.658170091606080698e-01 2.184745944042360694e-02 -6.599123075514253195e-04
2.723913806383869707e-01 9.205257488921756437e-01 -2.028567815865368051e-01 1.073045977529446006e-02
1.488006034612884720e+00 -9.121974439916857857e-02 1.651084565331452716e-02 -1.683784065927073931e-03
2.974625307081472658e-01 8.820939287249246474e-01 -2.095585412131814318e-01 1.149301437934647195e-02
1.201316878191326376e+00 4.404014774857764603e-02 -2.657707835320560763e-02 1.850955273310821506e-03
2.798101822103003511e-01 8.248817587416060748e-01 -1.860318103917055210e-01 1.008363941383632820e-02
4.422172204712580545e-01 6.892483093547409068e-01 -1.475119148647737188e-01 7.147077248281361560e-03
3.207922727928748663e-01 8.357702661388445309e-01 -1.824003527511944278e-01 9.786224844639106538e-03
4.351568098887805824e-01 6.686903348478585585e-01 -1.355055749497207085e-01 6.782636399209204629e-03
1.241841887554205215e+00 -8.282605816969221615e-03 -2.372283791501576464e-02 1.697631972004416635e-03
6.533637850836195859e-01 4.787744981158094659e-01 -1.012329526306026822e-01 4.811027044312452851e-03
2.828300580028897393e-01 8.749368476151238028e-01 -1.901215407063738816e-01 1.002552326120500006e-02
5.438861591042317700e-01 4.635389267850136830e-01 -8.704642618966171308e-02 4.302732089981992428e-03
2.682771424383463832e-01 8.868228071887274133e-01 -1.904909041363433697e-01 1.022581198702604728e-02
1.395290997616569495e+00 -1.484689715379590436e-01 1.802791835454787064e-02 -1.063391936233605952e-03
2.392547167226236893e-01 8.716685253109363041e-01 -1.939971119726866811e-01 9.942440632531570829e-03
9.916710284633293293e-01 3.561348828549941725e-01 -9.491468353233928346e-02 5.049559376552445814e-03
8.125501289230673274e-01 2.749513379781210465e-01 -6.737306267028635165e-02 3.913717381821614841e-03
1.081489034798585047e+00 1.673251479369235462e-01 -5.276808214630538535e-02 2.509142938154484016e-03
1.483358983494385885e+00 -1.256663845530888446e-01 3.107698925615747995e-04 5.537646871835416162e-04
1.120035872564977053e+00 -2.207777723891448107e-01 6.226835193292699910e-02 -4.324945340988907427e-03
5.073662013966664386e-01 5.471874864769717961e-01 -9.323388012095105981e-02 3.477996386320534716e-03
1.356354139122941671e+00 -1.247453194088909978e-02 2.538370770079125330e-03 -7.545802514214944388e-04
1.048278644301253060e+00 -3.242692099873333705e-02 2.526870279549806031e-02 -2.590119390961556634e-03
3.382846926351900652e-01 7.087466829644780697e-01 -1.355569499081052676e-01 6.252765322785569513e-03
8.274882625105036693e-01 3.205157262835587884e-01 -7.697037490010077976e-02 3.430029550128049689e-03
1.433297902460849871e+00 -5.313055428691675769e-02 5.966372344597758483e-03 -1.023107632909179155e-03
4.047265372009455353e-01 7.489758733759195319e-01 -1.487543870924294687e-01 6.858380480762639626e-03
5.831351471583023915e-01 2.913973281528530190e-01 -4.461368752423253842e-02 1.847865294647256431e-03
6.072575022657383803e-01 2.558341273585876263e-01 -3.808606009546872811e-02 1.694008097304368875e-03
1.168414321460514493e+00 2.113241764155739111e-01 -7.334342364236109968e-02 4.268652181486427832e-03
3.233572848154656620e-01 7.247806228161363107e-01 -1.487068596253845465e-01 7.363891965374825231e-03
3.484512849499631360e-01 6.930083320788830159e-01 -1.468876655042985202e-01 6.996321074389589764e-03
1.134709086960009161e+00 -1.969854220187218508e-01 5.565279974160492610e-02 -4.065244761021592074e-03
1.130392382147173302e+00 -1.849622727693774060e-01 5.541162388578572962e-02 -4.065244761021592074e-03
4.433166654042712818e-01 6.512178064079247042e-01 -1.406426161468944669e-01 7.479396601354717025e-03
9.909508404007618676e-01 1.661791733297144635e-01 -2.365565855978176563e-02 2.856848023085682394e-04
2.645191946769976932e-01 8.264648239306904287e-01 -1.679807329696779150e-01 8.863318579137203709e-03
7.470733979519565970e-01 4.515719701603836955e-01 -8.293103521046771287e-02 3.319931529222102263e-03
2.333110256153027862e-01 6.788518699512720023e-01 -1.304239839286258640e-01 6.796319765257225094e-03
6.111106690690503163e-01 6.086873869007817239e-01 -1.236375265360555170e-01 5.722182910225215649e-03
1.107321295158823160e+00 -3.957105532010625590e-04 2.204139779263409801e-03 -9.461464002924540543e-04
1.322226907356957915e+00 1.295243444902890451e-01 -7.804995019043062254e-02 5.109006215175955316e-03
5.857593229004927071e-01 6.086433257855613510e-01 -1.303349818892552692e-01 6.056330443307892525e-03
5.485564347700406795e-01 5.655171827115572647e-01 -1.255518894998756685e-01 6.071633334816345547e-03
6.110180476424417195e-01 5.498096295781703668e-01 -1.248224624660626142e-01 6.682793858627478385e-03
1.380696113197261488e+00 -5.719799896056524530e-02 -6.962331358263774755e-04 -5.506166505041487852e-04
7.708934618888051427e-01 3.569993343096927174e-01 -7.380208454649937744e-02 3.954098175194700401e-03
1.237826053633033219e+00 -4.570510656472528965e-03 -9.877949270272532237e-03 7.049288671849019685e-04
1.240014321254627294e+00 1.364644510196585114e-01 -4.743321699714372897e-02 2.962867007389634148e-03
3.213938774520024300e-01 6.440073529539315222e-01 -1.140988678907709636e-01 5.293376554759178509e-03
6.271552086753751087e-01 4.292651947215652131e-01 -8.029477457288712594e-02 3.168202971639473044e-03
2.165754913666351200e-01 5.242480546476784298e-01 -7.459771231347586684e-02 2.541652649862254001e-03
4.097563438806640090e-01 5.347594354083055057e-01 -9.310807399053955269e-02 3.995430071120860405e-03
5.809245601847369267e-01 5.035354315637535771e-01 -9.016209340582274911e-02 3.964149602639447170e-03
3.473455186581240195e-01 4.880348409674615806e-01 -6.704688605412220670e-02 1.779596726075778320e-03
9.828495534499852582e-01 2.077538152849043862e-01 -6.029778003162802186e-02 3.781284568596797457e-03
4.832814248729553341e-01 6.351262456353256036e-01 -1.291368083325876714e-01 6.617796632222971466e-03
8.284530312617969239e-01 3.794719590080297689e-01 -9.316940025259361213e-02 5.123064766683240422e-03
7.734717616173034660e-01 2.351774730119600698e-01 -3.621141941255803104e-02 1.490084085207828016e-03
9.108508262444271475e-01 2.879291246606743848e-01 -8.138591594786517835e-02 4.883529090035873890e-03
8.265596894334314992e-01 2.134212834145771953e-01 -2.955970119936283946e-02 6.077735272528194581e-04
4.615250284896100230e-01 5.598495378172934078e-01 -1.021139664128974944e-01 4.284143016367816630e-03
4.252068438209232748e-01 5.490296188633619900e-01 -1.007031726650253201e-01 5.082071954900924463e-03
4.820164624476410142e-01 5.718897874763367861e-01 -1.160650642198962634e-01 5.393453704800832589e-03
1.028341344971918092e+00 8.316512463741948524e-02 -1.897458025603628723e-02 9.301089819906422501e-04
1.023784515958269248e+00 -5.129441620546752040e-02 1.680053397972801343e-02 -1.134475025630142346e-03
5.928000082136897220e-01 5.571766969692770743e-01 -1.192801715810554858e-01 5.985308028139426501e-03
1.343287806909276405e+00 -6.832932829235228989e-03 -2.221755204350275500e-02 1.481513229820991505e-03
1.037414186377471070e+00 2.195382016700145322e-01 -6.281399596296180499e-02 3.650327400341990547e-03
5.234575655211269885e-01 6.772398194626756407e-01 -1.512032419195932231e-01 7.594710691695817986e-03
1.013740306259059087e+00 7.706103146971007845e-02 -1.755307926082789668e-02 1.143621241491844798e-03
9.235527299531880452e-01 2.530561006334283158e-01 -5.945853775013919262e-02 3.435320185257943488e-03
9.838324267003839552e-01 2.271792490216159865e-01 -5.063439370694387820e-02 1.983276603564174297e-03
8.178359735266803598e-01 4.343685299376892628e-01 -1.068432200361148360e-01 5.582850028127805085e-03
8.558753974090201888e-01 2.778562314689926871e-01 -5.757018663825009402e-02 2.618918948447190604e-03
1.212466243385653231e+00 -5.855462207727504115e-02 1.359841515613264759e-02 -1.159422732401418389e-03
6.748352687463091693e-01 4.765927137529716862e-01 -1.116359114788672419e-01 6.270761503436335718e-03
8.402650679772200037e-01 3.110178678968248955e-01 -6.322697834864024480e-02 3.027549013035612992e-03
5.219124846259450834e-01 7.071688896643829603e-01 -1.685408891682888821e-01 8.939900955027363372e-03
8.474959003694770843e-01 3.020778373899560276e-01 -6.575516709955783745e-02 2.988075442701018831e-03
1.398497070377296314e+00 -1.292167503785043303e-01 8.279588109909171226e-03 9.783169815888124456e-05
9.808628539523804868e-01 4.055147524976032702e-01 -1.208211922827447243e-01 6.701866335607008229e-03
1.228581758677005809e+00 -9.821396827003468777e-03 -1.817455917132744861e-02 1.304424989135294062e-03
1.356950933886265975e+00 -8.379577763167471438e-02 -5.521717270222584531e-03 5.316035593690765157e-04
5.571445805278313346e-01 5.065339608760084378e-01 -8.992663079088433764e-02 3.733461771612487864e-03
1.443106984383217162e+00 -1.278655905520780511e-01 2.523655635762855204e-04 1.283170754587697104e-04
9.808742244197884430e-01 1.909296848846696315e-01 -3.906921627350457699e-02 1.437741009272561210e-03
9.109439945918883508e-01 1.686623859919267610e-01 -2.197217560331212946e-02 4.098799364033169578e-04
9.650439594901740747e-01 5.856273868066352861e-02 7.860843922754653240e-03 -1.704123672927661606e-03
9.170140904870093257e-01 2.622204099092931284e-01 -5.453645990017775419e-02 2.435107437956799455e-03
1.340986037253427243e+00 7.992942348800467778e-02 -4.431749722311739692e-02 2.161364479234074119e-03
6.405726313513062653e-01 4.647424686420479900e-01 -9.108044000577557309e-02 4.654734358860367419e-03
9.187788302323424139e-01 2.694369376663859339e-01 -5.964530085203185311e-02 2.554475786311755786e-03
1.495098580672727939e+00 1.988249370168086033e-02 -5.344066716274935291e-02 4.159805545207700961e-03
1.090176082131545598e+00 8.288352607554805296e-02 -2.779336103743083007e-03 -1.161291267776284712e-03
1.340847623848459014e+00 9.416467017378689353e-02 -6.299287793004552938e-02 4.512389976490662098e-03
1.136662369508617543e+00 -2.511845059055487980e-02 -2.576212223208986050e-03 9.652266653044732606e-05
8.705879230303680272e-01 1.173319839908095602e-01 -2.151485437462231920e-02 7.641107342956159846e-04
8.246400291213469291e-01 2.917868179703353437e-01 -4.750641204234394566e-02 1.265938189879774753e-03
5.301120187338220768e-01 6.760229507740798116e-01 -1.450552810553157324e-01 7.008038225917935689e-03
7.001727399984319922e-01 3.691930372093639168e-01 -5.713825465351206334e-02 1.876634850755054366e-03
7.644774259387564497e-01 3.209188437959731854e-01 -4.953257694506425779e-02 1.582308680844612394e-03
3.429177652236150564e-01 7.403293614202187678e-01 -1.602288373100775321e-01 8.709489637618160474e-03
1.166057143321164391e+00 3.391551881070242191e-01 -9.937064130013670282e-02 5.454280756081147929e-03
6.678291350755034550e-01 4.251388762300375435e-01 -8.813121333451841288e-02 4.220978249408217399e-03
6.030729701791500696e-01 4.011433030970987801e-01 -8.239831668799174613e-02 4.212297418951239415e-03
7.923188053481905468e-01 3.827384076208841801e-01 -9.524381466315888500e-02 4.733362253850284182e-03
9.709917141689292652e-01 3.217721758123635034e-01 -8.190471599752160992e-02 3.976281032895161334e-03
9.466488515894326827e-01 9.099914198574690638e-02 -1.227795686801280359e-02 4.546346012931838480e-04
6.974733026714268203e-01 4.475774104371353368e-01 -9.277873239338599309e-02 4.486849751968017587e-03
1.157883706380785638e+00 1.902048409314184840e-01 -7.538154147348824496e-02 4.883919323574400367e-03
5.181559656720469142e-01 5.559672092953786837e-01 -1.017397560159729597e-01 4.740347413852128572e-03
3.497839112491152869e-01 7.404583919720566509e-01 -1.604963987223974320e-01 8.052626170783686033e-03
8.969716797130038444e-01 3.039970880730517022e-01 -7.209617271919960269e-02 3.195967393988168124e-03
1.289668585855245908e+00 -4.289806521422481755e-02 1.800177380382596325e-03 -1.957154306414720323e-04
1.096958628731893981e+00 3.670406883376611806e-01 -1.132619879959182868e-01 6.113764255083376127e-03
2.745478037677944183e-01 6.800196931454457472e-01 -1.255019075684877528e-01 5.646361899244466132e-03
2.977667034334684493e-01 7.136051862581507255e-01 -1.346939270408684663e-01 6.548505497765674636e-03
2.949815443439144924e-01 7.315006202747125208e-01 -1.367782635679892778e-01 6.012324510066280325e-03
9.385488933931315225e-01 2.380223872046172418e-01 -6.502266786941794663e-02 3.239747915543296844e-03
8.787889854970591941e-01 1.930798110516950827e-01 -4.289344183461583915e-02 2.096759331829471142e-03
9.545958969833440166e-01 3.064718789352653405e-01 -8.530093491772307301e-02 5.120535275652847614e-03
7.507742707365813173e-01 2.567543802043710799e-01 -4.700811247693055528e-02 2.527270235401319395e-03
4.204252037184668112e-01 5.045579085723057577e-01 -8.949481868354529357e-02 4.398209466380423142e-03
5.232390738840193567e-01 6.177170880328548552e-01 -1.336026815553297831e-01 6.774788831822566894e-03
6.847570253236759941e-01 5.840473224954629838e-01 -1.347086253732120709e-01 6.552232421252612501e-03
6.702539785073021728e-01 5.631916474068558998e-01 -1.181476395643765165e-01 6.057621421188101769e-03
9.820101427784979631e-01 1.934985510892309468e-01 -4.301111147468289486e-02 1.748780003951765256e-03
5.141658772432134983e-01 6.102891923510842531e-01 -1.255499144993750260e-01 6.629265793221476855e-03
4.455185948264671070e-01 5.997059925450513029e-01 -1.185371081104666380e-01 5.740978009125214353e-03
5.963142613430897354e-01 3.927766403953512619e-01 -5.742529128242127717e-02 1.562137563906421025e-03
5.993106686130486027e-01 4.096150526676270442e-01 -6.146589140203520540e-02 1.785806474439895816e-03
2.621645224579202127e-01 6.492969312187112374e-01 -1.162807920450308341e-01 5.157133339244274542e-03
2.826362686759403831e-01 8.913009519882758580e-01 -1.939133603078453671e-01 1.034370961898677457e-02
8.086775571925054473e-01 4.412636071771617874e-01 -1.032756514927053587e-01 5.573105009276124212e-03
8.190340888216379733e-01 3.690887213756220975e-01 -7.653537055108400322e-02 4.058369459281871254e-03
5.042029521055167995e-01 2.834440564646568128e-01 -2.626804519621057238e-02 2.429710766888072636e-05
4.661455127626946138e-01 2.987984579772032245e-01 -2.916763324126916967e-02 7.928472991037010967e-05
5.067679462208301011e-01 6.589366700280447908e-01 -1.410852918896813579e-01 6.726098227534258595e-03
8.185518329941166016e-01 3.599010143980563292e-01 -8.196120999657180439e-02 4.440068496506899970e-03
3.289649174672397702e-01 4.128148746547431469e-01 -5.978793785206978212e-02 2.536814975422386608e-03
3.985946035841428925e-01 3.787849761646135960e-01 -4.875193089774747940e-02 1.241484248191384709e-03
4.387841385514920645e-01 5.108085497944353515e-01 -7.690931327866337708e-02 2.448660762851123922e-03
3.340517598474139760e-01 4.050067156004059088e-01 -5.784993992083879710e-02 2.464218589807183786e-03
5.788457302804389526e-01 6.681746898468268192e-01 -1.422149573029378444e-01 7.079182695142195378e-03
7.086263170508479980e-01 6.265602572802791981e-01 -1.448529145378229244e-01 7.556291351226409637e-03
2.500921536296593639e-01 5.770233353422810074e-01 -9.586119603062423500e-02 4.569104027450831586e-03
7.877531494554577129e-01 2.175519056182227129e-01 -2.888988106315171916e-02 4.849703975233631177e-04
5.398105927307053076e-01 4.372483072460893738e-01 -8.151102609808841271e-02 4.176007462518321195e-03
9.189106298423811436e-01 3.030421827866862372e-02 6.633805039642583050e-03 -9.721090887585281688e-04
3.240392039163668692e-01 5.857293969941282930e-01 -9.127929157873404531e-02 3.450502298609385739e-03
2.339190932374984322e-01 5.332712319985974947e-01 -8.011606149955237399e-02 3.380083494036251451e-03
2.538285185113874354e-01 5.531621054137408899e-01 -7.960292351425098112e-02 2.573239313920794042e-03
3.618478585071711051e-01 6.435692991654564654e-01 -1.165044361993482352e-01 5.250608793505787478e-03
1.442378800713207676e+00 -2.098779489146604116e-01 4.971193611374535165e-02 -3.685581641881671786e-03
7.779641105479521146e-01 5.043804497303735479e-01 -1.237237595046442734e-01 6.163522081541311301e-03
7.673224637333926346e-01 4.928824362717235119e-01 -1.222538321710321951e-01 6.191102991614620688e-03
3.823801348034961411e-01 5.531211879925628239e-01 -1.023783474571915153e-01 4.343995117263032418e-03
5.306169392077928482e-01 7.164749339057147060e-01 -1.608653818599727336e-01 8.142383743201810423e-03
1.374224502097057155e+00 -1.251312322030509738e-01 -1.648236190208585833e-04 8.983051286685917987e-04
1.222792084554951142e+00 -8.598715818434438107e-02 8.160898762295977840e-03 -7.237623765178279565e-04
1.313746793122155809e+00 -2.124103253560544746e-01 5.246632043877581114e-02 -3.649953298543387112e-03
3.319459969160661328e-01 5.255811756964792192e-01 -7.659506671250329579e-02 2.638892090570481557e-03
5.431817256594864141e-01 4.678711261506272590e-01 -8.123119661006089620e-02 2.971717005949392910e-03
6.567612441921738542e-01 5.062823063077479535e-01 -1.110471447930291150e-01 5.332188284906795063e-03
6.908266764961313866e-01 6.569522725960381671e-01 -1.688849096941679728e-01 9.291814125557009904e-03
1.179483724227728736e+00 1.507991858504830751e-01 -3.600859792520039182e-02 1.334961774810027946e-03
8.336262464446581033e-01 3.717457538099581682e-01 -9.823354737285353022e-02 5.728316115010673518e-03
4.198707441033672216e-01 7.709542548851532340e-01 -1.725040897448700816e-01 8.675201129424412599e-03
7.935576758046630763e-01 3.590857020047286130e-01 -6.220613453805604043e-02 2.045565065009044212e-03
6.280261028754710040e-01 6.044051724661012592e-01 -1.468097798003721033e-01 7.926969122796008460e-03
6.821244403981652216e-01 5.039989221398509800e-01 -9.852204200806220780e-02 4.377194665755533218e-03
1.327963347633821511e+00 -1.347865441061430469e-01 1.157024300366714040e-02 -3.834089964520557550e-04
7.613716825872820504e-01 3.997404840148776617e-01 -8.203003145497393678e-02 4.243070333024416031e-03
6.803590679923940954e-01 5.807837764259433655e-01 -1.524011576731046924e-01 8.540255937312864545e-03
5.226165950090060353e-01 6.294506032965143660e-01 -1.283032987944441317e-01 6.042512982216135566e-03
5.088339077337257210e-01 6.614607756398925842e-01 -1.290159603342289074e-01 5.993679552877139056e-03
4.743844474710757764e-01 6.614607756398925842e-01 -1.289393363219086264e-01 5.993679552877139056e-03
8.521673892261251160e-01 3.380980518627204612e-01 -6.871968263727301629e-02 3.012607451764839125e-03
1.279737130148912438e+00 -1.983335916247660480e-01 3.675963956994399151e-02 -2.151414772432978188e-03
9.806217907283280022e-01 2.643633642907479153e-01 -7.014950925885396482e-02 3.508467507610569386e-03
1.147333801904417028e+00 1.759997211112881432e-01 -5.120841415820137632e-02 2.237592233894481527e-03
1.115095215668801210e+00 9.354093025647494675e-02 -2.668138253096092108e-02 8.923263814097846499e-04
1.159940045943334663e+00 2.100633474873157269e-01 -8.590884896726176667e-02 5.361027313181881450e-03
9.059308806712841333e-01 4.030355530632250272e-01 -1.090273261175506436e-01 6.342026629532487511e-03
4.342324313888916709e-01 5.876244367274087166e-01 -1.127303285560324331e-01 5.645678686132509644e-03
8.634114330740118026e-01 3.228287555704943967e-01 -6.319498994190900221e-02 3.008942173351271832e-03
1.051693599499131881e+00 -1.142992628818930018e-01 3.249528582417520600e-02 -2.335445805488879818e-03
5.000188053955859635e-01 4.669798869879868697e-01 -7.969695402337427514e-02 3.532892754826366926e-03
8.792945267944413112e-01 2.646701841026492530e-01 -5.469028869104260865e-02 2.166961961305010221e-03
8.427418674843012436e-01 3.433256242795869606e-01 -6.953199582583327598e-02 3.674472442039407923e-03
1.467357931582206731e+00 -3.158631076583863773e-01 5.847176339810167961e-02 -3.331302578639157384e-03
6.121120112896880627e-01 6.578866317124919538e-01 -1.461036920943598327e-01 7.068053423707281423e-03
1.488217032204614210e+00 -2.464519862767199920e-01 4.350836704466367472e-02 -2.627945049444201358e-03
5.323642876418210879e-01 4.892759049599014198e-01 -8.542563043689026248e-02 3.465821380606760090e-03
7.352480536110086451e-01 3.900206145332579255e-01 -8.338928409752641158e-02 3.554371043187220039e-03
2.348717018899216524e-01 9.227325736859123273e-01 -2.087246422683413649e-01 1.153164841570211534e-02
6.013673126326156693e-01 6.066105549530217411e-01 -1.241348195501748020e-01 5.489234135608527833e-03
6.839045590870012070e-01 4.389291245434258637e-01 -8.061480612159800663e-02 3.141441568378628042e-03
3.413250050847711492e-01 6.435670377475641857e-01 -1.291044707007706904e-01 6.387004760052355200e-03
5.033560579847622396e-01 6.790194380880856251e-01 -1.377975767198817980e-01 6.302771067000700542e-03
5.436375222239633320e-01 6.246567039563639678e-01 -1.384825673263690715e-01 7.167459140150496399e-03
4.827546881410575419e-01 6.262932478385401236e-01 -1.151986140289651961e-01 5.197949265621676015e-03
7.928611702888430646e-01 4.756601412719961841e-01 -1.027398079270105402e-01 5.272180852030564600e-03
3.903517287220965581e-01 6.012585228029346807e-01 -1.171453808626299192e-01 5.567406780423333167e-03
1.455178233917982844e+00 -1.008295951262916795e-01 -4.750310113081155326e-03 8.713138958205622316e-04
1.468433335833021047e+00 -1.896414604343624744e-01 2.384800421742536841e-02 -1.108995037014518827e-03
5.485145068002371671e-01 6.914360371309620223e-01 -1.572558777540497832e-01 8.430527968426557855e-03
1.024737785031249127e+00 3.883631353081020698e-01 -1.152178972628687958e-01 6.437577625393816477e-03
1.119186382635953825e+00 1.771024245328430280e-01 -5.833178241691428650e-02 3.594940212342044149e-03
1.004348168332468649e+00 1.075046232657596856e-01 -1.230942797483509932e-02 -4.749862987539780947e-04
9.665889495458931391e-01 1.469675194423090275e-02 2.296365658260687143e-03 -5.215283631062951923e-04
9.972305778258664377e-01 4.684816632246351920e-01 -1.274252269196343990e-01 6.993808325565047807e-03
9.706156872521827239e-01 4.636628794018767263e-01 -1.313178967154416399e-01 7.849565517044864577e-03
6.435886353652807701e-01 5.916635754204274678e-01 -1.263916852346076425e-01 6.156343878978543481e-03
1.051759699040444307e+00 4.082310801527353622e-02 -7.918350135123710179e-03 -1.440889083751731563e-04
8.453834506435289331e-01 4.520177435621859918e-01 -1.163773083217460452e-01 5.954518449371400991e-03
1.064976397845872835e+00 6.829415813630571042e-02 -2.151911143240502894e-02 1.401408974634451958e-03
8.618569653917671491e-01 1.996538010820676778e-01 -2.946696631140641523e-02 6.571032237496150005e-04
1.084450022819195558e+00 -1.049219817357573137e-02 1.255233890500608886e-02 -1.650565561502613824e-03
7.605350715620753377e-01 2.050133858282736921e-01 -2.567491151668190377e-02 6.599407047121679882e-04
9.303833001239240064e-01 4.010995097687835020e-01 -1.034854903276491989e-01 5.970394422983616410e-03
8.373681710898446262e-01 5.777039514752863036e-01 -1.582062182772021874e-01 8.909998776690845890e-03
1.008042774415973675e+00 1.648786251096090727e-01 -3.503580101739598579e-02 1.978308793676383532e-03
8.435469049640239581e-01 1.657636331325640089e-01 -1.863999399121421194e-02 -1.397331609243041136e-04
6.182023921540094058e-01 5.246298731645392399e-01 -1.226535242549900845e-01 6.903633594548920678e-03
1.054051899739061549e+00 3.786286885925804202e-01 -1.233293096027202745e-01 7.264182423402358417e-03
1.026279505521111801e+00 3.984989745251213411e-01 -1.203830417044494533e-01 7.102060724336473063e-03
1.171629728226049050e+00 1.648341791417430036e-01 -4.530343991199083098e-02 2.049394229731081769e-03
2.965130818888012665e-01 8.206528901002899667e-01 -1.737435332365911411e-01 8.456226990681343231e-03
5.307930883490797891e-01 6.527646528390136371e-01 -1.394994018668188618e-01 6.851165808427614121e-03
4.384808440366947946e-01 7.280870476721420514e-01 -1.523873397999196411e-01 8.009340301321598091e-03
7.854013525895523484e-01 3.136181236674439043e-01 -4.392202920885409506e-02 8.171325200855419435e-04
4.577496068275121455e-01 4.843816749324511006e-01 -7.907729122275228284e-02 3.526980929126255840e-03
9.492730913636012735e-01 8.644771979376371374e-02 -1.969798618918438757e-02 5.829935946284380346e-04
1.147334212705434231e+00 7.654197226187600678e-02 -2.166863669945310808e-02 7.898280153694169081e-04
6.583520680879270115e-01 3.796991207852635219e-01 -6.627372176954363092e-02 2.808372675561917556e-03
2.880975739076695463e-01 6.216092002066569977e-01 -1.091401441513438625e-01 4.455901401918315428e-03
1.223781554300993113e+00 8.160691053185065158e-03 -1.977628850048472955e-02 1.091374991276807156e-03
9.766028529940640190e-01 3.864982969465478591e-01 -1.174735352206156408e-01 7.268926875295025902e-03
1.383796779536842658e+00 5.881568932143430711e-02 -2.457999461567196564e-02 1.468329441840451150e-03
5.782152226790134852e-01 2.808922542313616044e-01 -4.294430961978628475e-02 2.007883158220103055e-03
8.833826455641521358e-01 4.819190933942940069e-01 -1.505120882097755464e-01 9.305735529678055631e-03
1.233380352636824107e+00 -3.385177229766478391e-02 2.225489105457913001e-03 -7.706429168289548630e-04
4.601576007949321756e-01 4.992906870073350323e-01 -9.875030844872483005e-02 5.267237381805862234e-03
9.781658382295608245e-01 1.998880684336718505e-01 -5.414300419339052733e-02 3.135364576930223073e-03
1.450533949247577281e+00 -8.875503544156013169e-02 -1.484416560387396243e-02 1.578497109743339519e-03
6.749691603521036365e-01 4.528681361055117427e-01 -1.046410696796784834e-01 5.942219750206657533e-03
7.341708016870283071e-01 4.626313052260456748e-01 -1.050592743113074601e-01 5.053317412730812946e-03
1.015019525834373271e+00 4.073092815521117682e-01 -1.361018612136609129e-01 8.503929350024136760e-03
1.019952650978233288e+00 4.194349876150325063e-01 -1.363435970707652933e-01 8.509026994401381813e-03
1.230951980519712885e+00 1.707282720278084365e-01 -8.003965799081622090e-02 5.495237197701719617e-03
1.010796546100461546e+00 4.316391680126382413e-01 -1.359521729240756871e-01 8.399385208074990061e-03
6.061018687904824453e-01 7.477365098554150658e-01 -1.998045714107466453e-01 1.161714709405087080e-02
6.889670071162129483e-01 5.738608383701407911e-01 -1.387172739328195459e-01 7.353496557122188824e-03
1.295990071346427186e+00 7.888736117815592364e-02 -4.091391979039760152e-02 2.706850717805243858e-03
1.358049880884142357e+00 1.576145107701007464e-01 -8.561377999748243095e-02 5.756696708529586079e-03
8.083292084034430225e-01 5.023010560827310123e-01 -1.250569134831583107e-01 7.041382006379169438e-03
4.773178656366510175e-01 5.355911296268668353e-01 -1.083502045649479412e-01 5.353027575517129398e-03
6.972976862311807134e-01 5.206927641211617219e-01 -1.220531942687225618e-01 6.090985757161049285e-03
1.129220961457301220e+00 1.703041166614679414e-01 -5.107510432746121404e-02 2.569553688409895523e-03
2.497525843552777236e-01 7.025092319315558997e-01 -1.273813247599897835e-01 6.114749503505751901e-03
9.523313667227121249e-01 1.217910569591706405e-01 -2.335814219950430037e-02 1.383927297647148755e-03
1.343499938574084451e+00 5.561697701470452726e-02 -1.501087388367613150e-02 3.817877399475729633e-05
2.325041841663665065e-01 6.875155581488394674e-01 -1.150317535807755948e-01 4.588644502516209429e-03
5.135660272859626785e-01 4.895914294082657769e-01 -9.822781440635533490e-02 5.269852223525639187e-03
1.284751431994957116e+00 1.152843988741068457e-02 -1.363780405479231989e-02 3.676275270382158402e-04
5.331488883492772057e-01 6.852159352972094775e-01 -1.546639219217481598e-01 8.324364812056282356e-03
5.107879338762815191e-01 7.125460133593740641e-01 -1.566358978497345844e-01 8.180397455405125778e-03
1.178088701208600764e+00 9.469040278104803865e-02 -3.252482163639267704e-02 1.351665286471410770e-03
1.102771019220856630e+00 1.235790276776705249e-01 -3.212131355947588779e-02 1.367927439764912755e-03
1.093577440933411804e+00 1.095951343448566956e-01 -2.872803775453604963e-02 1.611456191291619957e-03
8.400543554090623699e-01 6.012750074147313883e-01 -1.636896852356813647e-01 9.485148746402704070e-03
1.370407202441273009e+00 -5.830337628259529142e-02 -1.074534278463207260e-02 1.242772298885129164e-03
4.499050268091517868e-01 6.240954735712268553e-01 -1.184797894849640848e-01 5.495413677757650557e-03
1.393147825504767123e+00 -5.628977405818601926e-02 -2.786135257122788686e-03 5.962328663003276224e-04
5.566010029672224801e-01 6.051872922872839622e-01 -1.182833093871483998e-01 5.506642438389499142e-03
6.219542100682510233e-01 5.892544873891457646e-01 -1.190253918411711964e-01 5.466570245503593606e-03
1.265280334604949264e+00 4.977960606070980232e-02 -1.990638051899712088e-02 4.268326481552372001e-04
4.826045719654081800e-01 6.007505648715016910e-01 -1.193949163021592735e-01 6.113643939497977013e-03
1.429308535794628021e+00 -8.581423913693318750e-02 5.292486317945337485e-03 -3.170639868022944157e-04
5.739405338663933209e-01 6.247975856082738089e-01 -1.308031839890954617e-01 6.982713376175820295e-03
5.621515569471504659e-01 6.344760118298514717e-01 -1.368059887286971477e-01 6.879328721224270068e-03
4.474583131845528139e-01 7.014555708334244688e-01 -1.520352183304356508e-01 7.364259038287699136e-03
9.123239528293759504e-01 5.339238563141789351e-01 -1.518904318400597642e-01 8.741414783085783152e-03
1.157284366804176790e+00 2.171745877731242891e-01 -5.899942304107100299e-02 3.127200410790174998e-03
5.553905556694724854e-01 6.013690111122326210e-01 -1.323248936846069534e-01 6.437887576258073154e-03
1.492830554186324488e+00 -5.713720258555735759e-02 -4.519440380003741584e-03 5.773302239883159898e-04
1.192617485561607404e+00 8.632935004089313524e-02 -2.044731224864700797e-02 2.650106967897042083e-04
9.753945514663033833e-01 4.738810591574503794e-01 -1.326858195529720397e-01 7.911879122028210587e-03
1.081279974343643202e+00 1.014151565108993569e-01 -2.962174420283958387e-02 1.195255021679971288e-03
1.300263928861698615e+00 6.827802564401634633e-02 -3.487505389232350983e-02 1.928716367398562769e-03
1.341794286827952654e+00 4.315177201675533120e-02 -3.564479059955495688e-02 1.743645845002769193e-03
3.794254403735887737e-01 8.970173658717539578e-01 -2.136244004851851896e-01 1.204140497079049174e-02
4.226872494757423770e-01 8.441352961891628315e-01 -2.045262131004510486e-01 1.119695800273167591e-02
1.385407580917845438e+00 1.631970057350309172e-02 -3.372742962747761475e-02 1.842496375499788055e-03
1.177804185340930454e+00 6.981857944565494911e-02 -2.598754997988070303e-02 1.456986106905196025e-03
6.514898253632345204e-01 6.683040938924010854e-01 -1.631994538235800041e-01 8.920994971667543100e-03
1.320200778067356362e+00 4.468440873160513943e-02 -3.196587069069416892e-02 2.327257953597966326e-03
5.030851745446288659e-01 6.560138258088726859e-01 -1.467690374654071483e-01 7.574700831707625696e-03
1.269682222815342376e+00 8.323614878947337148e-02 -5.751273015857102933e-02 4.190005150018027633e-03
9.863186175666192046e-01 2.020404531364527190e-01 -3.721344133712368302e-02 1.566661137289657082e-03
5.125228532266408177e-01 6.914395447654105853e-01 -1.451277791533525097e-01 6.839933216615715246e-03
1.128539556624777562e+00 2.970616391875384454e-02 -1.113124892457805978e-02 8.850690208817384424e-04
6.481218272002923220e-01 6.751723448448994080e-01 -1.621084496632752003e-01 8.612081725327411577e-03
6.921706668583060829e-01 4.432667334876229659e-01 -1.046948079941990434e-01 5.711162479546293830e-03
8.799514901105667253e-01 7.617475595747220940e-02 -8.714515897605103895e-03 -1.728389585391783430e-04
9.333106187834945278e-01 4.592965154631364205e-02 -6.095222804796704506e-04 -8.218853006201670610e-04
7.086228239181338040e-01 6.615559571625848623e-01 -1.719987428331049006e-01 9.545866255877999418e-03
9.521152257950783460e-01 -3.275078127126243837e-03 1.061934944495318209e-02 -1.015806576808303552e-03
8.633464951747864546e-01 2.964325080882448393e-01 -6.539586020878949968e-02 3.221156984525328209e-03
1.081894749536429057e+00 1.373479136324201044e-01 -2.660868594403689724e-02 9.087205312808505986e-04
6.789186173106777078e-01 6.928624994836857232e-01 -1.877507909657302465e-01 1.092834751502848659e-02
7.083696628280374830e-01 4.973411058336624224e-01 -1.189269309184356749e-01 5.900260006154173578e-03
1.083697392794298109e+00 1.235380930307949654e-01 -2.859338476462588638e-02 1.381838235884040849e-03
4.030440301753855370e-01 6.634762153910168658e-01 -1.467400923129516255e-01 7.688931358358067590e-03
3.020332385186479951e-01 6.671553450228677740e-01 -1.282061385036145640e-01 6.506297002729219923e-03
6.587159480570615733e-01 6.801191092890110923e-01 -1.617951364889611832e-01 8.478515310725119949e-03
2.782154243410813743e-01 7.691323964216544296e-01 -1.554102112843042116e-01 7.873637218498725360e-03
1.296231450718642320e+00 4.929633462052701587e-02 -1.926379596710404637e-02 6.234222896541181773e-04
9.013884467095816255e-01 3.091646687512131925e-02 5.415235070045396580e-03 -1.217988519103865505e-03
5.517774089423285178e-01 6.638858674075517330e-01 -1.590511725145419553e-01 9.035488003813565289e-03
2.444602688185220918e-01 8.003372827819844604e-01 -1.533090750399889457e-01 7.655686454908862404e-03
1.018046095706202303e+00 2.674011304389502935e-02 -8.654332221519138793e-03 4.225722483893784207e-04
1.336617527793172000e+00 6.495688119438638997e-03 -2.319613642452294372e-02 1.805977054584196814e-03
4.955176081844348546e-01 6.466838169320975327e-01 -1.334148172771865426e-01 7.052237055036230176e-03
5.678082133551349830e-01 6.256251144003149856e-01 -1.267110168767031642e-01 6.180915778419025786e-03
1.487695055312196368e+00 -1.825675627548975846e-02 -3.263096876466938662e-02 2.074453284763431993e-03
7.273515942170221127e-01 4.269271499992152719e-01 -1.045049476347343353e-01 5.502936854123825425e-03
2.481150983170250512e-01 8.985520310664254495e-01 -1.924879730666698707e-01 1.035944818767732881e-02
5.886591606371247565e-01 5.794616159714601755e-01 -1.151537714189759948e-01 5.174684288922209649e-03
1.199683382658801145e+00 2.381581843995017322e-01 -6.301839791167285210e-02 3.018196148391448768e-03
8.049063333001394982e-01 3.898137405098586195e-01 -1.046998922258303572e-01 5.695569937733604461e-03
3.279470239647750418e-01 8.745744016853307379e-01 -1.957806350440711718e-01 1.032745309704402766e-02
3.817114946950151966e-01 6.347821464658661705e-01 -1.189827532550618017e-01 5.449848872724324424e-03
3.693010973047353707e-01 8.536004564283197205e-01 -1.928468732575270017e-01 1.044515190241856843e-02
5.087203255875252239e-01 5.484565375993287750e-01 -1.184826501198068816e-01 5.942356153162644226e-03
6.403981300378999153e-01 5.106480766769381230e-01 -1.133399224755206741e-01 5.315912747987623990e-03
2.075756966137579096e-01 4.731715609993863425e-01 -5.555200047083655446e-02 1.069808673512902351e-03
1.261496090293935834e+00 1.274538517311893104e-01 -5.033818945281849644e-02 3.297246099476799832e-03
6.802219958742417028e-01 3.799387506466221365e-01 -7.965585029345867429e-02 4.267248450508847636e-03
8.847005870709669928e-01 4.160930717096327780e-01 -9.628150427301246372e-02 4.758107328701869677e-03
4.739314540727140868e-01 5.425517008048125200e-01 -1.003618158355189666e-01 4.475215647730580379e-03
5.242530714306908868e-01 6.004623398258187583e-01 -1.312993734903479259e-01 6.490741321407620529e-03
3.594424769556862076e-01 7.425468266543088225e-01 -1.521856768844062346e-01 7.167477552935017440e-03
1.461205419426697016e+00 -7.900792463814645950e-02 -4.443719403185672837e-03 -1.631788879140058451e-04
5.516751751333971443e-01 6.460164669746192301e-01 -1.470628788431047607e-01 7.260391478230185207e-03
1.374292631172443047e+00 3.886562641805977811e-04 -1.764898571559507523e-02 6.948774217872255837e-04
5.528465654849040734e-01 5.089591409592413296e-01 -8.051045549440745408e-02 2.664411692956724330e-03
9.525958628078528001e-01 1.784894559493319099e-01 -2.742763254294146302e-02 6.990724081570563481e-04
6.753154890704782254e-01 4.452258410487187068e-01 -8.375882936377720966e-02 3.409423087877024635e-03
4.345489290755931155e-01 7.943149288386729401e-01 -1.782904776899439103e-01 9.151998232795551663e-03
2.606551027005291066e-01 7.357082772240323143e-01 -1.384450144380117154e-01 6.835357189584030137e-03
8.244432248130494356e-01 1.723729880030395734e-01 -2.216088749974118310e-02 6.548686899263014925e-05
1.251860652196849166e+00 1.512149460983558680e-01 -3.864631994423879668e-02 1.299001521339858368e-03
4.758263741224744714e-01 6.894301780114115985e-01 -1.471389789605502263e-01 7.898945554959709361e-03
1.018870776591245919e+00 1.499227538781081059e-01 -2.361829275426452837e-02 1.689884679084910216e-04
2.411849764293165499e-01 6.894044332893536353e-01 -1.233602952232119437e-01 5.814648909906428367e-03
9.757056145558028470e-01 3.237343673275880351e-01 -8.787686289941419593e-02 4.937137204972721384e-03
6.301644013343580264e-01 5.670302965301068365e-01 -1.294065443044209729e-01 6.420159775916264334e-03
4.141719230269733654e-01 6.378456314434979291e-01 -1.269798605056048635e-01 6.189653565488632304e-03
8.168688183754656551e-01 4.497611048920783783e-01 -8.562116492786366051e-02 3.529583230636719558e-03
8.081041935531076970e-01 3.993429763461248116e-01 -8.663588169206916378e-02 4.557750641140025788e-03
2.763706334289269817e-01 5.357397016198337525e-01 -8.957006046917813380e-02 3.841324943636720973e-03
6.667614613710061144e-01 5.231292373769641513e-01 -1.139351655774554634e-01 5.862547374460218112e-03
7.490057635131817104e-01 3.431819878839244553e-01 -4.998200894881248135e-02 1.156900473577135609e-03
1.395469967049872251e+00 -8.186655061496142527e-02 7.611105210313713447e-03 -2.235108859682184734e-04
1.479257745491416420e+00 -1.494492831437183866e-01 1.572497557918858466e-02 -1.056964741421882736e-03
5.629572970382561437e-01 4.799021548880527122e-01 -1.056820424314752066e-01 5.928152838197893806e-03
5.762788684332225131e-01 5.030542463458759217e-01 -1.123811547186946008e-01 6.170273841328665146e-03
7.695734145906204526e-01 5.462607052937009655e-01 -1.216685066759448375e-01 5.911828472101110857e-03
4.593785819894363187e-01 7.969160985828307453e-01 -1.871137859188572727e-01 1.030209045015033874e-02
8.825430011989255918e-01 4.987959549122145675e-01 -1.421593110990775066e-01 8.038715544399308716e-03
7.552070035645678248e-01 2.211172120173116873e-01 -2.081903912747234964e-02 -4.287024734833451856e-04
1.335538960210924220e+00 1.695158772745207487e-01 -6.574373563888225025e-02 3.479897470920563854e-03
9.081152157741774200e-01 5.257486134353923646e-01 -1.495532400021289676e-01 8.401908812660908651e-03
8.615212570111625556e-01 5.662801292374627371e-01 -1.590509266973962332e-01 9.489106514298295547e-03
4.881862290449638375e-01 6.772475017158188226e-01 -1.462798388992493093e-01 7.942797123152049027e-03
5.419310758463655731e-01 5.594257906690347504e-01 -1.206177840561473563e-01 5.587575196299665765e-03
1.110863851232175570e+00 1.801377284324897909e-01 -5.272943070084567391e-02 2.503261332640611785e-03
1.356599089966240790e+00 1.662620269966031405e-01 -9.011219535495455790e-02 5.812769651790271677e-03
2.955957363250196201e-01 5.956201163212864191e-01 -1.105826490017973590e-01 5.439940334396435768e-03
6.664320048429157595e-01 6.314035955695523894e-01 -1.578380189306603509e-01 9.035560529650503783e-03
6.543989614505211216e-01 6.319443533225060916e-01 -1.622338118822560515e-01 9.324126330298606463e-03
6.590276643882615470e-01 6.372247156605368446e-01 -1.583361828535312654e-01 8.977282709593706334e-03
4.542850193411153703e-01 7.539791592453073399e-01 -1.843946576212120714e-01 1.057710964743310486e-02
6.730615909662468477e-01 6.262616101341544894e-01 -1.600299480956537956e-01 8.785223528591117048e-03
4.741833666702958139e-01 7.241132887726672296e-01 -1.734085097510845996e-01 9.723624417509431697e-03
1.222336281763450661e+00 1.934342426506660828e-01 -4.799777614087646221e-02 1.775535544276189833e-03
6.481061079207519615e-01 5.963139504250696277e-01 -1.530622417149912207e-01 8.954713020354944722e-03
1.429589286314067120e+00 -2.738138882445931288e-01 4.478212367378776870e-02 -2.227523402946371932e-03
6.295816298555096946e-01 6.055736339149976333e-01 -1.476961063462199630e-01 8.077308829369526239e-03
1.418365596786278715e+00 1.223228562630538363e-01 -8.992599860351664642e-02 6.544522889187242599e-03
2.075224638381717168e-01 9.036779668899628248e-01 -1.963913629108381131e-01 1.025194782761569036e-02
2.318788964176816680e-01 8.955687052026010120e-01 -1.976809635772190932e-01 1.032984254280565860e-02
1.406985643072838243e+00 1.225015937054023535e-01 -8.883990358361515405e-02 6.031733729896624104e-03
1.432156685174529098e+00 1.056962415254312365e-01 -8.662390711216358397e-02 5.969095707924086322e-03
1.390447908827835644e+00 1.248495161498368866e-01 -8.810209084915338051e-02 5.943755905099407967e-03
1.244396752696726782e+00 -1.136793506913904434e-01 3.654595996975936595e-02 -3.164384323551287879e-03
1.116866467528297546e+00 2.491217124545876682e-01 -8.468964899926108292e-02 5.408722094327480211e-03
8.394129844966489173e-01 6.159751382547843379e-01 -1.793253229522393244e-01 1.086530457933245972e-02
1.105207810288588277e+00 6.048528662729624195e-02 -8.217129665275281145e-03 -1.500732296052822675e-04
1.082123434080322300e+00 1.736895596391651031e-01 -5.346740872573340492e-02 3.194845567199896836e-03
1.138253632915565250e+00 1.516838679002926737e-01 -4.950981630171788495e-02 3.042151101244922485e-03
1.463459096847705920e+00 8.303575965053196228e-02 -8.322813185217384224e-02 6.243644742957288156e-03
7.882012232513067040e-01 6.192540917393316580e-01 -1.723311490948893077e-01 9.844181720577728154e-03
7.433106931232892345e-01 6.656684501166160173e-01 -1.787610286128986647e-01 1.035298019706770017e-02
9.071461835044428712e-01 3.016248978778740542e-01 -6.929173161261500957e-02 2.938599813743728723e-03
1.171277102120525493e+00 -1.663798855526161802e-01 4.899291266938158446e-02 -3.771854364714475032e-03
3.402203771097889740e-01 8.063621514731651452e-01 -1.797987997330798005e-01 9.557738412584221646e-03
2.781213000496616794e-01 6.197852634202679623e-01 -1.068881823871311448e-01 4.941501006540692520e-03
9.509629826133820796e-01 3.565337134047112944e-01 -7.229953776964757883e-02 3.039167601385432075e-03
8.593343014357051057e-01 2.633342457067759934e-01 -4.297479154363965936e-02 1.493341913426441282e-03
2.165270034479471473e-01 6.682339580995296791e-01 -1.094983687851164428e-01 4.626238854972012857e-03
7.938283821673911556e-01 6.162891003660921907e-01 -1.723713439141179304e-01 1.009469310616338718e-02
8.618775577017444567e-01 2.765005757326992608e-01 -4.632948848596082220e-02 1.642610785260524434e-03
4.938522028685748966e-01 6.397876347963257215e-01 -1.249650894757225184e-01 5.463283956023080347e-03
1.415120143052537305e+00 -1.801307406469142003e-01 4.029477017760829671e-02 -3.033302802533471409e-03
7.509723363344340541e-01 5.981445696145208935e-01 -1.521712973919636391e-01 8.517609094226571628e-03
2.320353492701643927e-01 6.671852610882387236e-01 -1.068615723530499245e-01 4.425308064261306538e-03
2.008196178352582850e-01 8.241150324592030341e-01 -1.688425236618741054e-01 8.116172201808038653e-03
1.445128458054628862e+00 -6.873527202794310620e-02 -3.293311814494803789e-03 2.887641890002965350e-04
3.705312801870204731e-01 7.072713446826198735e-01 -1.506178815778216606e-01 7.580988555141137362e-03
6.241097794537356913e-01 5.578137484502954102e-01 -1.094726284322079246e-01 5.551219799611132114e-03
3.496854831072454539e-01 7.213524597048558418e-01 -1.338418580852739626e-01 5.803639088247421716e-03
2.576767809338112447e-01 7.271503265210021993e-01 -1.314448071719271083e-01 6.086530239244444286e-03
6.277648275000033973e-01 4.889679052974075790e-01 -1.136785141408608868e-01 6.205409766679292373e-03
6.254957754170756834e-01 5.491925978113463280e-01 -1.126357080957281348e-01 5.107887510286736668e-03
2.893610994189533825e-01 7.602753840928559992e-01 -1.420119545942782335e-01 6.699337992068107005e-03
9.856729913004511623e-01 1.720543404436524759e-01 -3.943592331429832815e-02 1.412668907144370208e-03
5.181366716036287512e-01 5.662670029648830816e-01 -9.899516753107086287e-02 3.937348619780332327e-03
4.265486919363392637e-01 6.570687585438451661e-01 -1.221656462040075219e-01 5.577534507553311323e-03
1.172445830512027554e+00 -5.511536900508584406e-03 -4.931402914641011027e-03 2.865720793872710286e-04
6.185792688148332719e-01 5.970234744622611167e-01 -1.278351296947898286e-01 6.211193617241659096e-03
4.943458330546893764e-01 5.827434052306126322e-01 -1.179228680886078851e-01 5.913176315761705000e-03
9.433785179550320255e-01 3.236165214851454142e-01 -7.096128390069440794e-02 3.490734599088594382e-03
1.461756406887830373e+00 -1.644645047564101126e-01 2.289930119567635744e-02 -9.562989246517062877e-04
9.556991608703682139e-01 1.575958390064305936e-01 -3.394210169287002754e-02 1.356415520746615021e-03
9.067378438983280109e-01 1.468023214007099508e-01 -2.618312714359286378e-02 6.051211841480040512e-04
4.468468766729402630e-01 4.188194140521757647e-01 -6.849634697066514510e-02 2.827215708044312961e-03
1.452462436326938056e+00 9.942728136901091140e-02 -5.414649185280568516e-02 2.889197306240421075e-03
8.454318753706684397e-01 5.508166652027390864e-01 -1.400628635590571991e-01 7.769940078952265218e-03
1.188273384800101695e+00 1.195134276395010825e-01 -5.682740627973626585e-02 2.995691320103228191e-03
5.069273423349041074e-01 6.627497856040713842e-01 -1.537187736677023409e-01 8.113117112289484553e-03
4.165237324036675237e-01 7.237023125930275302e-01 -1.516195097339556042e-01 7.141589348372280946e-03
1.070871930303530339e+00 1.499839504625924691e-01 -3.265488124583711127e-02 9.149538185296064328e-04
5.024934452311509148e-01 6.895825341355747984e-01 -1.658363007172838077e-01 9.199262513866615643e-03
9.709302195145756986e-01 2.354262184989019957e-01 -4.766578365330301909e-02 1.674689411788543624e-03
1.396965003869105493e+00 -5.318169971388522071e-02 5.491408771814735093e-03 -1.026764063651285520e-03
6.929164001893767244e-01 2.663521655529192955e-01 -3.012461611887074647e-02 1.392256658542023241e-04
1.058205853230704374e+00 2.911696201633794945e-01 -8.248142426568605412e-02 4.173594421754973048e-03
1.251687238441113514e+00 6.701669040163846236e-02 -4.131134615082571182e-02 1.985812649972267842e-03
1.064678380115954281e+00 1.030063464578780813e-01 -3.530337587407521294e-02 1.581079325680133894e-03
1.182432906995043886e+00 5.406263375777028285e-02 -2.221795653405172002e-02 1.140995061368714047e-03
6.582200514572623673e-01 1.747520984356347451e-01 -1.419386869865213625e-02 -1.341635701588610109e-04
1.157473376653227248e+00 3.092424027445192861e-02 -1.445174777091357519e-02 1.115924836368501925e-03
2.301265909578810720e-01 5.359650240544227007e-01 -8.017123808166275178e-02 2.731889703497444692e-03
5.613806032794950163e-01 7.245186253504714013e-01 -1.623984994184394515e-01 8.024987500445649249e-03
1.276803353960112686e+00 -6.787232682088562008e-02 -5.435369013464007477e-03 9.630792605817127961e-05
6.578416940559339565e-01 4.465908482406234503e-01 -7.685606494624754037e-02 2.977189658825174414e-03
1.491646211419048740e+00 -7.033756531400124634e-02 -2.186547266542589532e-02 1.204731276926260903e-03
9.659861989309590502e-01 6.766219290427050170e-02 -1.588962838757767768e-02 6.135378126291517317e-04
1.359510770436470839e+00 -2.335973123286614120e-02 -2.502570994187224007e-02 1.899625913247725544e-03
9.463364202799936509e-01 3.241907075805700589e-01 -8.449301131599043502e-02 4.072828845479283498e-03
7.993654007877624146e-01 3.367863924453765034e-01 -5.904776318836348764e-02 2.463393015758352875e-03
3.734264552472615351e-01 6.522212931687270121e-01 -1.292797068468757860e-01 6.116653368692739207e-03
5.297120252551313913e-01 7.440568388201408423e-01 -1.764121433192544219e-01 9.454362465368173693e-03
5.604539231249097142e-01 7.154476262434131817e-01 -1.673272962762476779e-01 9.228185382305421555e-03
1.028370544819942056e+00 1.458239965076000288e-01 -2.559559986260253120e-02 4.125779817701333068e-04
3.257536484808584154e-01 7.644847836392761886e-01 -1.489013616639076054e-01 7.558925603851836782e-03
5.057156181346272872e-01 6.386414671620025407e-01 -1.301012597895419287e-01 6.894904104493031725e-03
9.483003048212723662e-01 1.948480124651439938e-01 -2.986218909678579544e-02 7.303164398516551583e-04
5.950761228749524845e-01 6.685868346854804134e-01 -1.520061587833660410e-01 8.253668883847754129e-03
6.698101478685632992e-01 2.534099733665968746e-01 -2.392295717822228926e-02 -3.536833085758725719e-04
6.416675725107772177e-01 6.320913459623044295e-01 -1.364734214479231544e-01 6.419369425043518033e-03
7.868423959868828810e-01 6.026249945619808202e-01 -1.610679694543752372e-01 8.920676462083762526e-03
6.971642778155644482e-01 5.549490258443310342e-01 -1.156872170778188852e-01 5.802401746988884376e-03
8.724633503215041275e-01 1.848669233479674490e-01 -3.364784429758316264e-02 1.137254465352439178e-03
3.524353829190735587e-01 8.361178190105107433e-01 -1.798766826158850474e-01 9.117504863274793897e-03
6.638249103530264872e-01 2.573371911546695201e-01 -2.326443976563219093e-02 -4.367938487883338250e-04
8.353773496681731192e-01 1.918176748442985136e-01 -3.774255072465645261e-02 2.068958550774145557e-03
3.176765758611911905e-01 8.547843010215324666e-01 -1.937762424279279583e-01 1.053115370097444485e-02
1.064966690294231411e+00 1.227364706910832465e-01 -3.203544447427412317e-02 2.020625931876807776e-03
1.125257592529908202e+00 1.290881024795326876e-02 -1.409960749977083247e-02 6.195016329927981007e-04
9.287638264341683270e-01 4.535379908626125389e-01 -1.208382661227324628e-01 6.646222886464544372e-03
1.091441268663013053e+00 6.461802715888594062e-02 -1.200667171951873280e-02 3.875394010249010620e-04
2.803262161621107862e-01 7.984496581843411045e-01 -1.614896240744977118e-01 7.986793544006947840e-03
8.641751278204617970e-01 4.317546174886409682e-01 -9.008449216391038739e-02 4.366807063216020419e-03
3.091253406731500619e-01 8.149289104040070564e-01 -1.687039204170846796e-01 8.162758321415110666e-03
1.151844277486328894e+00 6.332347725594614229e-02 -7.029212763194439897e-03 -7.026009457320644405e-04
1.001288008248221839e+00 4.630771915037533715e-01 -1.321487128546114109e-01 7.585530399951660382e-03
3.136408203779939008e-01 5.550593372959938820e-01 -7.697985592324467496e-02 2.234714624836437423e-03
5.454631262448267348e-01 3.572180553926998514e-01 -5.308394485063589602e-02 1.526483963779059518e-03
7.368070958802900305e-01 3.265683524343828692e-01 -4.692765048335195005e-02 1.244901651004846465e-03
1.057145833928748502e+00 1.061176135506309987e-01 -4.111613467562600516e-02 2.672879250044234850e-03
8.033419278673306074e-01 5.414634417178928461e-01 -1.390318434348097321e-01 7.702530403586620687e-03
1.005758913593249648e+00 1.868940071536978331e-01 -2.823231154918887098e-02 3.736976723847734391e-04
4.264462387013833733e-01 5.506475250696831747e-01 -1.057170939121838821e-01 4.545354189001352477e-03
9.626264445641772305e-01 3.897367856905886163e-01 -1.206490579322298806e-01 7.147418836321309948e-03
1.237148964872152757e+00 7.423935954491320266e-02 -3.871469955263311113e-02 1.860498104941695234e-03
8.982645958427315502e-01 2.323602003010538097e-01 -4.534403588100067301e-02 1.897487847287859233e-03
9.307493114296736536e-01 4.100038364276492597e-01 -1.309219422150637857e-01 8.135862517778126579e-03
9.353638083182814755e-01 2.240180564870671298e-01 -4.648693045315237943e-02 2.514007643687179907e-03
5.711481829634010854e-01 4.651027045149297434e-01 -7.727795434248256601e-02 3.268882474294916140e-03
4.515289529318270989e-01 3.251333785073860505e-01 -2.884090204969162047e-02 -2.180081878801177716e-04
3.517901997227967370e-01 3.251333785073860505e-01 -2.855755882283340930e-02 -2.180081878801177716e-04
7.111602691742789917e-01 4.642340390574778430e-01 -8.374779623700759346e-02 3.727542352246108939e-03
2.384219004865804070e-01 7.693533399651529825e-01 -1.484648501688322630e-01 7.075664746163671387e-03
5.183523642442219304e-01 4.059373248819752589e-01 -5.507532390447936188e-02 1.438542135267221588e-03
5.347032811027913057e-01 7.361024233332318367e-01 -1.710559150273405493e-01 9.241431002682471904e-03
9.684581643180968369e-01 1.795241351769933102e-01 -5.457637776973434107e-02 3.473742929776299504e-03
9.823002080029122896e-01 5.008088476991580107e-01 -1.404264209817485953e-01 8.100115207452148955e-03
8.388074948597478153e-01 5.124814748373112128e-01 -1.221883349381403250e-01 5.917122780190850646e-03
8.394507168624232296e-01 5.024900383838066809e-01 -1.119229358831972249e-01 5.105332752674056514e-03
5.814906873366572082e-01 4.176196673430144224e-01 -7.253756383309120648e-02 3.018610966496157108e-03
1.288907880512825121e+00 9.179030009857357120e-02 -3.791489210040004804e-02 2.425137916189671391e-03
1.306702891414013523e+00 7.534898169202737528e-02 -4.138243940173558233e-02 2.077143402980644125e-03
6.781100047408881171e-01 3.761876174076168033e-01 -7.539346996880962049e-02 3.342831234150888883e-03
7.501422220454299072e-01 5.160965800486246868e-01 -1.043434040807172392e-01 5.177381942036020368e-03
6.439226710153438393e-01 6.958135954834598902e-01 -1.719251256018601570e-01 9.543451145179184317e-03
5.996646725555305757e-01 5.330143319307396599e-01 -1.067471147111464652e-01 5.149529905626201547e-03
1.178422695930972486e+00 3.719793304825337599e-03 4.180082799213375930e-03 -1.187382608512298774e-03
8.475707045924784078e-01 3.437215117348523807e-01 -7.727884481574141817e-02 3.544113870854776090e-03
1.283404471188253293e+00 7.541413280018380294e-02 -3.992549795480305336e-02 1.873035603139102355e-03
9.703961746329916593e-01 6.783896479824598480e-02 -1.760844298317151488e-03 -8.086128798222003405e-04
9.588739785367591528e-01 4.005217324663603029e-01 -9.887850857128928361e-02 4.899020937623606818e-03
4.141856780255921411e-01 6.124162086877044109e-01 -1.229935415859670644e-01 6.394489893446517019e-03
7.700722238438945100e-01 4.864263886947636228e-01 -9.487238107905836271e-02 4.284579643262028011e-03
7.286713701871430082e-01 4.434034748981464102e-01 -8.734339136039680207e-02 4.201194054275079331e-03
4.335817771456670355e-01 5.595383129807101064e-01 -1.043908620014433464e-01 4.445570470543859336e-03
6.427091344000469553e-01 2.260889055055005648e-01 -1.905833281049532091e-02 -5.266963173552671740e-04
5.482580611787821745e-01 5.317904418750023510e-01 -9.408345174364184105e-02 4.202198855264921255e-03
4.957392347968245794e-01 5.912060825559634081e-01 -1.041813122339151215e-01 4.119811819234132921e-03
5.155547788863046321e-01 6.827297260845087701e-01 -1.460793124629914674e-01 7.566983573911174009e-03
5.241304990713560041e-01 5.363289585917143665e-01 -9.969051816095343688e-02 4.862146115989140517e-03
7.525987562655078733e-01 5.355870936722395559e-01 -1.149279770584621246e-01 5.155000667840999376e-03
6.623429264427870278e-01 5.607015710851172008e-01 -1.198319989816759024e-01 6.475907660322495832e-03
5.793471088728460172e-01 4.316546636121657565e-01 -9.015141792004269239e-02 4.451716886835737318e-03
8.409502343671182434e-01 4.626531740630172584e-01 -1.088295173689323436e-01 5.732151510497185756e-03
9.205370701926797183e-01 5.003144092547265886e-01 -1.309871849212125017e-01 6.797666049092801824e-03
2.728105282630478579e-01 8.135508622318317062e-01 -1.727812495425025685e-01 9.127157500707293661e-03
8.913081781754017552e-01 3.528886134888508663e-01 -7.485392263366022481e-02 3.493646641931613759e-03
9.718872446543519450e-01 2.282828839441256863e-01 -4.962065814775504236e-02 2.406956300938698032e-03
1.028601763764837917e+00 2.118699543897032689e-01 -5.578705263783832746e-02 2.922080984263754778e-03
1.012656364534680664e+00 3.405745469652224910e-01 -8.701489227735262344e-02 4.991169601974271806e-03
5.461192983965919012e-01 5.596401159053967511e-01 -1.243846197584511648e-01 6.226847676414020913e-03
8.601221434955996781e-01 2.567344538225276862e-01 -4.638739846441620324e-02 1.804605687616767269e-03
7.138622198830747445e-01 2.891162834373880997e-01 -4.996776445090164720e-02 2.136729877053439829e-03
3.151454203612867877e-01 5.048653613263384132e-01 -6.333366423862084316e-02 1.371944878037145970e-03
5.546360099941556321e-01 7.161362939246584958e-01 -1.620680560539340120e-01 8.257885660042379658e-03
8.795128520707028441e-01 2.921231780002063183e-01 -6.760576034767312725e-02 3.238462040661231871e-03
5.183158873677511380e-01 7.625036270956926376e-01 -1.729968528913508885e-01 8.679899818768802358e-03
1.064900914976643076e+00 3.393965430358693025e-01 -1.020408690158186860e-01 5.955801261514831642e-03
1.089728855841442412e+00 2.475823659918896802e-01 -7.873023612531800108e-02 4.957360469919763757e-03
6.568167907787095805e-01 4.727036389474379430e-01 -9.074639895639710629e-02 4.356189776201595948e-03
5.709094122639593039e-01 5.030387240248699321e-01 -9.863045315494543830e-02 5.183881849606618124e-03
1.289417695462963032e+00 1.169304049505252852e-02 -2.741392797683303920e-02 1.626340235702382732e-03
6.501814650999073741e-01 6.759468639697039372e-01 -1.575009382765072685e-01 8.125941138240763695e-03
1.303735895171881820e+00 3.723619067171626395e-03 -2.477023521876206905e-02 1.862076118442728767e-03
7.643067365527941304e-01 4.973350483981451853e-01 -1.246651120615868413e-01 6.512385330156579902e-03
7.744651058141232003e-01 4.526998095376700837e-01 -1.017435351183799269e-01 4.623110956682240959e-03
5.136757236361335632e-01 7.824148931559981035e-01 -1.816833478884730124e-01 9.627807336797907650e-03
7.357468409096408202e-01 4.213564070387559868e-01 -8.838043716733116895e-02 4.611167277885566337e-03
6.468904273834629182e-01 5.419205125149443303e-01 -1.040096297007847143e-01 4.521837568764112969e-03
1.242224533535664310e+00 -1.963960387317098370e-03 1.379644636356164777e-03 -4.413373272764848092e-04
1.242224533535664310e+00 -2.817368991013303667e-02 1.882826265450732780e-03 -8.941446851504372901e-04
9.774334705129494871e-01 3.620519453412003319e-01 -8.800813299192918049e-02 4.293981461667885011e-03
1.154337471166372753e+00 -4.963101479925537823e-03 -7.485688838248294235e-04 -2.307373396595596032e-04
8.562371181053262115e-01 4.350238862281418650e-01 -1.082780436054365664e-01 5.374960667362099417e-03
5.243298711810100432e-01 8.185988920027768012e-01 -2.005653359175426087e-01 1.118639789657804341e-02
1.000198762649436635e+00 1.103660419981775664e-01 -2.756773051884548950e-02 1.394353793998307075e-03
1.275884825335106720e+00 -5.935818985103465117e-02 1.498093087833874369e-02 -1.697834881365506247e-03
5.046805330128962819e-01 8.038611045200302341e-01 -1.998601224021603617e-01 1.096216185239628355e-02
8.424542557612444416e-01 4.905393889487081327e-01 -1.078287571675246442e-01 5.243344995012427096e-03
6.187926780778977287e-01 5.249860341724599255e-01 -9.647106183385564804e-02 4.215656768790964834e-03
8.337914936696412260e-01 3.312322383301312678e-01 -7.317147214451245885e-02 3.414452829827005400e-03
8.960911337784525088e-01 4.612973089560027384e-01 -1.181584359549578550e-01 6.431148293451041491e-03
1.195927029862571933e+00 2.187319830801925657e-01 -9.526264824280752941e-02 5.892655813972599507e-03
5.124046704295537324e-01 8.438336983815099002e-01 -2.169619020300037615e-01 1.252687105595448429e-02
5.277842046930663056e-01 7.316813859282669252e-01 -1.819393095561716300e-01 1.041052728671870362e-02
2.353072538102428390e-01 8.600972600151599590e-01 -1.765084619997778770e-01 8.591012603874681464e-03
8.795699021080769509e-01 1.620968173212901930e-01 -2.641376601521815137e-02 9.779059771329091412e-04
4.859920176503459976e-01 5.913348733665935164e-01 -1.183814378580328036e-01 6.235282708282935751e-03
5.639301805864284090e-01 5.696989660288872548e-01 -1.233974691492377568e-01 5.978744327794369151e-03
3.753235466581197333e-01 6.832601066832481029e-01 -1.464239446368373609e-01 7.700748202287706866e-03
5.889713226158582726e-01 6.911174047211050553e-01 -1.716784096272152005e-01 9.250472743695245179e-03
9.201591825787265311e-01 4.419264134832127100e-01 -1.034749677370351423e-01 4.863286376114355457e-03
1.240768185153166003e+00 8.526387482223165767e-03 -1.253535259293808019e-02 9.066482632287052416e-04
2.831911095349642915e-01 6.264970024875281540e-01 -9.807063810125896119e-02 3.484958720966550155e-03
2.794406027669653070e-01 9.190978527136905996e-01 -2.108113478510577621e-01 1.162987890389763530e-02
3.135062571964309375e-01 9.274434631660679607e-01 -2.110267855861835962e-01 1.117321115271415963e-02
2.814895227701184055e-01 9.560785341987263486e-01 -2.189899709430732366e-01 1.179216031693009967e-02
2.843329389395531370e-01 9.443180453422082010e-01 -2.149973132109661289e-01 1.184572054111393200e-02
6.559436306549026874e-01 3.325936799421144174e-01 -5.581089459093618171e-02 2.533719295321511852e-03
6.669811873090250032e-01 3.298440811788680427e-01 -5.725010183292156274e-02 2.665031608313416130e-03
4.128631967175975803e-01 8.664975287113370062e-01 -2.028207269902874699e-01 1.093673225174721965e-02
4.128631967175975803e-01 8.658510085828851066e-01 -2.028207269902874699e-01 1.093673225174721965e-02
4.109535768859621796e-01 8.338685892985664427e-01 -1.957634926559882749e-01 1.057789302940196838e-02
4.142688732383827399e-01 8.352777022165688292e-01 -1.945154733144882353e-01 1.038269514274613517e-02
6.732676527364648278e-01 3.259269317763200391e-01 -5.992836816918112319e-02 3.156403080877159470e-03
1.029328546057506344e+00 1.431963294401799314e-01 -3.405131218018344480e-02 1.834869432060152019e-03
6.498221426362312814e-01 5.599084193397555476e-01 -1.228826694179379619e-01 6.638404698659988029e-03
5.785327008322697084e-01 6.462885812340936065e-01 -1.442551701723101265e-01 7.429192384736815584e-03
5.857019783287839010e-01 6.230723894081044989e-01 -1.257296334417378203e-01 6.419183519462473217e-03
5.585513543243192380e-01 6.007789263789575784e-01 -1.256839334684370924e-01 5.996617527558373816e-03
1.353423591612331167e+00 -1.037279727910623561e-01 1.497222117337113079e-02 -1.421094283297815895e-03
7.524352172471067135e-01 3.350625866420094412e-01 -7.217127926232909385e-02 3.957089738862770018e-03
7.519270317430504225e-01 3.111164444228222137e-01 -6.386549459586943200e-02 3.091404682429168150e-03
8.690423278608437885e-01 3.174125877840726084e-01 -5.847086608117451484e-02 2.638679304478135090e-03
3.865575503157417381e-01 7.920845759559297372e-01 -1.762389906047729105e-01 9.017920191438617145e-03
9.017516889571485228e-01 2.096975378497651921e-01 -4.156808910997790429e-02 1.294613529306657546e-03
1.321634439897401592e+00 -3.608389407575204877e-02 -7.865549400922013795e-03 -3.152171799727826901e-05
6.831586650379382064e-01 4.289793737145282670e-01 -8.819633432175932874e-02 3.710220848130169578e-03
4.682032045162428657e-01 6.999081423197653917e-01 -1.409335341349723103e-01 6.435304539543417086e-03
4.032551147596855068e-01 5.278556256657991330e-01 -8.837581155700509339e-02 3.972161677852295222e-03
1.334523565256909183e+00 -1.458914688316043096e-01 2.817279775582830562e-02 -1.769083110949937893e-03
4.392941455834826203e-01 6.520552642234560548e-01 -1.406844732970405076e-01 7.203070557119831824e-03
4.049031559336891961e-01 6.757748980901993052e-01 -1.300181119062789326e-01 5.844440963596125860e-03
1.389678157118312773e+00 6.105073931784694291e-02 -1.924787393948850303e-02 1.572740908841218418e-04
1.133286907990352699e+00 -7.066924627975465500e-02 1.496060474990604239e-02 -1.367953101478240618e-03
1.128385197519427008e+00 1.196585386990234867e-01 -2.966097709803619878e-02 7.779976550902613320e-04
1.358111488405975287e+00 -2.006595075784372850e-01 3.939300055938677741e-02 -2.463630650000052987e-03
1.400735192282980490e+00 1.571993191689969108e-02 -2.231125312463938526e-02 1.331086682322056699e-03
1.325893432114820358e+00 6.942357118980269082e-02 -3.209188232193851964e-02 1.851035382781615222e-03
4.149566914166256670e-01 7.718480222794892320e-01 -1.686898633810871850e-01 8.464275664643555741e-03
8.775545105900816045e-01 1.854454265667454527e-01 -3.193124599130412605e-02 1.006343663113319501e-03
1.276068293928473540e+00 -1.362888169095721191e-01 3.390639422925144364e-02 -2.570234960722179128e-03
4.840852595404900871e-01 4.114717319531957518e-01 -5.010517235532942204e-02 8.477003590401804584e-04
4.229651709484628652e-01 7.848388565712290932e-01 -1.774837799910419511e-01 9.062081065361405133e-03
1.390878608183052423e+00 -1.954642922951813633e-01 2.333170591343968966e-02 -7.072521540559197246e-04
3.771884600415913447e-01 4.389412712157777507e-01 -5.726166188374293836e-02 1.344810504348151669e-03
1.262425602782079936e+00 -1.553114149366791041e-01 3.346915654433555570e-02 -2.490941660414070207e-03
1.455928796045670603e+00 -1.926517473564003102e-02 -1.431529981271576629e-02 2.977489701753440561e-04
1.454420070744463001e+00 -2.724459599713776464e-02 -6.400394554851987494e-03 -1.810430938281246127e-04
1.079090202690633049e+00 -4.234479359776541912e-02 8.378430309481765814e-03 -4.039063400823312655e-04
6.223015175140809152e-01 7.013642348480659816e-01 -1.866176221375549227e-01 1.080842661085053280e-02
7.625527556966659182e-01 6.209667637918481198e-01 -1.761105400109468921e-01 1.034400872691712721e-02
1.237404916058845838e+00 3.862421159050430375e-02 -1.152708313953718436e-02 3.029579999290011108e-06
1.129407577828187126e+00 9.773929920729000631e-02 -2.320838506125868714e-02 7.953446853106702118e-04
1.086621236878190677e+00 9.680532649257206357e-02 -3.002409207301830543e-02 1.164844582422298056e-03
8.798135214820753669e-01 1.545603202999063508e-01 -3.310429555673511520e-02 1.121802914294573079e-03
6.371637129357480278e-01 5.309174785490566872e-01 -1.085594559896442407e-01 5.635796564305228622e-03
8.442795819069849328e-01 2.891418832877766798e-01 -5.316498216326461662e-02 2.556746456400864516e-03
2.407909294852368931e-01 4.248289363512431915e-01 -4.849129224844577618e-02 1.128627251156975528e-03
3.037036621558472649e-01 4.181128203144108268e-01 -4.604443991215097925e-02 7.934632286907294420e-04
6.428841621791415717e-01 5.423359753901473290e-01 -1.116453021735309553e-01 5.127544593883840915e-03
1.141780911621884442e+00 1.747071922980627801e-01 -5.848487657853277538e-02 3.550060511362057147e-03
1.344922950377299475e+00 -1.660999751042447625e-01 2.727240376626209606e-02 -1.166296104687885573e-03
8.792235002000020616e-01 3.446211758348156629e-01 -7.924564868750222368e-02 4.330026062208119572e-03
1.286422844003367816e+00 2.536178812133554547e-02 -1.207712886359287030e-02 -6.512044299813920254e-05
3.613510213966030227e-01 4.668814089927864619e-01 -6.162661140252526093e-02 1.684954996507567445e-03
9.870559723994776213e-01 1.109479152485315645e-01 -1.483439412606272004e-02 2.607951282430435438e-04
1.202012430036532242e+00 1.357467313022653888e-01 -4.672043232405730107e-02 2.675786544324008052e-03
1.304541284328157635e+00 2.746117997069486005e-02 -9.104717245236360751e-03 -1.985654900116751913e-04
3.805499174720160527e-01 8.633781171304428792e-01 -1.931615809155393659e-01 9.966805563848823990e-03
9.798068246380449153e-01 5.376312866747689351e-02 -2.988502803874412868e-03 -9.008238970450729117e-04
3.030799542764703869e-01 4.623941509689983298e-01 -5.513164314548453515e-02 9.849918244914520563e-04
1.350404415363948063e+00 -3.582377556879816349e-02 -2.093433179827967894e-02 1.851881363815631584e-03
1.363213005927133015e+00 -2.390608360503962415e-02 -1.936185217477689319e-02 1.299667890102676688e-03
4.010008560240748698e-01 8.187739543098220274e-01 -1.822359959517845518e-01 9.861009562473151829e-03
9.349360353258049372e-01 2.625296339568920501e-01 -4.978255347323275182e-02 1.959286860617144577e-03
1.432496038710295405e+00 -5.248560677781316519e-02 -1.207672154151179580e-02 6.462593209118363234e-04
5.373539562412775750e-01 5.872233665371201505e-01 -1.311029909629772283e-01 6.877885852297736108e-03
2.279687021665176838e-01 8.760362000498772561e-01 -1.812545252331662915e-01 8.937186899452472313e-03
8.062178640120090112e-01 3.287880596501276953e-01 -4.820840926556460571e-02 1.051739277476264074e-03
3.385533207523576671e-01 6.272535030922796739e-01 -1.049231313037072011e-01 4.079696924055062346e-03
1.061740627354641475e+00 1.580925326642456663e-01 -2.791301478160974556e-02 8.650620070170956643e-04
3.108013123076718287e-01 7.766026946626692906e-01 -1.724249527401711946e-01 9.504364923171807616e-03
8.995275079092173165e-01 3.109176801225175257e-01 -6.727432789663560786e-02 3.195657844913742888e-03
4.483941332391754298e-01 4.465349637444276931e-01 -6.883749588127319186e-02 2.171847339481008596e-03
8.504636002977429277e-01 3.058661445910099141e-01 -4.562142646401308455e-02 9.861973773249411122e-04
1.128216518836506310e+00 2.467559442058973596e-01 -6.493955986379729151e-02 3.397629467066219135e-03
6.523840114973175064e-01 3.441546596972441807e-01 -6.102732613736441825e-02 2.987687876748459578e-03
8.412883820276643165e-01 3.567523798267908663e-01 -7.501857439214833223e-02 3.127759314966953048e-03
1.464402386980736770e+00 -1.074547446015676755e-01 8.317377631638528737e-03 -8.379936348938163242e-04
3.008603708978345725e-01 6.714780668134048280e-01 -1.115313314240341802e-01 4.394071705417972561e-03
3.370553394320272012e-01 5.722983455614164550e-01 -8.369447773150995307e-02 2.624269564217842406e-03
5.984180488066577208e-01 5.317348910038752763e-01 -1.263203538270597504e-01 6.369813151185980613e-03
2.186885343723910524e-01 5.830774786481806027e-01 -8.213830757267727434e-02 2.559194282116646329e-03
2.349533241211531620e-01 7.390993372782638238e-01 -1.396383997037760061e-01 6.451421271744800859e-03
3.721853759652701821e-01 7.198553587590010849e-01 -1.366634540997515856e-01 6.116960568982001550e-03
7.368878817648505386e-01 4.851354190088805751e-01 -1.152190659159337133e-01 5.815396901981940980e-03
8.169442821178979353e-01 4.975893627116012574e-01 -1.307283165553636828e-01 7.140585129874416417e-03
9.893145544797068425e-01 3.084245987695060087e-01 -8.507050783462093146e-02 4.153107914889341869e-03
5.139401561401449881e-01 5.203003310147564786e-01 -1.035758526613775599e-01 5.494895546946656009e-03
5.644948041953391504e-01 5.476289011141088903e-01 -1.297566841913496138e-01 7.382300238824950761e-03
2.925548830524176136e-01 5.249059285866213287e-01 -8.304614057965965801e-02 3.297145657410007966e-03
3.005923544658899438e-01 5.718906528455625082e-01 -9.598546084002697321e-02 4.039041090802755231e-03
4.292392374665353616e-01 7.100818084668543140e-01 -1.555435267389434217e-01 7.571573836984729633e-03
3.846681884583361688e-01 6.048723413820147332e-01 -1.167420335276171811e-01 5.440012460403312843e-03
9.318736185443244890e-01 3.406961304390936918e-01 -9.898148453698800420e-02 5.891055412628729872e-03
5.459343932330075200e-01 6.239614831664737071e-01 -1.444052062508786316e-01 7.586934062942993738e-03
5.182970541250667695e-01 5.382955583632778040e-01 -1.105623492834460625e-01 5.694724626969075582e-03
8.661288470429977515e-01 3.094997561721131163e-01 -6.031150254765020591e-02 3.063698662936424188e-03
1.133847634230687573e+00 9.398831331889290208e-02 -3.400633445717907155e-02 1.782382682008417513e-03
5.919084037563583367e-01 5.127092668843401535e-01 -1.046336575139871217e-01 4.658850808036553437e-03
7.449553791589883511e-01 4.510930495639793869e-01 -9.385791088221015488e-02 4.200999010559064439e-03
3.311957434685638968e-01 6.622497837227452333e-01 -1.196842214307029667e-01 5.689521883052237571e-03
1.038894249779726664e+00 2.561724981622348074e-01 -6.528895928627496958e-02 2.982142239460476314e-03
3.454771457487388897e-01 6.084810537684273157e-01 -1.047207445068159964e-01 4.858866350732481132e-03
4.049441505847696243e-01 5.583070175242416111e-01 -9.767418562365694223e-02 4.331682981292931355e-03
5.717133429258479671e-01 5.726735466732557622e-01 -1.240309059542343828e-01 6.635642604199069004e-03
6.834941580607246658e-01 5.987995944633993650e-01 -1.469700301542812282e-01 7.909300418550419334e-03
7.882493030169916981e-01 4.198530775414346938e-01 -7.143375386920766679e-02 2.562228226291238947e-03
1.012389990560909281e+00 2.845982977994750418e-01 -9.233290981892851301e-02 5.284665768374684214e-03
1.084474722879166242e+00 4.473015593845417609e-02 5.297757522665009523e-03 -1.471361747260169564e-03
4.782120188410725059e-01 5.370445774717319543e-01 -1.024390749154943936e-01 4.311841238494420678e-03
9.382105666457897231e-01 3.787168707480035867e-01 -7.755401100905472134e-02 3.766061880900730199e-03
8.989000513480326360e-01 2.826841945935750777e-01 -4.989739067679776346e-02 1.797955418572370293e-03
1.445527568954425579e+00 -2.836056513660134559e-02 -1.141023450796352021e-02 1.707865624258026816e-04
1.114792104417986485e+00 1.438448667282425930e-01 -2.777779837947827457e-02 4.809697470162597045e-04
6.630972239231638365e-01 6.226882567138504188e-01 -1.489887067431281686e-01 7.652402030662689390e-03
1.448406248209562097e+00 6.182873078715369480e-03 -8.888066980812677625e-03 -2.956771651158316468e-04
6.338026228592072986e-01 6.446580773748034066e-01 -1.496689969337904325e-01 8.002714788174297711e-03
5.390182985728589893e-01 5.354172781028929684e-01 -9.372885437729171210e-02 4.056698728343319758e-03
1.075761340170512614e+00 1.710383235829149862e-01 -5.113879179876924808e-02 2.859630794568580360e-03
1.295803092957940716e+00 1.522485722906063987e-02 -1.173223943092567209e-02 6.506154942481249615e-04
7.815364278079758309e-01 2.713995654156790560e-01 -3.914716271338184589e-02 9.968522015823967197e-04
1.314120630228211128e+00 1.268518401215491254e-01 -7.147643165091432937e-02 4.709198485395064797e-03
4.796244097040940901e-01 5.558133571079630908e-01 -1.063933015835895196e-01 5.160642192737339116e-03
1.102649742853210491e+00 2.820111902391460590e-01 -6.047484465444848828e-02 2.417327445209327234e-03
3.220677660847574009e-01 7.212523515039013233e-01 -1.315973503801283195e-01 6.147126019142581770e-03
1.032360599276154645e+00 2.668262355571225375e-01 -5.669516483728842537e-02 2.825921832463662575e-03
9.880631907067297659e-01 1.727834063247167262e-01 -3.743792830471645572e-02 2.103148753302061785e-03
1.040224288339895553e+00 1.559357479122435164e-01 -5.904710296124109775e-02 3.932315840188340371e-03
1.258496761438147926e+00 9.004788434954633103e-02 -4.456437110139983143e-02 2.375101570452920700e-03
9.690854872785680252e-01 1.229503585285440237e-01 -1.800666754388215857e-02 3.619098356396854258e-04
9.691689973718259354e-01 4.560251314696851799e-02 -8.830909660326872676e-03 5.433249625686975776e-04
8.041587162149054224e-01 3.102177780128704265e-01 -6.834322389023173017e-02 2.934997829757706074e-03
8.071150864961689209e-01 3.636717386355089454e-01 -7.431831461955966389e-02 3.788186220454038515e-03
1.075875813965740724e+00 6.034623152320689292e-03 -4.622678004946311446e-03 1.488485804181386633e-04
8.415579983439082090e-01 4.796510803991860805e-01 -1.055723255399865224e-01 4.872675170206483379e-03
8.994955756181070017e-01 4.364327779231868543e-01 -1.057195998863332403e-01 5.309638834387037098e-03
1.366489651827879959e+00 6.661694084091071555e-02 -5.158786369925864174e-02 3.556274564417842218e-03
1.442257398726018325e+00 -1.418750830324261858e-01 1.583429743646076054e-02 -5.242084360216143959e-04
1.400671789175091497e+00 -8.872484064917018909e-02 1.328674025202433023e-02 -9.873109351748107776e-04
9.307425149168031542e-01 1.145309307228481455e-01 -2.388222296464626720e-02 1.328631463658009161e-03
1.349293770770875645e+00 7.129241302000506597e-02 -4.558730241230279923e-02 2.992584619420072048e-03
1.011087163793900734e+00 8.094520419613744633e-02 -2.526427413672104050e-02 1.391233557245260752e-03
1.230515091192281085e+00 -2.487845880221375983e-02 5.758345442692104112e-03 -1.075235225941256713e-03
1.136976246030002358e+00 3.696760228976834206e-01 -1.163687121115135198e-01 6.883430995449330014e-03
8.080927251270350054e-01 1.084996783439812207e-01 -9.041197828885648435e-03 -2.334496357127180291e-04
1.019144241233703507e+00 3.421888165600623921e-01 -1.066908661257642832e-01 6.605892325646704408e-03
6.362166098719516105e-01 7.279698989423186717e-01 -1.887048133503304859e-01 1.054108760931847522e-02
6.119370339211307464e-01 7.157345478131992289e-01 -1.824575945953026412e-01 9.993579131102860169e-03
1.002800301310501574e+00 4.527285071866740118e-01 -1.186468413625142437e-01 6.830916473402456369e-03
5.823369227282437777e-01 7.308172822612678532e-01 -1.894218398108308832e-01 1.073933728744473626e-02
4.546822573430764902e-01 3.368300795640707390e-01 -4.203665939053956302e-02 8.831005504101478503e-04
9.528044420899468570e-01 1.721344913211115824e-01 -3.319214518315503210e-02 1.033032803621497173e-03
8.897857325282847452e-01 1.210974535439004601e-01 -2.179882962087256737e-02 8.591059218351729558e-04
8.937980257339142032e-01 1.153251634948975618e-01 -2.098031049135415035e-02 2.538264281129196998e-04
1.494327759668868660e+00 -2.507245319118693305e-01 4.640952045498208944e-02 -2.652663918756492743e-03
4.336746556188511015e-01 8.193187667624436399e-01 -2.039261219686749338e-01 1.148276894180896845e-02
8.261841580443841648e-01 1.795054213089273265e-01 -3.896093316442104937e-02 2.137671378946843798e-03
9.631693611425256041e-01 3.490257154169367770e-01 -8.252414948258389449e-02 4.392777910407611765e-03
9.286709145376492724e-01 3.706236410514935353e-01 -8.514680860829161591e-02 4.392777910407611765e-03
1.011841622457342327e+00 2.303639457580364536e-01 -6.813543369469383937e-02 4.205938688024273182e-03
1.004543533245757958e+00 3.069843677834238616e-01 -7.808694259392554016e-02 3.687769048518467051e-03
1.100205492958206799e+00 2.598313715857067385e-01 -6.235541459062875214e-02 3.516406684004508548e-03
1.490969797818781695e+00 -2.338578860340566334e-02 -1.810710980964076386e-02 5.529805263769210083e-04
9.359058185542371566e-01 2.068247116898732085e-01 -4.905902591405585794e-02 2.087314626534133005e-03
1.062124587036932688e+00 1.965144885782404705e-01 -4.590604304559728344e-02 2.665379914071324546e-03
1.032709138284337635e+00 8.406097815010481200e-02 -1.987769718409164443e-02 1.221021457477789243e-03
4.041236568256864059e-01 9.185200604269048164e-01 -2.294621630009430757e-01 1.305260529209352482e-02
8.783910780731047918e-01 4.540321316483006409e-01 -1.015936275568198044e-01 5.015088606264250619e-03
9.712251672287152138e-01 2.827920760515694187e-01 -5.452277358843179295e-02 2.347550280854371774e-03
1.148374213840641866e+00 2.026564632283107958e-01 -4.554204391455222295e-02 2.229638172703604822e-03
4.296133715196442382e-01 9.148586492052015462e-01 -2.267302983239568026e-01 1.279564070798772622e-02
7.940256627050589211e-01 5.282679988837255536e-01 -1.476618240931510395e-01 8.201358617864418221e-03
1.099580931095805125e+00 2.717797987389525827e-01 -8.253930562747614774e-02 4.892374913626128426e-03
9.874343869067081503e-01 3.530138353313678201e-01 -9.625204757569939817e-02 5.004963172277145100e-03
8.413068254027481485e-01 4.968189693938481755e-01 -1.162211547150894669e-01 5.750751580514346789e-03
8.613128344467965158e-01 3.788307922078736900e-01 -8.367744595236313587e-02 4.583934710841836360e-03
1.425000976752465620e+00 1.018072947934763745e-01 -4.423069250452547896e-02 2.341508059926401472e-03
1.121400514167307128e+00 2.403826130243728876e-01 -5.051783881506948654e-02 2.109515952692008790e-03
1.076563007969427055e+00 2.561595487946747851e-01 -6.287723038182911617e-02 2.865909217080887805e-03
9.176168965469712058e-01 3.295361842787192241e-01 -6.530282411705427836e-02 2.442552502040464067e-03
1.088976502077867892e+00 2.623699340836382343e-01 -5.480802878069376133e-02 2.501190504962882196e-03
1.269103588878494282e+00 1.208618582262450392e-01 -3.951552698010028092e-02 2.391291594225624685e-03
6.290814029820230857e-01 7.993241234224965908e-01 -2.108040679946479590e-01 1.233537380906377968e-02
1.347188702156699502e+00 1.721514621579068871e-01 -8.001568896094195249e-02 4.992058535955560920e-03
8.306774635875814328e-01 3.179928339231234968e-01 -6.502783020199227881e-02 3.463288928167400707e-03
5.139941300106742883e-01 7.198500785768877641e-01 -1.708550877588357331e-01 9.431096173029581906e-03
7.477947511804295955e-01 6.993220785712420673e-01 -1.904417408640656784e-01 1.106123086585689141e-02
1.102036983190534780e+00 9.695013193615346567e-03 4.338801110309835687e-03 -1.103561312556470371e-03
6.783984609243011166e-01 7.384112265671235464e-01 -1.983883151269952294e-01 1.156660716109970434e-02
1.406638042976885439e+00 9.441618231417800433e-02 -6.965116681521045516e-02 4.384952517013439993e-03
8.925184527739140616e-01 3.526383293918475825e-01 -9.416793622890841375e-02 5.357691838187165004e-03
1.207282484680876289e+00 2.412950435833293144e-03 2.024883529215344615e-03 -8.857509222327746663e-04
1.147800130395586482e+00 1.510316436000026241e-01 -3.136366522960082337e-02 1.120686335442624059e-03
8.191823083307947506e-01 4.987304442614421407e-01 -1.165392608732211260e-01 5.491025506058339403e-03
1.036670464635987887e+00 1.231627585927295154e-01 -2.319442711727388168e-02 2.501382598449954650e-04
1.079953561627533087e+00 2.784300093087017647e-01 -5.366301957003657280e-02 1.821151316519923138e-03
5.333627611581348571e-01 5.780983029336248524e-01 -1.173260221064686831e-01 5.797788406316460412e-03
1.331139626309403523e+00 7.794114905955003281e-02 -2.956887160088494254e-02 1.405489275394381562e-03
6.917385812839147441e-01 1.405255301091740405e-01 -3.598689984634164101e-03 -1.140542623314599619e-03
8.129838511273855817e-01 1.316359403256811833e-01 -2.359386748930567945e-03 -1.237378884440810869e-03
5.906163013188195920e-01 7.359880709633153106e-01 -1.858267283222365673e-01 1.051480141993861236e-02
1.399555690826541854e+00 -7.595033323970677708e-02 1.698742777351444633e-02 -1.785638314787897554e-03
5.975154446622001903e-01 5.781058928275680797e-01 -1.214756366989317160e-01 6.070828666387521888e-03
1.426167167625304044e+00 -7.406650028022243593e-02 -1.107013516652165935e-02 1.380932686189372330e-03
9.570228823127484574e-01 -4.845227179038548437e-03 1.642989789231974820e-02 -1.883536426994090367e-03
5.488641204496763626e-01 6.228023134920279702e-01 -1.370870646889713329e-01 6.865899632596089187e-03
3.675974009866379011e-01 4.274720885295956174e-01 -5.216692413074475176e-02 1.101564234688691413e-03
6.499836315687709254e-01 6.404972895261420440e-01 -1.476528700352675305e-01 7.523052534563017674e-03
1.344161807819474808e+00 1.661662121715348425e-02 -4.403510728515165965e-03 -7.172532427016937561e-04
3.662261250729764717e-01 3.684123124020924900e-01 -3.871551183053532214e-02 4.071861238256352118e-04
8.996992419010229058e-01 8.495632756883886305e-02 -2.440865217083655267e-03 -7.851694265229273864e-04
9.717466870843296523e-01 1.568437131128856132e-01 -3.355712334829578924e-02 1.844021030125655167e-03
7.460419552290397105e-01 4.111200060328393802e-01 -8.874335774107869335e-02 4.496233500753011626e-03
1.011885343099340639e+00 1.513894834131656042e-01 -3.539027800963624737e-02 1.300022628939220869e-03
7.425623060269963549e-01 5.974357215976497937e-01 -1.671554912474411125e-01 1.001061894217534012e-02
6.639847523268433971e-01 6.818154761903401084e-01 -1.836196539580559894e-01 1.083524918527793181e-02
6.329266813659347735e-01 7.291050647395841411e-01 -1.979334307935816661e-01 1.155354185016865126e-02
4.940984420662847265e-01 4.209531654369407794e-01 -6.722559264559173353e-02 2.983134153662503861e-03
6.617994113976979342e-01 6.290546552911249201e-01 -1.582271374659179330e-01 8.698539477552552981e-03
6.218948902400064371e-01 6.495506360609993868e-01 -1.667255012421604288e-01 9.513392216712370994e-03
7.793260584356158649e-01 4.002996510131903163e-01 -7.953237887948649831e-02 3.693433459474793588e-03
1.278475041387821864e+00 -1.412793556279200446e-01 2.255742984192364922e-02 -1.730941056080743511e-03
1.377004319615707129e+00 -6.516378753820863123e-02 1.570811061157178709e-02 -1.707063998305775919e-03
9.220553409627584296e-01 4.855412967146250369e-01 -1.418750065769658342e-01 8.454282123457800002e-03
9.136916993971780920e-01 4.792554521768764841e-01 -1.397943058409424344e-01 8.348006929302216605e-03
1.417518085398096206e+00 -1.239517403867170658e-01 2.281714764973183027e-02 -2.035236295719328962e-03
8.827181893240588773e-01 4.988953383687501630e-01 -1.252028904881593019e-01 7.189832848326532452e-03
4.648693329912068073e-01 4.913469024495311088e-01 -8.923444843554456662e-02 4.312047407644807075e-03
9.548883552064156843e-01 4.856835779378469442e-01 -1.419674129821912878e-01 8.374064344588278558e-03
3.423449702486408563e-01 7.616854079037481684e-01 -1.570080680862573075e-01 7.674691081040505881e-03
3.118830100148036188e-01 7.569896317422555310e-01 -1.510928707103657009e-01 6.897969072931796342e-03
3.182481386554382730e-01 7.869358905869417997e-01 -1.587732687157007438e-01 8.336738718914125934e-03
1.064428406537706318e+00 -1.338692792605400694e-01 4.143598262999944465e-02 -3.016981031219640765e-03
1.227285072221151019e+00 -4.861073524284732425e-03 -1.892233217433735189e-03 3.551542126934965313e-05
9.158056105624566845e-01 3.844923595067783473e-01 -1.086945008309337934e-01 6.431032835012516317e-03
1.119179017924559094e+00 1.377935005325368611e-01 -4.470492021074409100e-02 2.426100949745964644e-03
1.350794113291316600e+00 -7.740248573764514986e-03 -1.186925995154214201e-02 3.725544127525648040e-04
1.219203452560798207e+00 3.973206930878265056e-03 1.539741761435481577e-03 -1.010263345261151659e-03
9.187024864721609063e-01 2.535551671644202254e-01 -6.191974478999791309e-02 3.045175534444550473e-03
1.167290954225057131e+00 -1.293347670583182285e-01 3.136890710370551782e-02 -2.594147271248332162e-03
9.168718023766563308e-01 5.432802290204216122e-01 -1.515737178025259313e-01 8.977564877696051632e-03
9.402371234173574344e-01 4.207056609894227472e-01 -1.211043301535146416e-01 6.575028666568661501e-03
1.228227455868247553e+00 1.929921375608051881e-01 -6.495252356713411557e-02 3.994411576973207721e-03
1.211522712968283066e+00 1.564383562727580390e-01 -6.133955952292116653e-02 3.406510841625391087e-03
8.972308840985446787e-01 2.973406390402038579e-01 -7.338041065182675238e-02 4.003948426961331970e-03
1.041976209526805697e+00 4.592949528302952000e-01 -1.397323188161970486e-01 8.568908984042524629e-03
7.437048859697710235e-01 4.188829712057722254e-01 -9.456726927383929393e-02 4.346918746087783531e-03
1.149345640586994843e+00 -9.043153039618608002e-02 2.084080290761236229e-02 -1.383070811082638251e-03
9.340546035463420660e-01 2.863369713490760415e-01 -6.710297344468500735e-02 3.407320533273944674e-03
1.340146818343809887e+00 -2.640653749278570883e-01 4.817659390464127528e-02 -2.366173275431279841e-03
6.229405450962526292e-01 4.511543151825186393e-01 -8.808746865998365316e-02 4.532375075943095508e-03
6.306896409244934221e-01 4.645877998031687217e-01 -1.004582884719579239e-01 5.234139661701782409e-03
1.258073970850206447e+00 1.804879852539884311e-01 -8.278981830884675486e-02 5.400742483875779765e-03
8.513392250667977112e-01 4.441936050816978725e-03 1.959196043701850326e-02 -2.082969229976732589e-03
1.196613309472629005e+00 3.468456474370791853e-01 -1.254414288770474006e-01 8.055972710958978975e-03
1.357108028855929849e+00 8.688759653818821371e-02 -2.105288673426204682e-02 2.358400814561942933e-04
7.393903527429787070e-01 4.344165512793636830e-01 -1.040612673147265632e-01 5.809075748109840918e-03
1.109047806304452433e+00 1.109733359179319173e-01 -2.776113482420150547e-02 6.760874794083414959e-04
1.206915104026282215e+00 -3.717793367977947905e-02 1.177747985690741177e-02 -1.312109913910279591e-03
1.272647760576405940e+00 -6.175521076522270253e-02 1.342215678441526124e-02 -1.538073210085345649e-03
1.002821114958927007e+00 2.212769639787499909e-01 -4.543812669663489789e-02 1.436136969233873899e-03
1.262230703841568102e+00 4.050493500324593710e-02 -1.312449941880125884e-02 4.587641512003475040e-04
9.169180014072682017e-01 -3.242422984805800462e-02 2.303367330683758762e-02 -2.184403817611133003e-03
1.172172410679350296e+00 1.405612393981863495e-01 -2.495507680955147758e-02 3.337379825223750571e-04
5.714717141642581266e-01 5.183380965667607754e-01 -8.419016509421561878e-02 3.193764425844200158e-03
6.413574012051729278e-01 2.642241851637460726e-01 -2.904833394405662711e-02 1.637348394086359307e-04
1.264331047873150426e+00 9.299018226700134226e-02 -3.098760441033900428e-02 1.303163457024396820e-03
7.021842510380641444e-01 2.497425981410891505e-01 -2.698082957597531736e-02 3.838878742218489572e-05
5.300786083589470454e-01 3.111139051013391832e-01 -3.854361405766241339e-02 8.388246799277757071e-04
1.351671914214517489e+00 1.487341555252687242e-01 -8.194000002571651120e-02 5.155016986941383765e-03
9.424451363697665673e-01 -2.782087232581332767e-02 2.271151127011250548e-02 -2.412322632962289083e-03
1.337529675614941294e+00 -1.332650958815473075e-01 1.769495137822732836e-02 -5.974441489847985998e-04
5.079626312710223690e-01 6.976356258660881826e-01 -1.601915139657219267e-01 8.479958870492214015e-03
6.712642532869267376e-01 2.936399281697594787e-01 -4.062890192632017533e-02 1.056919115665220805e-03
6.956361405015032418e-01 4.364910125746818137e-01 -9.539815278525376474e-02 5.265159946708360302e-03
9.407565500045720341e-01 1.891005965045496062e-01 -3.319946403347969616e-02 1.028019005051365167e-03
1.259880848182835633e+00 -2.630248289288510209e-03 -1.060960815064304619e-02 3.802104987731534961e-04
5.439125293545110651e-01 5.192527753144468017e-01 -8.510410965817516438e-02 3.220326313031682958e-03
1.238565202156571621e+00 -1.508536563140753239e-01 2.190820703298530792e-02 -7.414389908040524895e-04
7.936579638466769726e-01 3.429430659476818133e-01 -5.546852726379686294e-02 1.870278979811184836e-03
3.854208297422820895e-01 6.151377704348315323e-01 -1.167847642262313246e-01 5.915129475356398214e-03
9.253923349727251058e-01 4.320930624258017549e-01 -1.226394346844266042e-01 6.591516033710852207e-03
3.683983044265836670e-01 5.410811685483253308e-01 -8.392497480887299577e-02 2.909377863912984436e-03
5.932718688794880180e-01 7.123757877782151970e-01 -1.680345407928180712e-01 8.918539737131622736e-03
4.325719488563876114e-01 4.802618394439063243e-01 -8.147986587571486028e-02 3.081482807092064593e-03
1.226673681620967571e+00 1.584424783323887809e-01 -3.893375597466573051e-02 1.667766686145602788e-03
6.562040301783891305e-01 3.783251215336260187e-01 -6.548872105920640341e-02 2.978152485792572371e-03
1.342154819262096455e+00 -1.369851871081598227e-01 1.086396517320860344e-02 -8.590199683990192687e-06
5.672510883602903675e-01 2.613567170909455450e-01 -2.193460043470020840e-02 -4.546051181358777777e-04
5.218049258908008525e-01 5.033834181338719960e-01 -8.546271338735018930e-02 3.600220277252831266e-03
5.509267596192960470e-01 2.820887623308176995e-01 -2.964097754634983581e-02 2.817209708420656544e-04
1.043395479998513897e+00 3.222228883118139486e-01 -9.619266873708376409e-02 5.612991168639979052e-03
4.962930923556359009e-01 8.296983235098717158e-01 -1.977835343960080428e-01 1.062893889558789995e-02
2.804166712805484796e-01 7.554374873973996873e-01 -1.476565047657307506e-01 6.764637367025553606e-03
1.435280965247134111e+00 -1.073689839861834833e-01 -1.917213078626114810e-03 -1.330848372615521644e-04
7.408104150055490056e-01 4.520503208770360049e-01 -9.180534635611856120e-02 4.879261751341595031e-03
8.188937910945395249e-01 3.728097069218800907e-01 -9.185574869641148499e-02 5.005210987165431384e-03
8.494876028479222407e-01 3.949553730524285045e-01 -9.846805698194108225e-02 5.737959768671498789e-03
6.921439261240158736e-01 6.781198786600425299e-01 -1.730022476683621135e-01 9.679558389367168281e-03
2.111751176198286006e-01 8.629872591571053908e-01 -1.785642364301023299e-01 9.146899783111580792e-03
1.081325058778609405e+00 2.907326128355140482e-01 -9.111140123484931519e-02 5.124189684430818792e-03
1.036761045991007490e+00 2.664411141982216402e-01 -8.096034554779200920e-02 4.170818212118500463e-03
1.061587947508525032e+00 2.454998840755294454e-01 -7.357972349465870254e-02 3.818693762253446301e-03
9.829089293900462598e-01 2.684201113435686348e-01 -7.488715559113839904e-02 3.920836111394079317e-03
6.250418259947492228e-01 5.887438571180350078e-01 -1.430211581895078632e-01 7.704883563901806370e-03
2.901316652299838483e-01 7.712263871066397103e-01 -1.515242212192593474e-01 7.300627318201795279e-03
7.609212530017653853e-01 3.801147467867984631e-01 -7.742692764182214360e-02 3.874027607813375091e-03
7.475618130622030399e-01 3.883671323747632242e-01 -7.604267520771786082e-02 3.987401912032993191e-03
4.113695701573127361e-01 7.262844015742332404e-01 -1.550047071724088288e-01 7.853723080981464544e-03
4.240149384837808011e-01 7.266602708757970985e-01 -1.481668145215648824e-01 7.305206761904406605e-03
1.032863984054394724e+00 3.949816462606550171e-01 -1.066267113866001953e-01 5.963916583610871965e-03
1.117131352608539130e+00 2.250413554125682281e-01 -4.841404928901526378e-02 2.132203833142560200e-03
9.428205769758131183e-01 3.723162409059732614e-01 -1.027414670880290731e-01 5.585307861425877970e-03
4.058621692712052198e-01 6.337447070134473170e-01 -1.131960127303230368e-01 5.431612128458127541e-03
1.146666168391300422e+00 2.216878186364943937e-01 -8.284028226343363721e-02 4.657545697892158040e-03
4.748793230545717559e-01 6.252307120355913295e-01 -1.152470919520467013e-01 4.783487496963308508e-03
5.498160380916640166e-01 7.083592253140784667e-01 -1.551248669694240134e-01 7.957042140303363653e-03
9.722217535948776135e-01 4.448963083996505530e-01 -1.097806818034846449e-01 6.232422212200952605e-03
8.519969740626732735e-01 4.283732189709664739e-01 -9.834799734331522991e-02 5.001144812140686201e-03
1.008976163208799681e+00 4.123159480021479917e-01 -1.314353950942526716e-01 7.574480851567891478e-03
1.036148741520907857e+00 3.378108663891292718e-01 -1.007550566973910017e-01 6.057600384239511526e-03
4.263597254173148166e-01 7.295684033408499358e-01 -1.487445870465310682e-01 7.589269633044721727e-03
1.028503087344781131e+00 3.088146359584545420e-01 -7.362670666869326752e-02 3.458901592532460066e-03
8.544805548181892974e-01 2.840472906058449376e-01 -4.256800416123538572e-02 9.497768784659544336e-04
5.284079586411760676e-01 5.149318872431879468e-01 -9.417702546701176014e-02 4.469347433313132154e-03
6.314154563511168439e-01 4.814780546735230593e-01 -9.586751053791618682e-02 5.050617051229764655e-03
3.533403823642901065e-01 7.752426009837233289e-01 -1.566339274388128811e-01 7.975451478062573624e-03
7.005750405411412807e-01 4.679720065352931391e-01 -8.408792716872243167e-02 3.315459409052661302e-03
6.321403957188099776e-01 5.271741861080445624e-01 -9.588046621850383755e-02 3.954505251872342080e-03
4.504126951129244216e-01 5.908261962101570841e-01 -1.039278742637791131e-01 4.646775843092172155e-03
9.515252574135890651e-01 5.347992960359782000e-01 -1.514694804921717097e-01 8.810476546871080783e-03
1.148201705934618344e+00 7.748269034541774292e-02 -2.431934870632315726e-02 1.212980508831724372e-03
7.583860693887831683e-01 2.406341589420885607e-01 -4.242849253230288747e-02 2.123390001130508620e-03
3.556070061698032858e-01 6.509696282875531148e-01 -1.093147433427232446e-01 4.485658956725299684e-03
3.517412295752046503e-01 8.022272240682714051e-01 -1.691027112327815884e-01 9.040999667929023806e-03
3.482627063532928724e-01 6.769071270061272072e-01 -1.213984857059076244e-01 5.455095946297631483e-03
1.264318327427540689e+00 1.392252330819968298e-01 -6.360426988802070358e-02 3.504617904045369617e-03
7.335088236240404624e-01 2.044479713226913242e-01 -3.642737338981440198e-02 1.788539872427669184e-03
2.912333409732530409e-01 6.680339817891959298e-01 -1.212384668857809655e-01 5.689447732445377173e-03
5.449431905031953960e-01 2.929286805818622219e-01 -3.966163407053419077e-02 1.468528578894655497e-03
7.643437349948222215e-01 3.871458123612984137e-01 -8.451754848376118179e-02 3.686887696204388647e-03
2.148483047922344902e-01 8.836497802561930071e-01 -1.808245053443711114e-01 9.346123404886335848e-03
5.377135739095678657e-01 4.952583183958795821e-01 -9.266087201668540829e-02 4.610494963856777081e-03
5.500785491577824260e-01 7.503231385860394953e-01 -1.773490568442124826e-01 9.665518299244807432e-03
1.322305879286549413e+00 2.848152408558687551e-02 -1.513937598488440672e-02 1.813402128417707874e-04
1.234340408043606674e+00 2.281316487586564079e-02 -3.787953106381641497e-03 -7.142071485525337870e-04
3.684372864206427733e-01 7.420973292145717215e-01 -1.507246785418092649e-01 7.578104862267084560e-03
9.545250311620163686e-01 4.036285449393680058e-01 -9.512674803752026176e-02 4.839617049570383439e-03
3.472259115134804230e-01 6.790574600116847659e-01 -1.238892377160577957e-01 5.125614991514864695e-03
3.276258979145472705e-01 6.234400495423109145e-01 -1.218871297746313143e-01 5.800227386427996186e-03
1.066685133546023012e+00 2.829509178077881382e-01 -8.849181733231288594e-02 5.045500179651924051e-03
6.188082565854473582e-01 6.096060925036584921e-01 -1.576243935063145196e-01 9.114294430395474683e-03
1.278751254795728487e+00 2.016465674483830517e-01 -8.656145548902394182e-02 5.494463454815516623e-03
1.000123670338707527e+00 2.181922545447080308e-01 -5.917059070318104325e-02 3.451411109976520661e-03
2.421274199841143282e-01 7.540856971908678208e-01 -1.374610086668229258e-01 5.935916264499870205e-03
9.501172135326012569e-01 6.854166054486808372e-03 5.374578796430912186e-03 -7.688903635563995500e-04
1.156429733830717455e+00 1.875728083115005551e-01 -6.939955541171771713e-02 3.978067935783200990e-03
5.539468244802384644e-01 7.509441895588343518e-01 -1.934393434718673643e-01 1.122741826259209680e-02
1.396394241979694639e+00 -1.754977734084712526e-01 3.944168650830393030e-02 -2.765854806982053112e-03
2.019659319621880667e-01 8.278238853862668334e-01 -1.586083810273775097e-01 7.250091265076536416e-03
8.973490560155257256e-01 3.105665819443894637e-01 -6.537103162887851482e-02 3.129900775039088159e-03
1.484114107491650847e+00 -1.990375625126251657e-01 3.512670886013610078e-02 -1.960376442727192366e-03
8.593497304838229045e-01 2.853904064962690668e-01 -6.553137813631573771e-02 3.106635109790045063e-03
8.753073342931432244e-01 5.551184536377017364e-01 -1.664754908916912801e-01 9.789929690599408554e-03
9.837608458925362065e-01 -2.266366539670589680e-02 1.359039345039354807e-02 -1.230545422264424371e-03
9.485659788861122710e-01 5.290562282370020464e-01 -1.606051335445397021e-01 9.629003142562205658e-03
5.653983715187613779e-01 4.610914877290665514e-01 -8.843328270642539235e-02 4.016267467065948865e-03
6.794507807219087869e-01 6.217924028792038982e-01 -1.364696685396128706e-01 6.394161755578241235e-03
6.074049227521896022e-01 4.569674174455296556e-01 -9.252073432202996550e-02 4.033795733845161463e-03
6.732828827464136801e-01 5.801523084799616869e-01 -1.394281589752816297e-01 7.577155154306385726e-03
9.394468101934476678e-01 3.728339731473355734e-01 -7.040456295559140154e-02 2.679193069538976426e-03
8.141255403975458105e-01 3.879628056995970131e-01 -7.349784603917101922e-02 2.926277428155202830e-03
8.005221798811158473e-01 6.210300836306034133e-01 -1.700158203632659293e-01 1.010319674712987885e-02
5.442542180900896698e-01 6.753745263624544304e-01 -1.532076598643712095e-01 7.983116516135403684e-03
1.022696845867872240e+00 2.510567507008688026e-01 -5.830390430935755708e-02 2.286153116777245396e-03
2.816115260960332378e-01 8.005379787199132791e-01 -1.600870028142889478e-01 7.634891309941186852e-03
1.110256126808403021e+00 1.216545880371130012e-01 -3.909198423067161698e-02 1.727375955917929843e-03
8.070131852986051069e-01 4.148171754899839248e-01 -9.071871635154273028e-02 4.309493949347367389e-03
3.662120581014780551e-01 8.039638528969214049e-01 -1.675972869074832394e-01 8.110128604034899658e-03
9.649174888018520191e-01 1.343738401358146317e-01 -2.723671082828032011e-02 1.613634304002652771e-03
1.441479515440661219e+00 -1.846675637058887709e-01 2.289068893926235471e-02 -1.543753154454755548e-03
5.552798753248227026e-01 6.697110958216744292e-01 -1.639833997039811531e-01 9.364876603741772998e-03
1.139021568563340692e+00 1.000728143435785644e-01 -2.808607223742675893e-02 1.125460038113310253e-03
8.702102698389179158e-01 5.751467343914398178e-01 -1.564676887720682641e-01 8.846771360129492001e-03
1.060933585121251577e+00 1.613212609463049174e-01 -2.108109157835894032e-02 -5.859338317388865475e-05
1.351582421070280260e+00 5.661940905776289418e-02 -3.448356886981708558e-02 2.153477762941613527e-03
7.286578634443844349e-01 7.133949803038109883e-01 -1.940849942060897670e-01 1.142286036477060084e-02
1.035262313331230866e+00 1.275818648594241600e-01 -1.458765875780981651e-02 -3.056554828432546367e-04
6.788960467581461877e-01 7.183348173633183897e-01 -1.983702350222809607e-01 1.175864221047996476e-02
9.181422161224652712e-01 2.309727588631242667e-01 -3.696536613958988776e-02 1.071410968801008237e-03
8.421361253165360328e-01 2.147136343847731998e-01 -3.993738266827450561e-02 1.173930473319719035e-03
1.047130372523778385e+00 3.280323420699339798e-01 -9.230496467145041239e-02 5.177453202900281042e-03
8.513881057909292727e-01 2.553564014650712699e-01 -6.168416315830136526e-02 3.253105351043335085e-03
9.868970881410749074e-01 4.683177899752548057e-01 -1.475058293243601548e-01 9.027458813222441134e-03
2.010643926943779247e-01 8.350599215479507231e-01 -1.657771944686120269e-01 8.645197769332450474e-03
1.163521916907285236e+00 3.173258790281517361e-01 -9.011103165172883178e-02 4.502248470564361275e-03
1.048612574200942893e+00 2.987666268533956671e-01 -9.428899979416305310e-02 5.255673463339407409e-03
1.483755125411166720e+00 -5.471918669479484965e-02 -3.382300960953139521e-03 -2.619713132943443548e-04
4.262001682453296914e-01 6.224305800304348324e-01 -1.133671835817274820e-01 5.269416546744039656e-03
5.704383417148284341e-01 7.049314595683882079e-01 -1.689112232563622085e-01 9.119152134069302695e-03
6.412137117855030155e-01 7.428868801088572837e-01 -1.997132364176822938e-01 1.153411441690481085e-02
1.331536529661252910e+00 9.803751155079089286e-02 -5.727242351715243485e-02 4.063840689062718330e-03
1.330325478026541441e+00 2.592968756105508144e-01 -1.124586401221416426e-01 6.995692142562892450e-03
1.303071797580418023e+00 2.532555771916391585e-01 -1.096799506116384743e-01 6.803328678968737983e-03
5.360628355428050940e-01 5.334798049653228791e-01 -1.052554424442768005e-01 5.271181583123099937e-03
1.069462060294435135e+00 2.023162346457723915e-01 -7.542702788676299008e-02 4.649497436438383528e-03
9.494745287559583913e-01 4.492081957993262487e-01 -1.084690040847999665e-01 5.600593747153635900e-03
1.195336181175248313e+00 1.650875527165600043e-01 -7.402574169751949262e-02 4.827275060150391407e-03
7.590521311953715156e-01 5.400608085807935277e-01 -1.414496054169624428e-01 8.337367426621954819e-03
6.751855670048070301e-01 5.526535418312917836e-01 -1.408976834206301931e-01 8.199080000098512427e-03
7.145900379637903921e-01 5.419415951671174847e-01 -1.382306647288969736e-01 7.880816265284225700e-03
7.263697506148647509e-01 5.997519159000733735e-01 -1.387214559015179094e-01 7.453708960255099256e-03
1.309003581789445869e+00 1.164803866295296142e-01 -2.219606142780895103e-02 9.130980420775901014e-05
9.361192313610690041e-01 3.731825432769786399e-01 -1.085658375027060002e-01 6.469805750396301867e-03
1.237661205441080270e+00 -6.209942527491961461e-02 1.010692580333318047e-02 -4.736617632639428840e-04
1.240905829096210278e+00 -6.209942527491961461e-02 7.862842282666147528e-03 -4.736617632639428840e-04
1.410127141568786824e+00 9.115828628220865038e-02 -7.841820003518859550e-02 5.630296589751440303e-03
1.104026704790250335e+00 3.236965444887341392e-01 -1.110750299769225208e-01 7.108557565745657510e-03
1.133085302481773304e+00 2.668516051610802520e-01 -9.575443102873500145e-02 5.658955965472605744e-03
7.860142764551828476e-01 1.687731026113213073e-01 -1.005128604317108779e-02 -9.401409857156783597e-04
1.074307774223379308e+00 3.654690666320639103e-01 -1.137211766295527643e-01 6.537305053133359890e-03
1.113760970691631158e+00 2.058673379021478123e-01 -4.026238370567698094e-02 1.091323823274853401e-03
9.979693127746668280e-01 3.949525760241768269e-01 -1.152319954789931405e-01 6.120234094915229760e-03
8.573854120864146111e-01 5.052740633815089311e-01 -1.353539234207885023e-01 7.761180440393460750e-03
3.028849813312107786e-01 6.904743051958036615e-01 -1.281767929491042790e-01 6.251494552795921686e-03
5.876647986540967095e-01 5.905095072360230235e-01 -1.131663800013750776e-01 5.064439635200827274e-03
6.335321413036624216e-01 5.901174703885496697e-01 -1.223305469029708770e-01 6.500409719397266112e-03
1.192761334992959554e+00 9.932368993463192020e-02 -3.304437043557438558e-02 1.961688489164630737e-03
1.267686202108568860e+00 2.476381183757120352e-01 -1.160969598136923353e-01 7.892358508951599974e-03
8.103044163895050112e-01 4.140090936787336751e-01 -1.089594791050837452e-01 6.388572811755092312e-03
4.461291157832452114e-01 7.383740024812185387e-01 -1.699411953570851563e-01 8.833157242971033385e-03
1.123677873660438697e+00 1.649896831331696123e-01 -3.919669387545617750e-02 1.776730289346649958e-03
6.391191289277697862e-01 6.905644774297220456e-01 -1.719065341046529527e-01 9.680408508604560966e-03
6.255292960143556957e-01 5.765946576167926274e-01 -1.361883400582545867e-01 7.155839672340976940e-03
6.608282954417741273e-01 5.645828349737302965e-01 -1.416318047085370901e-01 7.454154758862205007e-03
7.260771293192974651e-01 4.706065001663334302e-01 -9.447381260211037968e-02 4.480840339369436889e-03
6.208632301560617073e-01 6.145092246771169942e-01 -1.438736378855211828e-01 7.600304716952049379e-03
3.617043917843907330e-01 6.776764840755888919e-01 -1.287204798125691496e-01 6.430324420515984296e-03
8.367211262277106654e-01 4.377797437920747381e-01 -8.296187862990864192e-02 3.484829336082023808e-03
1.068256573007603683e+00 3.107736046177066447e-01 -8.431095730870462324e-02 4.821591799966461200e-03
8.230935218874118053e-01 4.160503125666903390e-01 -8.812810688657923830e-02 4.560029111347489554e-03
7.217539886223087731e-01 6.437180773394929334e-01 -1.526283833967812531e-01 7.882186761698483160e-03
8.435227193627866660e-01 4.361345150969349604e-01 -8.590781820612843067e-02 3.655186745884064954e-03
4.655837183852767902e-01 7.620768431947758659e-01 -1.798280435180505954e-01 1.005540662546142855e-02
5.518178499571173568e-01 3.994562163335775851e-01 -7.041694978677741357e-02 3.045017621629501469e-03
7.292383754915710004e-01 4.836970127952999743e-01 -9.334231706482015722e-02 4.219863295595436062e-03
8.836315280590436583e-01 2.478716289209734469e-01 -5.077268818330152311e-02 2.588671061973219813e-03
1.349769810082165566e+00 2.170722961074010304e-01 -1.020189019474052744e-01 6.636058081351820480e-03
6.402172363820525236e-01 5.979327707937129865e-01 -1.430473563282406713e-01 7.493994537257089861e-03
1.262606716970902099e+00 1.079449903138209599e-01 -5.973134444563341083e-02 3.588880920502446857e-03
9.462473317176688381e-01 2.036980551499971981e-01 -3.862430708472436303e-02 1.473509586183042877e-03
8.305922041853638360e-01 3.613105140725885733e-01 -8.530537776885686874e-02 4.022380680445972884e-03
6.439674457687409870e-01 5.744782197646741695e-01 -1.114633872096655598e-01 4.827155580334428590e-03
5.462071527742272670e-01 6.179485331868648235e-01 -1.225927325780604427e-01 5.759736040872999972e-03
9.935994479907848120e-01 1.571062445702831878e-01 -2.219256695050006445e-02 3.412438227594458313e-04
5.890593535938328795e-01 4.266254821880176018e-01 -8.411739339554807904e-02 4.398888972919819465e-03
6.372128328774641082e-01 4.293849111630788085e-01 -8.966971544654335491e-02 4.736273465326807514e-03
6.899815323665681177e-01 5.761824449792491976e-01 -1.432009737613360034e-01 7.416444649789136027e-03
6.000821854897490093e-01 4.249212536984541821e-01 -8.437213037346309730e-02 4.276498972479147662e-03
8.079159948152654369e-01 4.849297199677825021e-01 -1.113064198847713154e-01 6.043230606486792340e-03
3.973520971254697609e-01 8.157587592919119945e-01 -1.857290511378431874e-01 9.867885423355022764e-03
1.477696321064061458e+00 -1.154486107385740840e-01 7.959969880346045093e-03 -8.250306484831291002e-04
1.378268808068875417e+00 1.604739355153834632e-02 -2.049334950376198103e-02 8.577398380939441199e-04
1.212459508351137583e+00 1.378364064294195224e-01 -5.058044390106856969e-02 2.339688880348206584e-03
1.157675859865843204e+00 2.368997172439277488e-01 -7.054659408829791478e-02 3.485194611530978252e-03
4.355839515559329356e-01 6.166308514294843723e-01 -1.252680204387969509e-01 5.655144310160531776e-03
8.401282557671693185e-01 4.302406415002775208e-01 -1.018302722162094942e-01 5.031734374870066792e-03
1.265055077569025244e+00 5.073943205772569326e-02 -2.793042201591517185e-02 1.195972691900224405e-03
1.051171715254693995e+00 -5.574392156456796366e-03 -1.579494463938568849e-04 -4.135769954115183205e-04
1.220566874203695695e+00 -1.182634621440467187e-01 2.728174245008378046e-02 -2.115390744680428411e-03
1.190132486172438497e+00 7.743552993579870536e-02 -3.419224993188530598e-02 1.772465826483607442e-03
1.180996569015575259e+00 2.574119908386110489e-01 -6.330062495997224037e-02 2.828630748680342928e-03
5.647229705347549533e-01 5.651255530267141891e-01 -1.075373429265322062e-01 4.803083085894024190e-03
7.238126017938333323e-01 3.546163363459489681e-01 -6.037911827958481609e-02 2.313986507117468325e-03
5.130991853272584002e-01 7.924595929286729623e-01 -1.871377104575406014e-01 1.006608956971529953e-02
3.288930248861819394e-01 6.432163758113613738e-01 -1.109899142551862838e-01 4.679920623300727611e-03
6.942866199828807705e-01 3.884991474256548893e-01 -6.541040600569926478e-02 2.699456891060891556e-03
9.822979913540825780e-01 2.662462602088220276e-01 -5.605642865180830714e-02 2.268790081592902269e-03
1.412087183537612090e+00 8.944738304468687062e-02 -6.031454600480632561e-02 3.759203580536911969e-03
1.380648754510710452e+00 1.225515161071811659e-01 -4.305693552878547131e-02 2.087270171085262721e-03
8.198055599345838163e-01 5.870307166496769868e-01 -1.624714290393413918e-01 9.540188294832914820e-03
7.819088808053249462e-01 5.994584909452029819e-01 -1.653387418493183214e-01 9.753247739867920013e-03
3.816044768496497652e-01 6.938644871978124629e-01 -1.347121577424561512e-01 6.566524094754792353e-03
2.080016845493282418e-01 8.301878831570832507e-01 -1.662429157918728362e-01 8.107497548232919099e-03
3.115428749695144939e-01 8.181152251767219719e-01 -1.746026341334651066e-01 8.855652811306962899e-03
1.437838509955765121e+00 7.999422085174859309e-02 -3.527572088838873410e-02 2.261929588160939853e-03
9.231383731994302622e-01 2.885469632099605386e-01 -7.657035221017942372e-02 4.387907191601988534e-03
2.832029200809464964e-01 8.845736721797100577e-01 -1.896919855346774486e-01 9.961658961442670240e-03
8.004896479447525248e-01 2.431050609754867586e-01 -4.241677624535016705e-02 1.266586812230862096e-03
5.184796174781574063e-01 8.114170060925385286e-01 -2.108569371249351676e-01 1.202452035069350757e-02
8.712243547749215500e-01 3.898488369289797029e-01 -1.017779911732973191e-01 5.047381106522382151e-03
5.295716188938901503e-01 8.268481992693558214e-01 -2.130256068906780098e-01 1.232537463942466084e-02
5.942198548447575890e-01 6.629271803186667089e-01 -1.556434724068624376e-01 8.171763502310091382e-03
7.125181272522758125e-01 5.929109604661054744e-01 -1.344881738641552915e-01 6.900291972540697517e-03
7.327253558453638016e-01 5.879702864460565337e-01 -1.370248999754189734e-01 7.012701608478762692e-03
6.277107293390979947e-01 5.065910519730388861e-01 -9.269617949698233383e-02 3.935885248422284557e-03
2.078561505190585079e-01 9.861874000998565037e-01 -2.219281614832316341e-01 1.212379875556074404e-02
5.641625572294977076e-01 7.580467216635550232e-01 -1.785326162606353517e-01 9.215948220813426420e-03
1.382144067642810281e+00 -3.751599510896137801e-02 -1.817705810874535241e-03 -2.184623004798240701e-05
1.382144067642810281e+00 -3.751599510896137801e-02 -2.267806138055528196e-03 2.844873791696262951e-04
9.559934593593116814e-01 2.812573097783510057e-01 -7.613864031117836828e-02 4.259834716753552013e-03
3.598476775624519508e-01 9.014229216097139341e-01 -2.144860065828922135e-01 1.190640384714421532e-02
6.476074072026931638e-01 3.283228418926928960e-01 -5.667808683087320609e-02 2.593195607424274903e-03
7.493911069181146134e-01 4.787543425418906429e-01 -9.390220981283890767e-02 3.988144347599088292e-03
1.046663896725102738e+00 1.239030216655148953e-01 -3.260812359520645631e-02 1.217881003259341233e-03
1.116758669233785639e+00 1.734686221077669510e-01 -4.248438914930622451e-02 2.254112794906203750e-03
4.999370683995161824e-01 6.311322321022495574e-01 -1.342831446048060318e-01 6.434254553539460290e-03
4.282336079786531746e-01 8.813623758604030023e-01 -2.151780239422015906e-01 1.193459261682906780e-02
1.472239690096053932e+00 -1.576329713926420129e-01 2.113629343495401769e-02 -1.522111209488582334e-03
6.149773993348568446e-01 2.547752113089771786e-01 -3.111594463854873427e-02 2.377632876466542376e-04
6.861156421903211733e-01 4.711251954390341390e-01 -1.165329554102778054e-01 6.292363063838839199e-03
1.027690982906376282e+00 2.530437898297746568e-01 -7.164377474561250958e-02 3.477127753926450779e-03
7.197210872321173625e-01 2.479174890583916435e-01 -3.302215581406289791e-02 9.063980231598812304e-04
7.718390434181030546e-01 2.005486948656295954e-01 -3.044954801624795079e-02 6.949380723264698793e-04
8.300347144287497647e-01 2.820373378897518268e-01 -5.650983220916135780e-02 2.143785384893735855e-03
1.469717280793208847e+00 -2.221336789992303939e-01 2.484157411946575841e-02 -8.016875376427273596e-04
3.298224077814728705e-01 6.452621716332818114e-01 -1.105786402230871240e-01 4.646643068756195830e-03
1.360905887029081107e+00 -1.218612860467363640e-01 2.809687651441996822e-02 -2.190056017000320977e-03
4.222103387950569831e-01 6.422531037926654252e-01 -1.116644554214283741e-01 4.503759316250308467e-03
7.063433751394455618e-01 6.890076955573170014e-01 -1.901489198448683970e-01 1.108817510574904019e-02
6.600985069429011753e-01 5.542317920178824187e-01 -1.372671220363355093e-01 7.453174465693296336e-03
5.994577236857276947e-01 5.864963580738810078e-01 -1.436710913741790219e-01 7.990330160750841806e-03
5.894475101540096462e-01 3.782948043702726304e-01 -5.565959050338285807e-02 1.735016344210513640e-03
3.347126269509004270e-01 5.677168580993433578e-01 -8.954734767443878196e-02 3.213421008026046133e-03
1.490679834043958207e+00 -2.420611780992431294e-01 3.033039349119438788e-02 -1.067591477710318247e-03
2.286247241893024917e-01 5.808193176563821725e-01 -8.999906706431734515e-02 3.691900968509463296e-03
6.339290704464384252e-01 6.493420441389322617e-01 -1.555285953984711644e-01 8.276431872725968641e-03
5.384416867136443408e-01 5.794750177227211418e-01 -1.189694766759892414e-01 5.691842585441828604e-03
1.438345281659040742e+00 -1.154359062595675250e-01 1.847321518314153435e-02 -1.766634264692698315e-03
8.683236675378033231e-01 5.865158749777292790e-01 -1.703712600529928289e-01 1.010527003284932869e-02
7.600477056052246105e-01 5.015753866251237980e-01 -1.165230197324440137e-01 6.497675849529144579e-03
1.306355842681470314e+00 -1.772823388556342694e-01 3.197313150916546165e-02 -1.888376963472949630e-03
1.008842580914044218e+00 5.128842349432689574e-01 -1.625436286487269288e-01 9.875722665269520001e-03
1.191088099907541498e+00 3.639243815109861058e-01 -1.319275789006877087e-01 8.315985097319957345e-03
1.420601862487659961e+00 -1.593673690053959424e-01 2.067933261007092252e-02 -1.066618890513045545e-03
1.206013375980802493e+00 -1.509949267738792678e-01 3.295797640689065305e-02 -2.567435215392736923e-03
1.363723301575545666e+00 2.197435587807071711e-01 -9.951454360881896444e-02 6.183810297910116369e-03
3.479968821290017611e-01 6.147627323450934878e-01 -1.126969696100233453e-01 5.561653242550816841e-03
1.447099757803638420e+00 -1.853609094635479682e-01 2.297135003616787921e-02 -9.645061410865870318e-04
9.383955480679454508e-01 4.917487659807925349e-01 -1.443616169649173664e-01 8.680523857548796615e-03
8.554620399923350549e-01 4.091106809751465789e-01 -1.064310621770483967e-01 6.043060367152710416e-03
9.344029135054575663e-01 3.611413757264245739e-01 -9.391499448908108283e-02 5.247670710021020563e-03
1.023659769568193489e+00 3.047714971062494560e-01 -7.730343064933839492e-02 3.790099455882831817e-03
1.195571775428283967e+00 1.497179554068072405e-01 -4.547158398804624496e-02 2.065152128648497457e-03
3.976877146656324080e-01 6.195953750563417683e-01 -1.027917043251218854e-01 4.076622290107146003e-03
1.260139087187581053e+00 1.041059882401056541e-01 -3.432719660590240890e-02 1.182007070728348201e-03
1.155596980789181938e+00 1.071735709649976054e-01 -2.917863394600944335e-02 1.158090524066747971e-03
1.446423883730845628e+00 -5.079297372985375203e-02 -2.699610981249392014e-02 1.619784891425550761e-03
1.446423883730845628e+00 -3.615557154915715471e-02 -2.863504837874356751e-02 1.972964585871942768e-03
1.398952995731537863e+00 -2.197417057878544300e-01 3.549872576269817726e-02 -1.980459761439628749e-03
1.404292865564652049e+00 -1.532971697881008732e-01 1.573039653196191962e-02 -5.609190010394263584e-04
1.449226675790733498e+00 -2.297002248435383864e-01 3.481444523231252974e-02 -1.350105527794985549e-03
8.827238881095975653e-01 4.570958735610716750e-01 -1.357417887423952307e-01 8.056796384862483645e-03
1.010146371477882221e+00 3.399131343255272220e-01 -8.567075504422005938e-02 4.556905427293876480e-03
5.823808914169801287e-01 6.112452413350862868e-01 -1.343905452884202600e-01 6.958599223454266583e-03
6.159437106085792202e-01 3.972755664390655306e-01 -7.844569678755043685e-02 3.928377016218395808e-03
7.901285942949574093e-01 2.885760721751898794e-01 -5.532695280451552233e-02 1.985440210118699558e-03
2.078642137920982402e-01 9.377303329395196840e-01 -2.072580958093444004e-01 1.063254303620416417e-02
2.772672495952181460e-01 8.361418128520661242e-01 -1.781222614384251890e-01 9.256127101408126098e-03
4.883718893353921064e-01 5.946666799020866589e-01 -1.289486279008432712e-01 6.648646436997221638e-03
1.481531707592902425e+00 -2.785550685342692012e-01 4.426007301847825759e-02 -2.474229895905800166e-03
6.792556075894343737e-01 5.345906573690981656e-01 -1.272171359004831415e-01 7.122275020671755934e-03
1.302379429693413915e+00 2.097425185065110442e-01 -7.755845762022120504e-02 4.387238620400211141e-03
6.469012160136521361e-01 3.448282866746771869e-01 -5.705347300577864184e-02 1.942749212919296468e-03
8.452874170011053234e-01 5.012779482259427377e-01 -1.249314858501532344e-01 6.418754818345180288e-03
4.738625837983335143e-01 5.994640695116673079e-01 -1.250850081135047032e-01 6.668054830793080680e-03
8.726780747975689811e-01 4.846474244071051762e-01 -1.278564737764002479e-01 6.842897631028080178e-03
6.907230932120319578e-01 3.879156423224119909e-01 -6.281549981667090832e-02 2.404135908731475438e-03
1.400410668712907425e+00 -2.527373588316518260e-01 4.597114973844513425e-02 -2.490897307084221496e-03
6.046876616380933989e-01 3.765636683226830650e-01 -5.679067307758459832e-02 2.018275073793467794e-03
4.415570609499917532e-01 5.431898561993229180e-01 -9.440041673763388541e-02 3.938171014314697724e-03
7.445271738887005997e-01 5.092742271427462830e-01 -1.249043925638506358e-01 7.041947703274162654e-03
6.285906564353173076e-01 5.903564752001795313e-01 -1.180922698409906935e-01 5.122715813092463925e-03
9.012816365889128045e-01 1.178040576113351251e-01 -2.347205220533740005e-02 7.924857038486553566e-04
8.438821017528219670e-01 2.775749390852554899e-01 -6.108933738370751071e-02 3.073802685975705537e-03
5.407648881903809324e-01 4.304246747963373365e-01 -5.912028610408377738e-02 1.535449906890209559e-03
1.418574655754325953e+00 -2.358331487000280002e-01 4.372213219259853817e-02 -2.977316405942756657e-03
7.262137027570491066e-01 3.236009159413514302e-01 -5.429844590347136096e-02 2.275809556303125692e-03
7.386155689283349091e-01 3.236009159413514302e-01 -5.666837328796239803e-02 2.066630952029466402e-03
5.881344446218649269e-01 3.576985451727095477e-01 -5.431720888586415857e-02 1.889365259105016794e-03
1.321236448464637947e+00 5.746728522949086371e-02 -3.101430721300713761e-02 1.191171261005856234e-03
6.016861222962378575e-01 3.123870982873592217e-01 -4.439974291097356640e-02 1.565433883591854820e-03
8.152212445634486881e-01 4.203328794729875306e-01 -7.725676699441899609e-02 3.259468292493362170e-03
7.092788211214116068e-01 5.665594750182777473e-01 -1.363016684954528324e-01 7.322205411717174275e-03
1.068805736680685126e+00 1.343689161151579714e-01 -2.963266056824935546e-02 1.031316850840364313e-03
5.819039689017355688e-01 4.888464383360591192e-01 -8.125763161014833147e-02 3.262919684899157329e-03
1.229918192442067681e+00 2.500265402835568640e-01 -1.090748147431658821e-01 6.750864249715305375e-03
1.471909523518184049e+00 -2.609222413050037437e-01 3.588476302473479762e-02 -1.201785429327954834e-03
1.493784877993183269e+00 -2.609222413050037437e-01 3.588476302473479762e-02 -1.372884630570158802e-03
7.942958587579814766e-01 3.271191172939545422e-01 -7.170144444059650679e-02 3.498020056238400344e-03
1.382207250809817545e+00 -1.301314821862916138e-01 1.946354904970560434e-02 -1.317844626880837044e-03
2.604499346588750042e-01 8.553774039318081668e-01 -1.839258440597918431e-01 9.613381364020066530e-03
1.265638657394543509e+00 2.014666638435971546e-01 -6.708128036840768638e-02 3.769321818162520762e-03
2.733964702698342131e-01 8.223540488929569348e-01 -1.699473694007701541e-01 8.795515898278977521e-03
1.367846370733917682e+00 6.725817182756176071e-02 -6.456709753347457392e-02 4.672174486360505981e-03
1.060118791322073095e+00 3.058812266855178708e-01 -9.574293117989635116e-02 5.332046722770788540e-03
1.398896285978330267e+00 4.755059793481614117e-02 -6.254796315158746289e-02 4.793672251433652234e-03
8.341657576548509034e-01 4.941985987999325536e-01 -1.261005473645299135e-01 6.786504348665992406e-03
1.439603097033979262e+00 6.550407114656296714e-02 -7.074076137245063900e-02 5.326157797000956318e-03
8.241899460074657568e-01 4.789728605909072123e-01 -1.253835768389464644e-01 7.260837384642326690e-03
4.789449427246138535e-01 6.930002773349432932e-01 -1.475809235152503729e-01 7.343736556984111624e-03
1.246352054219842076e+00 1.099277488427100463e-01 -5.813156134583687823e-02 3.942545135952697441e-03
1.354091060979744743e+00 1.599768815084348372e-01 -8.910270430491837312e-02 5.739641483905422864e-03
2.183505395426952878e-01 7.443499574024513565e-01 -1.516576713897325457e-01 7.976202243816786150e-03
1.443271090736087947e+00 1.351016691293931704e-01 -8.834446636624046501e-02 5.991346841054096851e-03
1.261023679704154299e+00 1.842285350639790709e-01 -5.735933109644480304e-02 2.930145726452792771e-03
1.466481620607813507e+00 -2.159314229051718104e-01 2.982650939887221755e-02 -1.001747167663842326e-03
1.189189561131253958e+00 6.662747453635461947e-02 -2.957733098147280124e-02 1.175964762642009919e-03
2.363250209020092696e-01 8.126057566707021174e-01 -1.623820440673665044e-01 7.773457486371353892e-03
2.013389970292526476e-01 8.136117579890466134e-01 -1.610043042159818305e-01 7.866370501008097121e-03
1.204230541037767166e+00 8.017265145974342144e-02 -3.823812138472035965e-02 2.091921093709279977e-03
8.512566426009686715e-01 5.201986003584527785e-01 -1.207093053759207557e-01 5.875348385181256537e-03
1.408372471461005304e+00 1.676244974675868138e-01 -1.024798247116861238e-01 6.939118568406657875e-03
6.114254500262791270e-01 4.136483928286784906e-01 -7.678852045457869313e-02 3.515973321192422413e-03
1.325861898011551077e+00 -2.330356726331359873e-01 4.422680714164460569e-02 -2.232045518335041764e-03
1.281556149054074778e+00 2.789224393078720277e-01 -1.193312130692985862e-01 7.478196305095848213e-03
1.294641682941521932e+00 1.262614351163609400e-02 -1.316640656785984798e-02 1.027206351838161813e-03
2.802574220920027170e-01 7.367199613234030053e-01 -1.361576742298265807e-01 6.053914453519645099e-03
1.422168583740105463e+00 -6.790482987009496818e-02 -2.093464117354717352e-02 1.507001274538725955e-03
1.147244114388631164e+00 -5.417844143342623320e-02 1.202430126257893195e-02 -1.264049270331548324e-03
7.992765975706525028e-01 4.400396881906903923e-01 -9.289124444927884805e-02 4.285058311789711680e-03
1.144106454274605111e+00 1.315698931026571539e-01 -4.977191522539570201e-02 3.162433305549596993e-03
7.439246586429661967e-01 3.159421045498368996e-01 -5.834289764903265868e-02 2.440732830749252086e-03
1.199502932666636434e+00 5.452689879221323671e-02 -6.085272830817019425e-03 -7.467013127142909908e-04
1.080107120692874734e+00 1.185313013723036935e-01 -1.629021251950079491e-02 -2.420876456207866109e-04
1.038302285848597517e+00 1.804621268481790275e-01 -3.682324197470839694e-02 1.067477743996422899e-03
9.303908862677005009e-01 2.035724572501213248e-01 -4.633299817548771488e-02 2.261142916725806216e-03
4.121932795943172856e-01 6.475991563599146073e-01 -1.196439026200507155e-01 5.772978090257865208e-03
9.508671769907347526e-01 2.340234905823101730e-01 -6.080472909631836481e-02 2.990860493678796327e-03
1.214554782787993226e+00 -1.144547215054571576e-01 3.398797858071208461e-02 -2.896116787711637466e-03
7.657196478875204493e-01 4.959839020625414485e-01 -1.136847291989316056e-01 5.368318327362875918e-03
1.090510179291942272e+00 8.488033074193264416e-02 -2.229086677473234371e-02 7.748380932780452512e-04
3.241275554243976398e-01 7.390133157468166125e-01 -1.431396731195837546e-01 7.330087389628888069e-03
8.035663534184681600e-01 4.961801260553320159e-01 -1.202238174737815662e-01 6.098600170501193053e-03
8.501454120334072107e-01 3.344551995130428113e-01 -7.809567732572847421e-02 3.773170279793341009e-03
8.291900993966377920e-01 4.946397462011143387e-01 -1.070671380439692372e-01 5.339129239547004378e-03
8.527937703405238379e-01 2.836699208537346029e-01 -6.102734903212247292e-02 2.514897156081807080e-03
7.699604121373454513e-01 5.188815894821235952e-01 -1.204603776676980847e-01 5.735589672034264314e-03
3.579377390051672880e-01 7.639515673881304147e-01 -1.629695279799811825e-01 8.243457568228933566e-03
8.435221515881257126e-01 4.035974510054136100e-01 -8.193507263433791321e-02 3.878951887478576145e-03
1.367478744043904904e+00 -1.496534056829452730e-01 2.377597745424784095e-02 -1.470671182444463184e-03
7.229521272642286389e-01 2.799594758748056855e-01 -4.577099768135922675e-02 1.482113115792585553e-03
1.321547763796742769e+00 -1.307018791863632790e-01 1.977489312578611588e-02 -1.596074262562694303e-03
5.471493876857750349e-01 5.250738229238244292e-01 -1.051394926122560664e-01 5.348267478704338621e-03
6.226651671461679305e-01 5.543157567921856987e-01 -1.222048923109526203e-01 6.189526435397051628e-03
7.873744355573977227e-01 2.270255064923547283e-01 -3.911933953631627214e-02 1.688936953726481510e-03
8.533184873360785128e-01 2.568088568013088269e-01 -4.523018407707204980e-02 1.558113869061530498e-03
1.288988804376796748e+00 4.654620926780502974e-03 -1.155420225917452685e-02 4.834404060244761048e-04
1.090097064773170255e+00 2.042978060172916388e-01 -3.586196694679678193e-02 8.504888985996382142e-04
1.170287338978412306e+00 3.231118668134491112e-01 -1.277281384571709588e-01 8.111596765938441575e-03
5.994627877685160255e-01 6.928778310584136069e-01 -1.643981147099981277e-01 9.057476479704368311e-03
1.183391641204059930e+00 2.359292547810306340e-01 -4.997796292822169473e-02 2.020314104066214464e-03
9.373138083867981196e-01 1.030029147887266822e-01 -1.122795839418662921e-02 -3.238387963702212447e-04
1.059727472142359517e+00 -6.208105780257199002e-02 2.469252155879249344e-02 -2.032186360388509461e-03
9.586245952665737313e-01 2.984622521749621393e-01 -6.350421210099074787e-02 3.267270257810487005e-03
4.047714713110266427e-01 7.223104626955049179e-01 -1.572084130762247123e-01 7.659930338349607570e-03
9.077564153344013231e-01 3.098803606235546737e-01 -6.478421614067157719e-02 3.261572362181055888e-03
1.181642524924907400e+00 1.073103161869036343e-01 -2.190202435989605650e-02 7.817820125773230436e-04
4.815991751240648600e-01 6.090986136430744935e-01 -1.241395184409888469e-01 5.777864450558511250e-03
7.163664673817446982e-01 3.914177180896550312e-01 -7.189434222663197704e-02 2.965105502368633669e-03
1.182826071889964359e+00 -9.990867883311545239e-02 3.122168259073109658e-02 -2.589590757498924818e-03
6.528364510706639035e-01 4.796576222919783916e-01 -9.266783042410070559e-02 3.852619685376796818e-03
1.380004719907887978e+00 -1.339388216729544279e-01 1.123967557357737242e-02 -1.257184843185412228e-04
9.718515942705154842e-01 1.735981603278196894e-01 -2.565346880407290420e-02 4.199983431119601622e-04
6.711849622020695794e-01 5.109876650203958315e-01 -9.653988868691897041e-02 4.725245044994947317e-03
1.186003033409640750e+00 -9.921735293357120122e-02 2.644019897845956493e-02 -2.179520891576095833e-03
1.155357041774083493e+00 -7.232910082412630226e-02 2.228487908154237057e-02 -1.953720589069291545e-03
1.283778616943328732e+00 1.971264870710841277e-01 -8.711445780423410223e-02 5.629983779726016255e-03
1.464220508712873681e+00 -2.410985919424776802e-01 4.571260281047254126e-02 -2.729587948125392766e-03
1.486554727935486708e+00 -2.596315119101796909e-01 4.924587815413711267e-02 -2.945662563986922201e-03
9.616595022204577070e-01 3.252403357723525068e-01 -7.257661517097718784e-02 3.344402962574978717e-03
1.310495120468971209e+00 -1.062039606427695182e-01 1.849959645204379832e-02 -1.160180560128292078e-03
9.023201288306046397e-01 1.214692130707053647e-01 -1.464138493928004818e-02 2.138251924171372706e-04
9.781094977449975580e-01 1.039009928688407608e-01 -1.699769002553470215e-02 2.273133969373975733e-05
1.386051608860913165e+00 -1.338204461294552616e-01 2.984051195188381495e-02 -2.413445230049194277e-03
7.710754389521053964e-01 3.738541642627137840e-01 -7.670961408736651221e-02 3.777974686470922557e-03
2.739934749096185063e-01 5.587538084326939547e-01 -8.656466891991358714e-02 3.541882849463289743e-03
7.170463941794686935e-01 2.962744699659006775e-01 -5.609145828414236618e-02 2.548743504982566195e-03
6.408062599714443586e-01 4.188588983891531892e-01 -7.490955282859865227e-02 3.652522858198361394e-03
1.091842081934053077e+00 2.029484734803436718e-01 -7.312355911569254352e-02 4.335313111419895372e-03
1.079912798917183059e+00 2.257910453638199699e-01 -7.930944693171342041e-02 4.971438762847273096e-03
1.250315585252518069e+00 -6.166126954309649605e-03 -8.042206149326535172e-03 6.584941505257518304e-04
1.101160333942495129e+00 8.549907423606649404e-02 -2.020615449995850910e-02 4.512883285232679358e-04
8.506105332500130123e-01 3.711646153984827778e-01 -7.373955351329875008e-02 3.049496774437924444e-03
4.769706992160313574e-01 3.507694679954244665e-01 -4.776743489263367282e-02 1.742788958268164361e-03
1.175038494859181881e+00 8.842252835109003228e-02 -3.152382374957690692e-02 1.534195010849328297e-03
8.866185486094374513e-01 4.379875428125323822e-01 -1.196535498109594642e-01 6.923809595731414239e-03
9.728989918287456184e-01 1.424139922863282837e-01 -3.122708652232938920e-02 1.746978399036433179e-03
5.853227670938483396e-01 2.732882274803734579e-01 -4.485739708506322060e-02 2.307885585691082844e-03
3.942935457619816675e-01 5.212811952524476489e-01 -9.214438371418866291e-02 3.831560923654195143e-03
6.595934542681207713e-01 3.451927703860568353e-01 -5.389564847650046148e-02 1.844462400864536064e-03
1.337552272747189575e+00 4.760973206552491371e-02 -3.054048262023294560e-02 2.014455118954239753e-03
5.306631257904834698e-01 4.063776701902832023e-01 -7.344566070264088586e-02 2.942013550690561127e-03
9.718804772714518814e-01 3.572885568480757001e-01 -7.327603703857712980e-02 3.178832324623652970e-03
1.029074703353135556e+00 1.095528175770063006e-01 -2.204579505533147896e-02 4.568247124503247987e-04
8.336586030421816451e-01 4.175788959414740154e-01 -8.060051197078227370e-02 3.846978903441559874e-03
7.474720727066368475e-01 4.728503525632254956e-01 -1.232919537230803553e-01 7.235998998633688326e-03
1.218391267035563663e+00 1.751444661801234703e-01 -4.284530306572028463e-02 1.654469035408480393e-03
6.497583348426204664e-01 5.591451154159773340e-01 -1.276286842687889556e-01 6.381189885689708859e-03
8.436315585550893115e-01 3.818303982767736748e-01 -8.997429083473350298e-02 4.808593459221637174e-03
7.690284139920953166e-01 2.679557855743868178e-01 -3.410996808488028081e-02 4.183089174909335899e-04
1.265133764733757493e+00 -1.253732009420317206e-01 3.009403904448278849e-02 -2.344539761850785668e-03
7.469743586161704529e-01 2.599901506445974619e-01 -2.986692597842650551e-02 1.009614055391529837e-04
7.477396401481369859e-01 3.584880023310064168e-01 -6.506313150615609942e-02 2.283365911360731547e-03
1.101310856830774787e+00 3.492498096036700250e-01 -1.092105715729077414e-01 6.756116430670739033e-03
3.557039995379950303e-01 6.313962354819619982e-01 -1.203005697036147181e-01 5.804663131883655743e-03
4.656335516702795330e-01 6.729008672924112755e-01 -1.485269616655408298e-01 7.713773965400718725e-03
5.236920135428962952e-01 4.498621676778336576e-01 -8.630063380782704296e-02 3.898451404122427189e-03
1.440231855539294337e+00 -1.750850170014001672e-01 2.362853885411441562e-02 -1.669681708017635522e-03
3.253905802048132068e-01 7.054690162285260913e-01 -1.366832367799707959e-01 6.645618466522596433e-03
4.225847137831578171e-01 7.300844337137341045e-01 -1.514772951724698002e-01 8.002509781680194195e-03
6.261179744778856415e-01 3.293232492204378192e-01 -4.586320152165104108e-02 1.213180028165603431e-03
1.080951222235941644e+00 4.208970550007467004e-01 -1.406011287846265223e-01 8.463057186125989145e-03
9.176951337106890039e-01 1.295863630217445883e-01 -2.376102215054161707e-02 7.440064814903150307e-04
1.142759454654304729e+00 4.195251164943620825e-01 -1.437636971690828269e-01 8.647976165149923178e-03
9.134248054735361055e-01 2.658567813104610322e-01 -4.231158492325505505e-02 1.199209555372739025e-03
1.338095750664719308e+00 -2.114206175422420897e-01 4.444233114728713546e-02 -2.962604932422826208e-03
5.892308850335271631e-01 4.678892559834332276e-01 -8.992621400889028171e-02 4.485500639941404459e-03
1.437065609891181595e+00 -1.424046361703818209e-01 1.384961591002323127e-02 -4.358190887696124249e-04
1.233021229550480324e+00 -1.114548787302788863e-03 -7.263803921750250879e-03 1.430590447154046784e-04
6.091804003567666825e-01 4.392113890714324786e-01 -6.835487411522318812e-02 2.232534778067318901e-03
6.963138327740430178e-01 3.734289837577361437e-01 -6.270071104553147368e-02 1.981530489192410548e-03
6.554712536556255298e-01 4.482959440259217665e-01 -7.779117335972240976e-02 3.125121790099436199e-03
2.538853170051761365e-01 8.259579958915285181e-01 -1.679532225609421947e-01 7.950591872451541475e-03
5.192276101657614662e-01 4.418651347503813054e-01 -8.602355324728414021e-02 4.027238140270438319e-03
8.691795857586150920e-01 4.886412568737310558e-01 -1.213807583790359051e-01 6.416431809159821829e-03
1.492166153461547573e+00 -1.033121300461161546e-01 4.793642064721576924e-03 -5.933198281898352088e-04
1.246614543585093937e+00 2.974724976735168558e-01 -1.126766562255610421e-01 6.965379160969888302e-03
1.474581627950231510e+00 -7.789887316855954869e-02 -1.443513940699188425e-02 7.236581082275561107e-04
1.220973655977146688e+00 -3.913043884844490117e-02 1.443934830487134460e-02 -1.541037037800014296e-03
1.449578601664153865e+00 -1.657100777902835720e-01 1.709253218849885597e-02 -3.627173645324940107e-04
3.303348834193577388e-01 4.945614646545385407e-01 -6.578075145550388303e-02 1.653214431205230015e-03
1.219472630105630451e+00 8.983363868277637054e-02 -3.356485505153926352e-02 1.772818095637626080e-03
1.112845294860056677e+00 1.186220885612540854e-01 -3.080918330236393637e-02 1.712402491078891548e-03
1.123677981738144815e+00 1.258364519267447523e-01 -3.355950462864231570e-02 1.635704745162415256e-03
1.111262243403957406e+00 1.284357984008158704e-01 -2.656634954173704016e-02 6.989350221514157137e-04
9.225092669792521738e-01 3.872081855277697549e-01 -8.743712382836270336e-02 4.128452567022595013e-03
8.293635360132358691e-01 3.276390995115237015e-01 -7.887082101850938221e-02 3.956892552413064992e-03
3.375248915790589610e-01 5.921316295129385177e-01 -8.873896667398406546e-02 3.109638076817202411e-03
5.813968187828318923e-01 3.359469956454136375e-01 -5.251419873464653609e-02 2.178905197020633393e-03
7.440107559538766679e-01 3.045159810560899016e-01 -5.007859689065136816e-02 2.095250297754640712e-03
1.207708144084171931e+00 -5.701981745909295331e-03 1.568074486725808776e-03 -8.434188459962400431e-04
7.523765787214088396e-01 3.000875567505851826e-01 -5.774275908706681670e-02 3.027400717647384630e-03
1.402384837100543402e+00 2.627052908737963210e-02 -4.775125081287059231e-02 3.356681418149445439e-03
1.174202225297438673e+00 8.682691096619733762e-02 -2.591912293656390559e-02 1.177056268563723669e-03
1.397526904451077634e+00 3.513781383183824797e-02 -2.924145647218405128e-02 2.138532612928551509e-03
6.174679568204091140e-01 4.392136478077132145e-01 -8.903789101436067333e-02 4.362000662098905641e-03
8.118616595291853200e-01 4.262408046252195160e-01 -9.127599053096688286e-02 3.933735275465732525e-03
6.113960344216103904e-01 6.887126742315009542e-01 -1.611763562506201841e-01 8.494823751390774558e-03
3.983891875364709012e-01 4.649034391851544212e-01 -7.954889095270505084e-02 3.816280412690820772e-03
3.214357335480212408e-01 5.242861704733734474e-01 -8.799477946240112647e-02 3.832536401368749537e-03
1.140891271856815159e+00 -6.024133439506636212e-02 5.100943140592708626e-03 -1.981377710580004383e-04
1.273784830032739679e+00 1.478794566268006386e-02 -2.197006644907176925e-02 1.108028075458513837e-03
1.116468608013045483e+00 3.464947163949239767e-02 -7.203662208731753669e-03 2.712575044104910860e-04
1.357969075811114257e+00 -4.387975671805336569e-02 1.400287958974912343e-03 -9.133498690852040437e-05
2.914985776227200232e-01 5.003923241589547377e-01 -7.528618598410503904e-02 3.159725535044253641e-03
1.326061829988758767e+00 -6.584139280587616994e-02 3.502387431803953306e-03 4.522241092694960111e-05
1.048840757787119049e+00 -2.272138828946446490e-02 1.114535054305859814e-02 -9.218122810207016529e-04
2.227086740807583953e-01 7.379439673503616071e-01 -1.419753762194637670e-01 6.334363885509161629e-03
2.034413475077430089e-01 5.274811167461846972e-01 -7.035836614355821250e-02 2.299217734583627968e-03
8.223359045022030633e-01 1.317207628903910299e-01 -8.695241926243817143e-03 -5.410665589211609674e-04
6.100833871500754846e-01 7.596050463197110414e-01 -1.928337610975128513e-01 1.109801790103227652e-02
1.014466331902852625e+00 1.930676150487088683e-01 -5.863068218744798415e-02 3.422431991701228599e-03
5.484870616307121471e-01 5.529334590129547644e-01 -9.881483660741008368e-02 4.457059762323872625e-03
5.969702259032103608e-01 5.994641179250649321e-01 -1.476596669850102628e-01 8.467775006115738426e-03
9.059576610356281368e-01 4.844969550260295188e-01 -1.292261148250253566e-01 6.876227966905712995e-03
6.514411397571630014e-01 7.452877832509086087e-01 -1.917502051040082534e-01 1.106479737483588924e-02
9.537847007122675080e-01 1.999221249910133336e-01 -3.932425743992666589e-02 2.032185865076922143e-03
1.045213207730624205e+00 4.293343730833018568e-01 -1.266871561621992492e-01 6.864667479231580278e-03
6.354002247997638797e-01 4.728248389397567975e-01 -1.014950861741958782e-01 5.033909310144431444e-03
7.734731016623576094e-01 5.375457815540827244e-01 -1.377028727952879228e-01 7.311446419109616027e-03
6.799280459556273915e-01 5.524152683796793584e-01 -1.312748141783943445e-01 6.746334260967355029e-03
4.681223128272188894e-01 5.348652016809219978e-01 -9.029143431931424546e-02 3.886128314895031036e-03
6.049631033389947232e-01 5.285476493263612241e-01 -1.263916306759579333e-01 7.266540540004102350e-03
1.115363117070162335e+00 4.101878136811604181e-01 -1.255309146150737076e-01 6.855328281695255606e-03
1.168839758411994501e+00 1.779461457290008319e-01 -5.375866454839715175e-02 2.493715445714367405e-03
8.916987333372300428e-01 3.735120715248348988e-01 -7.238161923804428688e-02 3.104126154570042116e-03
7.437413362637641523e-01 5.693893280572803750e-01 -1.288902419314286452e-01 6.613087878397168502e-03
1.087235550591320710e+00 4.027875878782976038e-01 -1.293934894507899336e-01 7.747667143015596510e-03
1.214187690393515817e+00 5.435311747562418527e-02 -2.048211950215964375e-02 8.884121513330508991e-04
6.116411153796249556e-01 6.738144707454960525e-01 -1.600056394964514128e-01 8.806585825588124361e-03
2.332200704833708726e-01 6.071127863978006411e-01 -8.454459718583451355e-02 2.651721039957765074e-03
6.058850374719985110e-01 6.683331931104946610e-01 -1.593049594330376018e-01 8.906617521714179156e-03
7.421150079213838513e-01 5.318204411163837131e-01 -1.346227367524425178e-01 7.094821451657721059e-03
7.437049796402105395e-01 5.067290563082523791e-01 -1.203461768431682427e-01 6.794332596157376218e-03
9.115710220690220744e-01 4.649800080308846284e-01 -1.075613123384799030e-01 5.201438622360501744e-03
1.004773199039304732e+00 2.313851595626530422e-01 -6.139881667078424254e-02 3.404815407468323243e-03
4.677494677451923821e-01 5.972997722301379708e-01 -1.293566198973657155e-01 6.701017038637085803e-03
1.176397762053742024e+00 1.138639740388117660e-01 -2.022882444166975921e-02 3.838753149933307827e-04
1.295444353242137803e+00 7.979538974292803288e-02 -2.339656896878289372e-02 9.320082217171315369e-04
5.726709191521823783e-01 6.615843672177864621e-01 -1.422050222358708371e-01 6.904973037263361681e-03
5.195565752018435068e-01 6.984707122804357793e-01 -1.472159438127234876e-01 7.154842470846404200e-03
4.838321864460640165e-01 6.303242026715487611e-01 -1.255484102316136441e-01 6.358248531527204567e-03
1.033148902910558720e+00 3.699968658694678947e-01 -1.150837910753769594e-01 6.773519835898512281e-03
8.045568948073289484e-01 3.224846274662504508e-01 -7.601598581546627209e-02 4.408408061110139463e-03
1.072014129037594632e+00 3.730346440746601377e-01 -1.138408637833385195e-01 6.260307801537245975e-03
8.279553190315870337e-01 3.769028129600615062e-01 -7.913098213264745107e-02 3.485910517451628037e-03
1.394830424492723653e+00 -5.280320128078636738e-02 8.236861020838384673e-03 -1.143954797315521960e-03
6.300966387049083961e-01 6.219242926592388754e-01 -1.425898303386699262e-01 7.055462672030984005e-03
6.279986531197468969e-01 6.350871116752689893e-01 -1.442126160185184802e-01 7.048479261699100613e-03
9.347562042562056472e-01 2.868022050344502527e-01 -7.117596913625591493e-02 3.236701057423809012e-03
1.169141085044326456e+00 2.871242933608952885e-01 -7.362699713625059372e-02 3.355015209692749530e-03
1.106414295374623213e+00 3.258549876896547071e-01 -7.826721026539225357e-02 4.362908879198670008e-03
1.051104939580481901e+00 6.322569173182786273e-02 -6.673402137728571756e-03 -3.423279499427272533e-04
9.219511945582775647e-01 2.072039122832156077e-01 -4.841898496796075840e-02 2.619938737714134613e-03
1.216584038103020848e+00 1.202049623342929252e-01 -2.631636169977896733e-02 6.864627700557825824e-04
2.569592618585335164e-01 5.616713170052219928e-01 -8.107265998921281414e-02 2.854880283160052008e-03
1.057277933787085678e+00 -2.748157745112786432e-02 8.051392364036968202e-03 -6.352311172687394140e-04
9.624192841952807775e-01 3.428329051867077815e-01 -6.952078795551924761e-02 3.287005360509772604e-03
1.325364926311069835e+00 1.943572706427668106e-01 -9.193537296395884462e-02 6.027486800498476835e-03
1.258775329770622786e+00 1.933259836493755324e-01 -9.146843347664147805e-02 5.930230679536492924e-03
3.249456738818440882e-01 7.864119354071116286e-01 -1.703699585628803970e-01 8.793549467344997234e-03
5.907075422795420305e-01 4.600387691041535887e-01 -7.928325105592731736e-02 3.594384082606151467e-03
5.087104235052388734e-01 4.469506097040297776e-01 -8.037107226329263943e-02 3.760893263589917650e-03
3.041548935128314257e-01 6.862007358702245652e-01 -1.221435510197090013e-01 5.688169776332968261e-03
1.365946888866919506e+00 -2.314091127069948638e-03 -3.368556193319382358e-02 1.844059664529144708e-03
3.470599798922843204e-01 5.278908189607780521e-01 -8.119857991011465714e-02 3.061277816833920650e-03
5.839259624177577379e-01 5.254171604381265848e-01 -9.647540242421008549e-02 4.441309477460849559e-03
2.667044101745322804e-01 5.665852892212400738e-01 -9.999015966562908864e-02 4.858023372932921899e-03
5.429167473519388443e-01 4.847911455162192684e-01 -9.298979034641910446e-02 4.322201745241484316e-03
5.011903920990395944e-01 5.057332626233809192e-01 -9.069433844871570283e-02 3.732053602696675052e-03
1.022037093749694314e+00 4.939525555517360611e-01 -1.558315988060688384e-01 9.311474635012173193e-03
1.489264271029694608e+00 -2.375355053993951915e-01 3.427217930577074190e-02 -2.125031810026989810e-03
6.869483252790824501e-01 3.309918964327550617e-01 -5.229169752151219264e-02 1.524176600764480831e-03
7.181310315468709682e-01 6.073473678038358026e-01 -1.476401585516762816e-01 7.889322545853904439e-03
6.653724413277519734e-01 3.116619419199812557e-01 -4.258032644157385554e-02 1.111987686419582677e-03
5.915409028061331398e-01 4.285105735362403911e-01 -6.713934811885995113e-02 2.056533416072978734e-03
1.383213278953479453e+00 -1.221947427110040008e-01 2.385067725335024078e-02 -1.687110303819675493e-03
1.133119531982633044e+00 -4.092347817004991783e-02 7.668193494543822791e-03 -8.405915186138378714e-04
4.526775772053593383e-01 8.766788657090257564e-01 -2.134796447618489690e-01 1.177294278181403517e-02
1.386985016026828221e+00 -4.582302713016329909e-02 -7.230616396113660575e-03 5.980510526737485523e-05
1.247054739033980342e+00 2.266545720099006345e-01 -8.798682941374433297e-02 5.681937221118146114e-03
4.684122993037164173e-01 6.722932601684307174e-01 -1.623713220635355503e-01 9.311162563471388903e-03
1.374988702675610908e+00 -2.013724681237295255e-01 4.066918892176515921e-02 -2.414491930990381521e-03
1.379204829213592776e+00 -2.041467054411179316e-01 3.314219797705653114e-02 -1.974332859191502750e-03
2.933134025910060227e-01 6.256679597066386878e-01 -1.005598551882801034e-01 3.898157200846655030e-03
7.371522284836309336e-01 5.907121580732630495e-01 -1.525972397216742715e-01 8.468700062836133011e-03
2.533767555517552617e-01 7.581125791425966653e-01 -1.614885017827475122e-01 8.606143839553524050e-03
3.026083328812463336e-01 7.631211494573613141e-01 -1.598878313742113089e-01 7.739059571944553739e-03
1.106138358017342060e+00 -3.512968767742868925e-02 1.242567521738454674e-02 -1.302507499690794442e-03
8.405321672010969136e-01 4.507773697045915906e-01 -1.240415114721724610e-01 7.192720041937965790e-03
3.007007617770696695e-01 8.090582716791822060e-01 -1.584793952943455708e-01 7.154707925119744433e-03
8.908901955223889058e-01 5.095961409784499629e-01 -1.474801307785512661e-01 8.336065621315643173e-03
8.568680476600988305e-01 5.041557887587287956e-01 -1.436812477698731216e-01 8.281406376623586321e-03
5.036249561043686374e-01 7.524575327322803320e-01 -1.752645590142682674e-01 9.400660567993967751e-03
1.081310901592657636e+00 8.768851716211110633e-03 2.349874627687736049e-03 -9.441237374051345129e-04
1.101076470835979926e+00 -2.017293264071086736e-02 1.347639322693081542e-03 -8.160909011909406666e-04
3.158090945994404541e-01 6.556952930263084678e-01 -1.278139527012977228e-01 6.041997361842876314e-03
1.275913312635388097e+00 -1.088188911903417988e-01 3.067251292266378812e-02 -2.551016716794410420e-03
4.056341841607892795e-01 7.327818501221398106e-01 -1.532406099436417479e-01 7.870301865931784296e-03
1.228624307302998764e+00 3.468811717376769910e-02 -2.107945492472450971e-02 1.429418928848284753e-03
8.374906252679386043e-01 5.726264639497753023e-02 -6.526569889221934227e-04 -2.734985159908233680e-04
1.221221008948856879e+00 7.313759278580272971e-02 -3.110138404644796628e-02 1.483710632414314340e-03
1.239150614570771802e+00 -9.699459042991810664e-02 2.770637406958267879e-02 -2.364368213773638486e-03
9.631405140782152152e-01 1.040040291810123974e-01 -1.474099133625321814e-02 8.928581108560999433e-05
1.235648550897223030e+00 2.844925518970660705e-01 -8.734679219289612218e-02 5.001650334286245232e-03
1.225685837225567454e+00 -1.044715548715422354e-01 1.822284640234080044e-02 -1.484906654554336326e-03
6.516775610427663068e-01 2.927128557301414968e-01 -5.449292373583201898e-02 2.478366194835488097e-03
1.259110616598858812e+00 -1.001457404891851616e-01 1.341931538365336019e-02 -5.024812140076139735e-04
3.368997552204662238e-01 7.398583570767396367e-01 -1.432245009529737878e-01 6.483201688602312392e-03
1.194668562902815534e+00 -8.094913359992035595e-02 1.811901710715704134e-02 -1.104480137887981547e-03
6.088698240136104500e-01 4.717158219913148987e-01 -9.576630563936336382e-02 4.092603536621397704e-03
1.270616919831496716e+00 -1.981684043849167298e-01 3.809231075693948060e-02 -1.968058637488725397e-03
1.310165004114591580e+00 -1.874554244977069128e-01 3.475323081998028807e-02 -1.952505612724083923e-03
2.281137033744416731e-01 5.110293916525451285e-01 -7.022389705375244040e-02 2.341291927087689722e-03
2.195812198596706066e-01 5.265554742765837792e-01 -7.074952392668516776e-02 2.316023833548772060e-03
3.764565688407823241e-01 8.795488734975465128e-01 -2.025297506002295966e-01 1.101704590015782116e-02
1.237142359850193163e+00 -4.131448141504485277e-02 2.035764871252931582e-03 -7.802841509672945588e-05
9.562228316388883265e-01 1.060226820832897987e-01 -2.218001181899212013e-02 1.364286779897913972e-03
9.643816275590455511e-01 1.372770544141884708e-01 -3.850622142882033361e-02 2.215002528009811858e-03
5.075651384515080800e-01 8.064661266657142669e-01 -1.975241177776975998e-01 1.079528969873861863e-02
2.019007659385168296e-01 5.393446127142577096e-01 -6.870882129001629202e-02 1.712566323272532659e-03
1.440446285053886610e+00 -1.524527500881558695e-01 2.293334117895178340e-02 -1.353997338772539114e-03
6.441736023105129050e-01 4.381318795183051784e-01 -8.140525752728869358e-02 3.273468420073226502e-03
9.005721697823708682e-01 4.685248518423463238e-01 -1.205497944649040060e-01 6.944657428464307350e-03
7.390470565428206573e-01 4.086950807213250436e-01 -7.850108644564847415e-02 3.878616741654491822e-03
1.241923337305968822e+00 -6.355951393308614805e-02 1.653914201288845046e-02 -1.380587193069938035e-03
1.256250901714257573e+00 1.595534541787259064e-01 -7.944080663694508271e-02 5.278013667058316372e-03
1.261069685140501440e+00 1.612772893840761501e-01 -7.988574520917035571e-02 5.481832612374244913e-03
6.587164939174878775e-01 5.555711967135789076e-01 -1.220647064726787939e-01 6.292081648064336286e-03
8.867982266428241500e-01 3.156767461305460265e-01 -5.137853824444711670e-02 1.460218085154127562e-03
1.096540340546630299e+00 6.840573773159432103e-02 -6.937037417415781691e-03 -2.777450581654964312e-04
1.446406825161214105e+00 -1.347388262803361492e-01 1.523985103057583917e-02 -7.285625108336630032e-04
1.392273107787517672e+00 -7.663535102158416934e-02 9.756461648505422232e-03 -6.883888312921524746e-04
4.602593843384206185e-01 4.330915006692404590e-01 -6.860516824973442174e-02 2.891592211108790292e-03
6.878666852579968793e-01 4.189280567063535243e-01 -7.105474768237855787e-02 2.460801088871954374e-03
9.841144132578103498e-01 4.946276284124239142e-01 -1.401889263489866644e-01 7.717561950069126188e-03
9.532273454665657342e-01 1.689867221234178929e-01 -4.103552876693040280e-02 1.746875915127576095e-03
8.703700894581483105e-01 4.988761546821267046e-01 -1.392495872303907145e-01 8.111702211082661915e-03
4.221505898481600627e-01 4.905362996351466665e-01 -6.772789531547808439e-02 1.951817602834048093e-03
8.902013519950942033e-01 4.647905267205665325e-01 -1.256307287004753970e-01 6.912113951783161944e-03
1.397956046108950634e+00 -3.997125864968553710e-02 -2.069986755155264063e-02 1.939868968819784788e-03
4.410386833715095878e-01 4.545585502682135126e-01 -7.138176910637096528e-02 2.582013784150864657e-03
5.775563749485300713e-01 4.263169262126962344e-01 -7.364582747424307241e-02 3.220922458839747208e-03
6.651195233726924227e-01 3.243682633537879889e-01 -6.232311211607652335e-02 3.134225949999764217e-03
1.219326126266769617e+00 -7.436221102406219419e-02 6.982341656138671589e-03 -4.578565623752012866e-04
3.061519705649398126e-01 5.075550740568440800e-01 -7.619667930655067700e-02 2.417807630564187786e-03
9.035153815068717176e-01 3.955694669913477068e-01 -1.161327718005916027e-01 6.846445814241606045e-03
1.382197091590007254e+00 -8.400319537729357411e-03 -2.203421041133153679e-02 1.247612516544205135e-03
9.751715661664686063e-01 4.013267042259172634e-01 -1.235607727966567260e-01 7.105066729837815342e-03
4.519849137717948939e-01 4.988499592343488276e-01 -7.656406073299643067e-02 2.571320060784729016e-03
1.359072290005025607e+00 -5.569679329354380870e-02 -1.049070079480792818e-02 1.104740505293817961e-03
1.250550673128303814e+00 -4.369491537323043351e-02 -8.715965981174491478e-03 6.715456041328417974e-04
1.340406796633484277e+00 -2.187745333814116941e-02 -1.381075462614743225e-02 1.345708508679301953e-03
1.274402675703826260e+00 -9.003840500343106290e-02 1.630196178139901517e-02 -1.072953941354690350e-03
1.203805022672091551e+00 7.368794772249827318e-02 -2.183083317459950240e-02 1.094989246090138273e-03
1.145089967493321925e+00 5.713014338955067078e-02 -1.731730449520551066e-02 3.882263546257947459e-04
1.043679686876931800e+00 3.400782688918664864e-01 -9.776517536660143948e-02 5.445657469270259385e-03
1.156931311077181945e+00 5.841604357296621003e-02 -2.570517089937900818e-02 1.595121169446229526e-03
9.723909675388231477e-01 7.294338715386988747e-02 -8.518458486713393132e-04 -8.589455619147123074e-04
9.470083906849836586e-01 8.248622096393457004e-02 -4.715204045047042668e-04 -9.612874099794865715e-04
9.010924535377166089e-01 1.070821959814503010e-01 -5.457565628468168291e-03 -7.250570463280040217e-04
1.315800152153448366e+00 3.965863545528003353e-02 -3.663777363564232892e-02 1.797794312201843499e-03
9.524848773380704126e-01 4.638959964566735095e-01 -1.313944309166183155e-01 7.516386561145703589e-03
1.091536042442041499e+00 -3.650969788753852252e-02 2.024788933699240082e-02 -2.218815625353788134e-03
5.554014377523432966e-01 5.911361183763775839e-01 -1.178162149560418454e-01 6.164400947600515851e-03
1.231444952231122825e+00 7.625246489364877200e-02 -2.556525408606571265e-02 9.314965343141020510e-04
5.713243095432674057e-01 6.446745619738881716e-01 -1.592133020003689559e-01 8.631928690387100436e-03
6.306288821280844337e-01 6.422666008990611797e-01 -1.560959699386528510e-01 8.800595516892290721e-03
6.143824199656640062e-01 6.122437220274427050e-01 -1.362678827898879119e-01 7.294894391723871774e-03
1.170515205300465933e+00 2.138271046995076849e-02 -1.817028006310804703e-02 1.364888373281463547e-03
1.203372902631300034e+00 3.074465665794265737e-02 -2.605748358833816919e-02 1.662483032275918456e-03
9.537588202175710794e-01 2.350831047190256873e-01 -6.376286425561868143e-02 3.016841023266568066e-03
1.251334065348051139e+00 4.318214888116544969e-02 -3.016322787493136426e-02 1.346928284367301248e-03
9.515174867210224319e-01 4.891133254004719211e-01 -1.425149780029273949e-01 8.155844915480034429e-03
1.297177238147936729e+00 -3.718955348351124512e-02 6.451056889355633560e-03 -1.168704724827331412e-03
9.052065797633616073e-01 4.471454996359471856e-01 -1.326096064532681917e-01 7.764328980923583708e-03
5.468594736802275813e-01 6.975635791291329157e-01 -1.667952968603909070e-01 9.173605399984128758e-03
1.349116017300362458e+00 -3.263584430019179049e-03 4.773345639663664937e-04 -1.001172216801799212e-03
1.168900687103382463e+00 7.037777387368888971e-02 -2.833888599894370322e-02 1.987371087948709442e-03
1.083728904729875264e+00 1.160376495638665573e-01 -2.609835580440064695e-02 1.077545006530091637e-03
5.559806091490432367e-01 7.150954073397365329e-01 -1.698555085750677873e-01 9.038715982277789607e-03
1.375852932451014032e+00 -7.560925166329361680e-02 -7.062522922032208293e-03 1.949607884706394364e-04
5.476862405776518061e-01 4.163075099131950396e-01 -7.435410021415775339e-02 3.205871698998318756e-03
6.077028315635683020e-01 7.266272300550252750e-01 -1.744962721301773212e-01 9.296833637576239207e-03
4.245604377437068866e-01 5.579436939543028773e-01 -9.594162824509938625e-02 3.664907865560001511e-03
7.506200977296662025e-01 3.449447177685650567e-01 -7.152031050583237959e-02 3.457896892161823818e-03
2.978405282842380708e-01 6.669379967169523082e-01 -1.102903935708052369e-01 4.535720518928748092e-03
1.345848597488868759e+00 -7.958624036877927355e-02 -3.930944120642639370e-05 3.424409375739534325e-04
1.345848597488868759e+00 -8.527456504602425047e-02 -2.190363089144104717e-03 5.400214925628946724e-04
3.361288855226873817e-01 7.680664105955523624e-01 -1.645141580207112042e-01 8.764488708521424656e-03
1.031960648736061303e+00 2.147232356248015561e-01 -5.369038269513360523e-02 2.685200753344385138e-03
9.208832768060700724e-01 4.536747454453208817e-01 -1.039384004977114417e-01 5.665243809349239899e-03
1.109522339093860888e+00 1.911412797839615874e-01 -4.656649687352416855e-02 2.288747769055924676e-03
9.905459064127540847e-01 5.368563145180708096e-01 -1.736816622984488079e-01 1.072160526544622440e-02
9.632340474922591600e-01 1.593669768417935173e-01 -4.413796447598899997e-02 2.768771526843228931e-03
5.924933231360273167e-01 3.799902857608224993e-01 -6.540586824130165122e-02 2.877444728739434951e-03
8.361675172296954006e-01 5.036707287470307826e-01 -1.294204407498299458e-01 6.666303273858312055e-03
1.415649265420302338e+00 -6.158671348783022886e-02 -1.358492554526894748e-02 7.387887337422969439e-04
1.453089784718824440e+00 7.088024042950723247e-02 -4.443930751271533280e-02 2.999824774650339861e-03
1.251870451439518694e+00 1.983658005399776825e-01 -7.594097233931437763e-02 4.262327532737689682e-03
4.192745476614904154e-01 7.740558969143889190e-01 -1.747993976775729930e-01 9.615772109654335820e-03
4.584904158721980760e-01 7.758674471312382304e-01 -1.823833705197148713e-01 9.584333335486652783e-03
4.136529074655460603e-01 5.132115209261977062e-01 -9.168810137416950889e-02 4.434451391642162121e-03
5.543399038556657832e-01 5.054023846883103355e-01 -1.000863965496457259e-01 5.250252924520811861e-03
1.488325315541896732e+00 4.483617684143924309e-02 -5.653467899313973505e-02 4.270459998707750934e-03
1.039618145328972343e+00 1.273245925244524124e-01 -4.094231617201896101e-02 2.502921624658128574e-03
1.277995295430182310e+00 2.988071609171911169e-01 -1.181006629896021731e-01 7.586347551486004662e-03
9.485737429809548704e-01 6.182726611701999664e-02 -1.463749299566228373e-02 6.298476063328967622e-04
5.331749531892793215e-01 6.403333524032170931e-01 -1.356563835079123426e-01 6.905027364160125879e-03
8.356285611076752495e-01 2.322958135094069232e-01 -4.964058226460606182e-02 2.587214304325702232e-03
4.879550227554052544e-01 6.642516491233785292e-01 -1.310244458344678453e-01 5.903996033007624308e-03
5.606052544628848944e-01 5.149505129635955081e-01 -9.208706419289916512e-02 3.723554472530441004e-03
1.378456807976754739e+00 7.270716651899541971e-02 -5.297243345242071133e-02 3.457532780749532440e-03
1.033620555725325518e+00 -5.342728932660360114e-02 2.035928613404942855e-02 -1.533870857990555451e-03
9.598591441853009387e-01 3.428817304387531961e-01 -9.699020792544832403e-02 5.132724883054504486e-03
6.491757152924211294e-01 4.070232121587293861e-01 -8.627720978059867651e-02 4.248639684764497076e-03
1.254175273095907484e+00 2.990729489776544070e-01 -1.055299937338889243e-01 6.195204199256947042e-03
1.177488611430994370e+00 -1.232740840366349649e-01 2.329019969081690122e-02 -1.335061023802297823e-03
6.909085777212287116e-01 4.358129065245759381e-01 -9.143253655195528184e-02 4.949608429243857778e-03
1.038764538225998235e+00 3.357341718920384688e-01 -6.898795610543970169e-02 2.726891724285922854e-03
5.171488666105129584e-01 5.583282802278677348e-01 -1.037591782211005620e-01 4.696412764564395805e-03
4.472414730939018312e-01 5.791981571648868732e-01 -1.006649553178690371e-01 4.486448481539544002e-03
1.085671522696503244e+00 2.407236011302908707e-01 -7.594938837789320940e-02 4.802878467390355594e-03
1.110705333000370221e+00 1.189247306529490761e-01 -4.547569765377999784e-02 2.444748799719747515e-03
7.125613637585150872e-01 4.304332871740436661e-01 -9.048715628671961941e-02 4.001755375688043244e-03
6.222522991178369711e-01 6.061442487324528727e-01 -1.236294873086224433e-01 5.728205244685209696e-03
1.045866776578745494e+00 1.765169078864470831e-01 -3.779176595664150706e-02 1.498614781432429941e-03
7.310393039780601621e-01 4.891001102865639161e-01 -9.875720101116168548e-02 4.961274959850756061e-03
8.312612573995993293e-01 4.029248343605528748e-01 -8.600504701730800339e-02 4.510916243942122809e-03
1.142601135496652320e+00 -9.927351439579389092e-02 2.227677632268224711e-02 -1.794399602786546279e-03
7.443730739997304058e-01 5.039700264215604131e-01 -1.191926514078463228e-01 6.104154274622608164e-03
7.971878130858247591e-01 4.129368700016035065e-01 -8.545560827247097868e-02 4.589297718126439385e-03
8.939205735625491700e-01 3.142088604530380858e-01 -7.822212130682086595e-02 4.007803918065759585e-03
1.005598145134727561e+00 -4.995144690197544229e-02 2.527216995773873612e-02 -2.329036580884757436e-03
1.277129519111989575e+00 1.659624845436871998e-01 -5.564333701861604031e-02 3.282829049460680038e-03
3.180459656038852057e-01 5.009599578775280060e-01 -8.018557617501233248e-02 3.254018773122092836e-03
3.819875595382398181e-01 4.921663163499496729e-01 -7.756220776483742363e-02 3.363426283724592521e-03
8.318149679155950604e-01 3.685946142876750931e-01 -8.424358449339704180e-02 3.797924450268076128e-03
9.004554952477648033e-01 1.387901082640830008e-01 -1.073598370050251986e-02 -5.828575725391776279e-04
9.497810227393671534e-01 3.230831508764859805e-01 -8.237953934506699050e-02 4.735948150508271018e-03
9.979743842652513131e-01 1.125694440117374212e-01 -1.261449644403452724e-02 -4.506300797432080630e-04
1.048479165605431529e+00 9.951854550558972279e-02 -1.261449644403452724e-02 -4.506300797432080630e-04
6.891920525679813281e-01 4.708687134026791066e-01 -8.785445885489054363e-02 3.916453709165648375e-03
6.620666612549449548e-01 4.077751640910483033e-01 -6.645534593826744885e-02 2.279063709512878146e-03
5.005990575344100302e-01 4.129477284755416755e-01 -6.562806743008002541e-02 2.796619053257133700e-03
2.808536454679155803e-01 8.449102453428173343e-01 -1.750294437873371467e-01 8.534780267306169010e-03
1.204198783445362464e+00 2.204671407606312306e-01 -4.740566859270402278e-02 1.489045193638202300e-03
1.400157789109139239e+00 1.029233077537628355e-01 -6.338657563575307574e-02 4.004129599673977510e-03
7.560869844923158167e-01 2.991130742974740242e-01 -6.126079874989438095e-02 3.103129023502059283e-03
8.211650251809766710e-01 2.507347524562424934e-01 -6.031645029722888102e-02 3.149502018068335227e-03
1.041698089980301223e+00 1.615535971878719890e-01 -5.025391318142455321e-02 2.980683756169141656e-03
2.377621374215866668e-01 8.478635909242226987e-01 -1.692322022545142690e-01 7.935067177356626422e-03
1.331057847346609702e+00 9.994725134407160538e-02 -5.311921887637561374e-02 3.054074953510674869e-03
9.959426813272849177e-01 2.370867311621707163e-01 -6.895382149824832996e-02 4.291511788539813764e-03
3.494761224146176737e-01 7.259480276876616456e-01 -1.536096077036488428e-01 7.891117398239838251e-03
7.920762086527467494e-01 3.076428312133404619e-01 -5.117325260721684865e-02 1.988219552838775897e-03
1.184752834062481108e+00 -1.312810405737120933e-01 2.885795918611912952e-02 -1.716599886225287893e-03
1.212323215775506835e+00 -1.312810405737120933e-01 2.885795918611912952e-02 -1.854937754666636769e-03
9.365458296866140397e-01 3.911720006281001472e-01 -1.062630599407942827e-01 5.564952786492348424e-03
4.797369027195487745e-01 7.830501459727661207e-01 -1.891409411325244705e-01 1.048502649605164740e-02
3.512644624441279562e-01 7.293637333444406012e-01 -1.511271205519213734e-01 7.189691658549772664e-03
3.597753854538457419e-01 5.721940426364147125e-01 -1.028927547720988461e-01 4.216088561423264429e-03
4.589837533690656057e-01 5.994385222489707621e-01 -1.117908329793920047e-01 4.773303103269889609e-03
8.166125065106563108e-01 3.068441703475546789e-01 -5.917344451244546666e-02 2.851302290226461790e-03
9.385586706702796489e-01 2.312282699762086835e-01 -5.130338236983879308e-02 2.599839616362839296e-03
6.914152307093439642e-01 3.377774531151336856e-01 -5.368451299493470080e-02 1.928088057417205216e-03
2.844166021096936614e-01 7.330311338147477151e-01 -1.448141253074713142e-01 6.932393600028141992e-03
8.982291574064064088e-01 3.104147294400350643e-01 -5.942334028665049311e-02 2.734251923233021759e-03
8.354508082402478664e-01 1.753763942424671485e-01 -3.177743422704247533e-02 1.056712713916670371e-03
8.153455152942278295e-01 2.375481983108539696e-01 -4.378268136161087704e-02 1.386103225542976731e-03
9.279491187839539190e-01 1.899408438760048501e-01 -3.963911000892710729e-02 1.428848026475887161e-03
1.489402095554587691e+00 -5.552786289055296198e-02 -1.398465998584069551e-02 8.720215448624848336e-04
3.731818411837526384e-01 4.311902213190416666e-01 -5.286651562054083681e-02 1.241456887170602329e-03
9.307849799234498844e-01 1.687000314910401255e-01 -4.354734589774158365e-02 2.266936930405068305e-03
2.614504672942546959e-01 7.746347670673421337e-01 -1.524391315651199286e-01 7.399406497607168010e-03
8.911842755925081239e-01 2.058958615083368859e-01 -4.707829930566855697e-02 2.435993362318561017e-03
8.895231225251827301e-01 2.175299394136897269e-01 -5.807865130768428974e-02 3.114324718332963770e-03
1.112421644986304692e+00 -1.127770141094056044e-01 2.500077170873717114e-02 -1.490392045262081949e-03
6.299506523681503989e-01 5.206511264672295525e-01 -9.510127608439650215e-02 4.116230773041817427e-03
1.425175522699964503e+00 -5.798695434884366950e-02 -1.215704213498443320e-02 8.676108898496989134e-04
1.286056189929159155e+00 -1.175893641590914779e-01 2.249286225802988107e-02 -1.453771400216714339e-03
5.688215659588256035e-01 2.330602725509780537e-01 -2.888113495049084156e-02 9.859511010993453600e-04
5.688215659588256035e-01 2.330602725509780537e-01 -2.888113495049084156e-02 9.859511010993453600e-04
1.407476301856430023e+00 -2.002547045059172026e-01 3.755135279396009523e-02 -2.170997059885802511e-03
1.398732391107599948e+00 -8.280355525218285190e-03 -2.394482452505751133e-02 1.779005019289644053e-03
1.305102182473496297e+00 -1.174704161376837613e-01 1.988680422221654129e-02 -1.046156630510056617e-03
1.287511682002646207e+00 -9.799053667224462416e-02 1.565964847536118962e-02 -8.115522603665500413e-04
1.392985418983494039e+00 -1.383943164623996358e-01 1.636290057321517985e-02 -7.010119319783444068e-04
8.948679564786278240e-01 1.675532439146534269e-01 -4.067308651903289024e-02 2.278345748041802742e-03
7.172456766271830819e-01 4.868010607754508778e-01 -1.122027933619603041e-01 5.929611131403537787e-03
9.636629495080369923e-01 1.058800346144762733e-01 -2.928090542355452769e-02 1.458376379596284253e-03
6.990965362482501888e-01 3.077742625550420330e-01 -5.855853306664167424e-02 2.814277009133718966e-03
5.468095988299230825e-01 5.879355787535389677e-01 -1.160541195639940015e-01 5.013974056519108005e-03
8.702089101053950282e-01 1.719294193143993954e-01 -2.995149590295944145e-02 6.744832538663862731e-04
4.954486659550440542e-01 6.363888835433447744e-01 -1.199241116333577134e-01 5.478075027986329185e-03
7.260740057524115443e-01 2.091498106040067251e-01 -3.216386639709887391e-02 5.763767155778905336e-04
9.934280797853762834e-01 2.650453995618432534e-01 -7.455960712370959809e-02 3.779918455339039210e-03
6.802735854199111198e-01 3.942539082729620836e-01 -5.906313976066953492e-02 1.763102784822040804e-03
1.463842184532731849e+00 -2.068252218261376341e-01 3.200627994059066644e-02 -1.482346939529411572e-03
6.120023375430246881e-01 4.378177033498575343e-01 -9.062909713366812392e-02 4.364632510507543590e-03
9.330685431156712228e-01 3.459854627414272743e-01 -7.803322760706886407e-02 3.328479792704568726e-03
6.784841589377156312e-01 1.911034436944507864e-01 -1.704503140753062945e-02 -1.622730957424277896e-04
1.495575806531948659e+00 -1.970038464269371625e-01 2.268532299142018288e-02 -1.005418521864269140e-03
1.447614469217301636e+00 -1.896574860647307903e-01 2.544581714411108322e-02 -1.404726727809040704e-03
5.273461883603561828e-01 3.172688539913317007e-01 -5.060481063682464864e-02 2.344487801921164155e-03
1.440102298717382823e+00 -2.296471292725195124e-01 3.716181787681580029e-02 -2.085321416100041365e-03
1.068067502337708641e+00 2.734551086720912183e-01 -6.206298793340009334e-02 2.440853826516530770e-03
9.679053264963692893e-01 3.660142669736959897e-01 -9.430374526138622648e-02 5.523343337167520468e-03
1.066465596249142500e+00 2.793716862950698654e-01 -5.819643046304326384e-02 2.141201322642718227e-03
4.046619273285811946e-01 6.361211420306007724e-01 -1.351356758385395818e-01 7.201009009199410733e-03
5.725926370751958094e-01 6.212384836706454916e-01 -1.414713454729631115e-01 7.206079941547694628e-03
1.003462252816392786e+00 1.278895915881220480e-01 -1.294735820593988750e-02 -4.862982496766084066e-04
9.494738927422752273e-01 1.243973049087055138e-01 -1.019834054327890469e-02 -7.496745765100009578e-04
8.188949261223168463e-01 4.086007612019775803e-01 -9.651475851027369046e-02 4.924231415822087100e-03
1.048233508575512785e+00 -8.962037522250611635e-03 1.588030155594027590e-02 -2.027054980576027416e-03
5.789095613933817885e-01 6.467701513419747972e-01 -1.336915480930349620e-01 6.047697069939898806e-03
5.624326476847101297e-01 6.529695058114630690e-01 -1.349204200434150347e-01 6.128586954508457620e-03
8.918122194437060335e-01 1.822954163485854817e-01 -4.702904962148692775e-02 2.886524427788503093e-03
1.063876134138315832e+00 3.417144477694531446e-01 -9.331830707716495810e-02 4.620881473418313526e-03
3.957513460179364895e-01 4.399469019318889007e-01 -7.324756459671197262e-02 3.605391362522375291e-03
5.011308988892604344e-01 3.743885914198450404e-01 -6.067258337318925943e-02 2.874505758106913039e-03
1.021158640337253010e+00 3.327996405017344395e-01 -9.855936540331027007e-02 5.950518767475356831e-03
3.604035706427341501e-01 8.212916421776422782e-01 -1.763551611052723567e-01 8.632897288058018898e-03
7.208897868497817774e-01 5.100678760519741228e-01 -1.014476648813415621e-01 5.172038840696934273e-03
7.865136124268300444e-01 4.689339153376420599e-01 -1.160439328735010378e-01 6.133936402636180028e-03
7.954222677198002911e-01 4.965531204211883209e-01 -1.135227768705813350e-01 5.708532994443253107e-03
7.194299079395103380e-01 4.649795192642581787e-01 -1.004309854575043265e-01 5.386746327528160391e-03
6.121278742574880471e-01 4.914338447637393581e-01 -9.789765498781265174e-02 5.055286348015625847e-03
7.092072104476873085e-01 2.792465432974954309e-01 -3.324099175098812337e-02 3.433395555680491531e-04
1.097225544138855202e+00 -7.269581932531757329e-02 1.402802180000372809e-02 -9.192396309006860495e-04
7.293861141403961135e-01 3.137443017115520427e-01 -3.953564314235818306e-02 5.103616769760251255e-04
2.405664746289144784e-01 6.018857839616156280e-01 -9.787863078937802941e-02 3.803627241509983416e-03
7.725274906065509040e-01 3.120744412502072795e-01 -6.240902544176777506e-02 2.424998053589005019e-03
2.987885905585695445e-01 6.656928265780052145e-01 -1.090710414676913237e-01 4.213959846947154531e-03
7.875348541484089582e-01 3.906256905403016066e-01 -7.805579818210958698e-02 3.547971178740326817e-03
9.345845936892718253e-01 2.403981471473648490e-01 -6.365170886700989572e-02 3.856375471095412674e-03
1.091785147301564729e+00 2.225862477047075572e-01 -6.902542781961693019e-02 4.298242048191497529e-03
7.315687457314150599e-01 2.752482978194579766e-01 -2.972814565853671917e-02 -6.992885503583184926e-05
2.536983529816800864e-01 6.656956872269657044e-01 -1.286414340580100679e-01 6.401962866964000347e-03
1.271117620613529064e+00 1.371450997569926000e-01 -3.870865399390489847e-02 2.050917297962739742e-03
1.295364998185265515e+00 1.560031453943963586e-01 -4.154736341888286277e-02 2.070595102167648634e-03
1.096940524278148255e+00 1.245956346762700367e-01 -1.414890419453035571e-02 -4.651622848361414652e-04
3.380220793182314720e-01 8.699450724359212295e-01 -1.902627826348832485e-01 9.843750991283527554e-03
7.841452764456280367e-01 3.091021635830993874e-01 -5.510346224639436907e-02 1.825108616153259256e-03
7.987672823435294500e-01 3.300828818794091513e-01 -6.307585160517054090e-02 2.665820238294917387e-03
8.252605112629534112e-01 2.027447622161582530e-01 -2.882587058554644116e-02 6.176786448532223381e-04
9.688364487069526243e-01 3.615456893331369659e-01 -1.013527258269538017e-01 5.441954597476276502e-03
1.393455466531608344e+00 8.722182044927545563e-02 -7.170413946879793110e-02 5.054753672615339664e-03
1.361173942158752315e+00 1.490172876610940389e-01 -7.567465399996309294e-02 4.494836975169183568e-03
7.735242458239250940e-01 4.495659251794176248e-01 -1.109996278703672540e-01 6.041053281235301761e-03
1.334190224914804768e+00 8.987504483049561788e-02 -3.507537320061696051e-02 1.719212859442752336e-03
5.332531248362096798e-01 4.228986725964200000e-01 -6.433360630352646936e-02 1.903899054287689708e-03
4.158890222869660036e-01 6.569305324325088735e-01 -1.277916687270382878e-01 6.603630320063720409e-03
8.766753394506742181e-01 2.315376697154531704e-01 -4.666357764172591321e-02 2.521437755538344198e-03
9.979504833041608070e-01 1.634778316812453280e-01 -3.872019742553849120e-02 2.071203280999638248e-03
9.775146000695216220e-01 4.023727532151440828e-02 1.886028183374645643e-03 -6.111500817099039000e-04
3.637238144567621068e-01 8.594135049104734136e-01 -1.931608158194471625e-01 1.026250381270548372e-02
3.421645957662697857e-01 8.220980223814251531e-01 -1.863471452317352894e-01 1.018663365987239680e-02
3.641937651192224679e-01 8.218661755055625129e-01 -1.865759198451447665e-01 1.006263964447930322e-02
1.179579575668445957e+00 -1.813966400320273648e-03 -3.208264746402410099e-03 -1.630817687127444253e-04
9.785700508947443588e-01 4.166069956946745756e-01 -1.337353586131219407e-01 8.170031828631059076e-03
6.150089852822825387e-01 5.458062577737992083e-01 -1.141943791520795976e-01 5.985007773006740736e-03
8.989588132022539035e-01 3.070071628288502108e-01 -8.089217048690729162e-02 4.750807825466809610e-03
4.961908339046669503e-01 4.705498383800396089e-01 -7.262170079810244261e-02 2.705150097498762451e-03
1.184837531758624607e+00 -7.137091129071809759e-02 1.476303442727726345e-02 -8.313565649906386927e-04
6.308811943670561417e-01 7.254179555332866958e-01 -1.861453925373116880e-01 1.064459810149510390e-02
5.004810912224536557e-01 5.437607538494665382e-01 -9.652489488452163646e-02 3.850550347972902555e-03
1.371784280589676053e+00 4.284882501593047233e-02 -4.084905337444739992e-02 2.733994916687867115e-03
4.807574547013171995e-01 4.987069224280012980e-01 -9.613521847028723422e-02 4.145349862985437013e-03
1.004695256064872755e+00 1.962321911233632921e-01 -4.609167881187029026e-02 2.183355765994805450e-03
8.958200209833001582e-01 5.022647830662091417e-01 -1.310279085239735297e-01 7.327008414597964772e-03
1.101713278727941558e+00 2.514401892924339466e-01 -6.983903228632604154e-02 3.347434534779898142e-03
9.879586005099687540e-01 2.483703921746771293e-01 -6.518048737686461813e-02 3.793505085584064108e-03
1.207756498768761677e+00 3.227085638732689055e-01 -1.177101968835096851e-01 7.337874716233622197e-03
1.150897607126200262e+00 1.463541593731836621e-01 -4.738674983992516299e-02 2.174424803506925814e-03
8.591935890234696505e-01 5.242625068141893996e-01 -1.248373500985835438e-01 6.156864361444016817e-03
1.425337440106873466e+00 -2.058446921000097185e-01 4.391265783601776274e-02 -3.147692816195393501e-03
8.078919422403443296e-01 4.714638137912169347e-01 -9.684915493286391786e-02 4.504018151069611071e-03
7.612063413852669935e-01 3.980188554861513461e-01 -8.206045235468377441e-02 3.588834291001002756e-03
7.369731509613947074e-01 4.547191278912651735e-01 -9.579468713127763102e-02 4.522906934643696787e-03
8.591488417195737304e-01 4.728403687947939082e-01 -1.193255545682682939e-01 6.734261849778367531e-03
8.857251940498827025e-01 4.294122486911173819e-01 -1.102019739387832542e-01 5.881129408990063735e-03
5.396929871237641230e-01 4.217134189797460686e-01 -6.615808973326713083e-02 2.232328506902742874e-03
9.931734276098697078e-01 3.279750665619251548e-01 -9.516057894674448403e-02 4.882338782649531944e-03
8.921192664947376061e-01 3.834626639103140833e-01 -1.104429639719382850e-01 6.458617756740226735e-03
5.202113378757402540e-01 3.751892279904288641e-01 -5.184594262528741115e-02 1.672097604754076670e-03
9.533462381927929608e-01 3.436884117374495173e-01 -9.436447776734147030e-02 5.311271797662282801e-03
1.036920884036169666e+00 5.193052840621776856e-01 -1.675052007052554304e-01 1.034329347048910074e-02
9.751414654187832154e-01 3.168206212237617003e-01 -7.682608663158130291e-02 3.522227612243705556e-03
1.251079395293942742e+00 1.276274670930687138e-01 -5.938954865959075041e-02 3.273322146199179449e-03
1.355993020183165587e+00 1.969319794532775336e-01 -9.425916939940796879e-02 5.636859034976216508e-03
9.876110462319036554e-01 3.956519154582212039e-01 -1.147718128488001144e-01 6.640891821126387699e-03
4.660933782528743352e-01 5.891407915108236582e-01 -1.268908172357855468e-01 6.925345167802333946e-03
9.376926216380668810e-01 2.830116092622455559e-01 -7.841688416887027113e-02 4.307161140186239676e-03
1.001844817731794457e+00 3.804562736947049717e-01 -9.341287936832118333e-02 5.056566014494610559e-03
9.411276240552751693e-01 4.256719156777829527e-01 -1.004215051081054771e-01 4.795931139522167062e-03
6.639899855024468112e-01 3.621372459469551219e-01 -5.212744717784156129e-02 1.380146114221935142e-03
7.002373800983207053e-01 3.337309892969461678e-01 -4.900053011634628031e-02 1.320252238413059101e-03
1.111720114566818740e+00 -4.117048793420907682e-02 1.114419723129065135e-02 -1.123983835974296354e-03
9.234986557213967773e-01 3.640591031791015064e-01 -1.024913855927539613e-01 5.842184588164760217e-03
6.578311385449335802e-01 3.449077107544940568e-01 -4.745050489232018054e-02 1.121664362794587639e-03
1.500048548667475945e+00 -1.764832132713313462e-02 -1.501960229256473628e-02 7.937064242567635434e-04
7.173377939785867685e-01 4.401731972019832795e-01 -9.339139355991334102e-02 4.631019393494897364e-03
1.146298804095187140e+00 2.634510370928013767e-01 -5.873525690341217798e-02 2.380419577675074814e-03
1.199316659625189851e+00 2.063326860957699904e-01 -7.293707369400471985e-02 4.112086930420240025e-03
1.098663560620209090e+00 2.868456925305498673e-01 -9.419411838827808359e-02 5.390851300947868512e-03
9.003816577909717900e-01 4.628237681592372588e-01 -1.244580340801491602e-01 6.958500690545147381e-03
1.123433898985188417e+00 1.774597838857731869e-01 -5.623181930276795193e-02 2.528816831635316304e-03
7.529539705032496366e-01 4.456398722008201863e-01 -1.095062864737768732e-01 6.160333263663555874e-03
2.270553306093423540e-01 5.553144812256349816e-01 -8.667730554469740833e-02 3.788650194543224155e-03
7.763319595231014114e-01 3.431891698669315982e-01 -5.634057232865471998e-02 1.618281166231365104e-03
9.280163961476969314e-01 2.800952201853994517e-01 -7.945037775329265306e-02 4.390961841462316141e-03
8.268847085802780716e-01 5.785586277143806022e-01 -1.679364262193670521e-01 9.835026040146428034e-03
1.104316997963693536e+00 1.367328026925357098e-01 -3.791717468002103741e-02 2.292042198872258716e-03
5.026795257451108778e-01 5.170067562283566787e-01 -9.171165944455751673e-02 3.772916687055976204e-03
9.505178135300560438e-01 2.089098054557103901e-01 -5.004771307740088493e-02 2.640439869144779218e-03
9.606324399529372338e-01 2.813669281294631230e-01 -7.246895971349691379e-02 3.478048333063804912e-03
9.509944720153198361e-01 3.611283467014609339e-01 -1.038914431429766444e-01 5.677235917521772195e-03
9.981764566648320125e-01 2.345319928730813241e-01 -6.290880627144605775e-02 2.942800319438552623e-03
7.660564964459856130e-01 4.005285372905635910e-01 -9.050008738591117097e-02 4.561403467473009420e-03
8.133890785218808039e-01 3.332059828219900988e-01 -8.076860777182345852e-02 4.514994801994523348e-03
1.274076481393186411e+00 1.473926272870494936e-01 -6.416267185467290635e-02 3.432913083529734889e-03
1.026015647439250333e+00 1.983908180261229337e-01 -4.271310760327145378e-02 1.949620495392153947e-03
6.598620407551264444e-01 5.060022105883696941e-01 -1.092915433454229590e-01 5.809277613168112482e-03
1.306393931344130399e+00 8.835042828965475326e-02 -5.677504148460564559e-02 3.649753832274576885e-03
1.306393931344130399e+00 7.756367928476048945e-02 -5.677504148460564559e-02 4.078536240383577420e-03
7.494815474797975607e-01 5.324916479973159644e-01 -1.271467895270529669e-01 6.400192588594673729e-03
5.760186403297775648e-01 3.921627399309203788e-01 -5.003306613503085559e-02 9.045041325398120099e-04
1.053923059217805269e+00 3.610393085379943745e-01 -1.145664945857426814e-01 7.125399999565608378e-03
1.094550000700337700e+00 1.629759348412680720e-01 -4.493669368822460902e-02 1.887048075047008432e-03
1.023637529931751278e+00 3.110040841083782648e-01 -9.556313432511667760e-02 5.590156078495801643e-03
7.331726825330110442e-01 5.349255425035087663e-01 -1.175942420936446353e-01 5.614044770163121104e-03
6.399076329136024199e-01 4.036387413556506432e-01 -7.041866892464700156e-02 3.022719111754330716e-03
1.165801056405401548e+00 3.541797376036194545e-02 -1.796812710945797087e-02 5.022835482030355535e-04
1.177238415439405106e+00 3.789344233263255285e-02 -2.568281971815964890e-02 1.300105524734743254e-03
3.280427151945680686e-01 6.084084390251859320e-01 -1.145910918635208858e-01 5.331040503098796561e-03
8.646896634017339212e-01 2.229426599578548662e-01 -3.996150629818746164e-02 1.938514508699379617e-03
5.896728954540310097e-01 5.730477928855707281e-01 -1.114992914834957993e-01 5.367285809141487604e-03
5.635256863228602642e-01 2.991508865540515871e-01 -3.928849573513681914e-02 1.203377769571134298e-03
6.647393548370292837e-01 4.810498852705624717e-01 -9.610792818263756698e-02 4.845766041825211312e-03
1.185613373010443228e+00 5.114325484678915873e-02 -2.062956732430008128e-02 1.163338967028688335e-03
1.297962505664001176e+00 1.312036421943444872e-02 -2.058754789143640851e-02 7.736612716015766559e-04
9.542946328337630346e-01 1.421174710450781864e-01 -2.826969139630709088e-02 1.594775256694167106e-03
1.292140821285294727e+00 -4.973798242218285121e-02 3.154772888185808019e-03 -3.724516515752020933e-04
1.039800904289645000e+00 1.794510370299166879e-01 -4.063700040912681527e-02 2.001702462850648602e-03
1.036463793764554442e+00 1.626174375323960475e-01 -3.423564315629710336e-02 1.431581596095200240e-03
1.037209235047485301e+00 2.370807081789108872e-01 -5.014611851506020623e-02 2.046165770705573109e-03
5.484904719806763529e-01 4.872678001507592671e-01 -9.046815247010166205e-02 4.572298889433892670e-03
1.233230136494366080e+00 -1.731540780168272162e-02 6.690488230628810831e-03 -8.678963039536486540e-04
4.235962237659093854e-01 6.791644164091236169e-01 -1.347010800062385105e-01 6.976210740285264562e-03
1.163692588053456101e+00 2.627479460011578061e-01 -1.024988885725850452e-01 6.596949070627775719e-03
3.443755561956651778e-01 7.530251513341955638e-01 -1.611923723450831569e-01 7.947779549855064560e-03
4.695750264116581030e-01 5.596134090947774142e-01 -1.100823293179765267e-01 5.532332760227660386e-03
4.376501857673641416e-01 6.896311757149592436e-01 -1.432667909629541103e-01 7.012105571735365896e-03
6.293414607044429676e-01 6.287016557768756453e-01 -1.441710274171895401e-01 7.139019227940529219e-03
1.013177009768537973e+00 5.081034805683521532e-02 -1.448285157768515463e-02 1.071809699488751599e-03
2.006586430779690455e-01 6.515187084364912895e-01 -1.009173358862322789e-01 3.651639271715793455e-03
6.044118343157550699e-01 5.756032794685232989e-01 -1.329689466386023422e-01 6.580908812325755169e-03
7.357067367773766353e-01 6.157899803916896397e-01 -1.479723700313611001e-01 8.049624792784143903e-03
5.691611690830449266e-01 2.802695145267576349e-01 -3.251145800029951738e-02 7.097498644600540741e-04
4.741411107188759910e-01 7.820116085371161541e-01 -1.749925421113863455e-01 9.099344750679447952e-03
6.111633898442461188e-01 4.415999320530369365e-01 -6.594317199090768411e-02 1.879605264147735273e-03
3.138972616576031216e-01 8.054255222516931711e-01 -1.721363588519372878e-01 8.663076142428713378e-03
4.450624017631211182e-01 6.039442295945268713e-01 -1.035905081560259539e-01 4.492225281906660206e-03
8.231117316155543984e-01 4.402994014916770671e-01 -1.141169898475529604e-01 6.554518796274473938e-03
7.358770296677019651e-01 5.115965726075411002e-01 -1.244038683081306745e-01 7.100159469150516163e-03
5.479199136920139823e-01 5.425302765550471529e-01 -1.103146749763931345e-01 5.223226182970416680e-03
6.500436625961885095e-01 5.244776028152113856e-01 -1.150918674840459566e-01 5.898058051608484273e-03
6.012292046070488727e-01 5.022740630031896636e-01 -1.002525662109005206e-01 5.173024994797673082e-03
4.880870956422788676e-01 4.544962670033806384e-01 -8.458202145858950693e-02 3.985052658724312288e-03
3.522327446342326529e-01 7.601005921188633829e-01 -1.515271482732679087e-01 7.106841107897936272e-03
5.319509111837601445e-01 7.936085983520171361e-01 -1.955115069919753645e-01 1.069094570376835467e-02
3.576076699927452363e-01 7.700131381765651373e-01 -1.552057474311532292e-01 7.905036092259992014e-03
3.528994693456107834e-01 9.260836168107411392e-01 -2.205408768726198065e-01 1.235721416143906008e-02
4.208375870862767210e-01 8.923534722429292687e-01 -2.207712158679269177e-01 1.234032822169618335e-02
1.425809939825116501e+00 -1.840381720251305087e-01 2.477432272501376917e-02 -1.497331456726632391e-03
6.955730327323210727e-01 2.895206042366650911e-01 -4.543716685611447204e-02 1.387372265125869607e-03
8.279994054919566082e-01 3.886316996181903849e-01 -9.183507485979561236e-02 5.039685732506750913e-03
1.149560444977911100e+00 2.638308438225508978e-01 -8.276101533122469378e-02 4.279455760199825549e-03
8.797094218111080055e-01 3.181632529456132619e-01 -7.673202667951228850e-02 4.396361807864655052e-03
1.488008315339117038e+00 -1.747411774191219846e-01 1.888610705931784844e-02 -4.309114520384416938e-04
1.312374587539137050e+00 1.718731385217605878e-01 -7.930761269987698925e-02 4.795073833095812345e-03
1.485233078102438764e+00 -1.481113484861022733e-01 8.982764853453357318e-03 -7.563982517016009993e-04
8.222431357076972480e-01 4.276937674341095841e-01 -1.007166758141682661e-01 5.449046853829520899e-03
1.077364599880125118e+00 1.917079302009920272e-01 -5.395286625455059104e-02 3.155524893150739828e-03
1.306918406832053847e+00 2.144203801839240087e-01 -8.675502744908321351e-02 5.122113341225796070e-03
1.020565056867176690e+00 2.342619693836726358e-01 -7.085595087288899807e-02 4.322528388048890724e-03
5.269527713210838682e-01 5.315045898686190373e-01 -1.156847474580805640e-01 6.389758230768286147e-03
5.269527713210838682e-01 5.315045898686190373e-01 -1.156847474580805640e-01 6.420210765063601860e-03
9.279033060555468282e-01 2.593178567468162887e-01 -5.285375687980881781e-02 1.982860626516512199e-03
1.075686442934174369e+00 2.141841762937123916e-01 -5.906930541818462138e-02 3.551190503441497767e-03
5.261723048725741592e-01 4.744086940940799857e-01 -8.208990776118448018e-02 3.197749944535217565e-03
9.862122554334114000e-01 2.132942190314729147e-01 -6.114072213983928750e-02 3.475748431768319741e-03
1.013424975850930831e+00 2.010539495626441631e-01 -5.344191457379225685e-02 2.700895663129465434e-03
1.013912275869216062e+00 1.849585105586966371e-01 -5.420626622789206234e-02 2.705776412959251878e-03
2.563149901962311072e-01 6.609123070327919125e-01 -1.071997308474857552e-01 4.353981661632255751e-03
1.116662587494210435e+00 2.998641899155350399e-01 -9.697207535159724223e-02 5.728334446801577363e-03
4.550697202928132845e-01 6.296007229190176968e-01 -1.386140305531208261e-01 7.608701920462481241e-03
1.389027597479395526e+00 7.895282597765804211e-02 -3.220438267500561752e-02 1.275368362227080827e-03
1.395586783535083031e+00 -1.800524443962675525e-01 3.491245366477826323e-02 -2.219751627896950855e-03
1.275846892414550293e+00 1.073883721551224940e-01 -5.145718181268919139e-02 2.856396064164700658e-03
1.044210509579144741e+00 1.510986166617663828e-01 -2.808758156451618415e-02 8.323991886872529394e-04
5.137217703406554703e-01 5.342323964392108326e-01 -8.475358687925887979e-02 2.816909963070488628e-03
1.211712604748667710e+00 2.015207764801912882e-01 -6.431930965640197950e-02 3.421821752559572622e-03
1.263051183763703955e+00 1.224815243053696406e-01 -6.260770133402976390e-02 3.710521523192161514e-03
1.145469627097744469e+00 -4.270243416431116629e-02 8.146345191182352216e-03 -3.319943117404656422e-04
1.297763472574656740e+00 1.729798130419400448e-01 -6.784049048942886184e-02 4.192648717607426814e-03
1.108795398490971529e+00 1.995422079628894896e-01 -7.389851368121067021e-02 4.763112046257345945e-03
9.035496722445932605e-01 4.586655619275112894e-01 -1.328352680713708323e-01 7.981055927375406422e-03
9.044516658591855718e-01 5.634934842923104009e-02 -6.715591858684965935e-03 4.224521504643084118e-04
2.856482698362837747e-01 4.884820534480202592e-01 -7.683002414691393611e-02 3.579408436268712631e-03
7.826202227606099404e-01 6.367985784592482545e-01 -1.741233996319457300e-01 9.876129787634871371e-03
1.218171818487298497e+00 -1.297420468920393866e-01 2.624712897229673075e-02 -1.938862875976481636e-03
1.304349610318790376e+00 2.365855775898489111e-01 -1.095658399772940356e-01 6.876494085534836515e-03
7.913254617848797245e-01 4.947782872641279805e-01 -1.089621999933312463e-01 5.883309378574051209e-03
1.329000356979140429e+00 -1.311175178290291121e-01 1.655989018394730256e-02 -1.028557749639876905e-03
6.814141467144576580e-01 6.907936324071066725e-01 -1.817434486696752893e-01 1.038660082976828811e-02
6.508148555790864709e-01 7.246917823347635013e-01 -1.812158777328918835e-01 1.011958988742662872e-02
1.480916705897191710e+00 -1.089067846762627606e-01 2.641396604162441712e-03 2.139316738570843583e-04
1.171092147085205148e+00 2.702245193781649402e-01 -1.000651921510031656e-01 6.468821012514181130e-03
1.093348640729543630e+00 2.794812106577540534e-01 -7.360439684405008232e-02 3.367200705887449068e-03
1.049578735970978727e+00 3.236826147664399744e-02 -1.916474480608840528e-02 1.498023475152992275e-03
5.810400916262628002e-01 6.984042047491199057e-01 -1.583068676355163240e-01 8.621985670167389010e-03
1.216816553602802387e+00 3.118551313586661600e-01 -1.112410114595217964e-01 6.954299618715576760e-03
4.799211122374836824e-01 4.711695792169112718e-01 -6.326129894983643920e-02 1.500031336800385518e-03
3.763505477215591255e-01 6.468248270322959348e-01 -1.158157794911191946e-01 5.135247138495620256e-03
1.120091266891583448e+00 -1.268292387905884666e-01 3.019139317338737430e-02 -1.733683507613776719e-03
1.119313646784532601e+00 -6.714504366540169356e-02 2.265360647755372894e-02 -1.999642876185652503e-03
1.056780773072765633e+00 1.780295477959049077e-01 -4.703103128913607017e-02 2.411401693861499156e-03
7.101479163880041190e-01 4.530115329865868068e-01 -8.674142842059784364e-02 4.209367705037788017e-03
1.188755010761519237e+00 -1.170818229516096265e-02 -1.308111056776029013e-02 1.015310272348374492e-03
1.189391383664696766e+00 1.223600604393587123e-02 -1.148810408249444776e-02 9.089003196978176187e-04
1.197833221676587234e+00 1.713622243386500252e-02 -1.951622569677834498e-03 -5.381317520667420681e-04
1.333667769259779812e+00 -1.904650478261905311e-01 4.558188895419649361e-02 -3.314828949250535513e-03
7.762371153533361712e-01 4.045054117265132199e-01 -8.906204619053008364e-02 3.906615721968383949e-03
1.171106803162967669e+00 6.750100749554076990e-03 -7.889847569283865020e-03 1.737668670459373559e-04
7.765051867117358508e-01 4.055683206766507731e-01 -9.244060068146141285e-02 4.687475579448809222e-03
4.364292650232096671e-01 6.216753851090072169e-01 -1.187339043968122787e-01 5.529294907414586749e-03
1.233567306772489491e+00 2.596486688220023958e-02 -6.360745236812420482e-03 -3.596566806862987490e-05
7.682768344716537356e-01 3.463195719467958011e-01 -7.499528371283763206e-02 4.171619766280155323e-03
1.287750889606597449e+00 -1.018760648681631409e-01 1.254552620420706401e-02 -2.653345140018464475e-04
1.392255385847833038e+00 -1.902143272592818346e-01 2.897731526541142896e-02 -1.101600740020652284e-03
1.283016936140177533e+00 -1.265969620032662279e-01 1.999729143145257196e-02 -1.500670920787709273e-03
6.496791890503722522e-01 6.137984895564468912e-01 -1.386011676324203634e-01 7.186146191863880713e-03
7.469583114640782062e-01 4.085192596750889527e-01 -8.798910811027048362e-02 4.462146073526228676e-03
1.099871122596326023e+00 -8.824562255247256348e-02 3.384548319608652461e-02 -2.866292942394218536e-03
7.015694414173427873e-01 3.856804559044369474e-01 -7.110455351058470042e-02 3.059571169304946877e-03
5.560475575430829931e-01 6.580556807987357759e-01 -1.401751057127980926e-01 6.715095625235534271e-03
1.489293705854252803e+00 -1.946397465124821702e-01 3.157007723643904390e-02 -1.560931222074301216e-03
2.213913484230795869e-01 7.171433813634434662e-01 -1.211934292476787578e-01 5.458959912047667631e-03
1.498974582741462003e+00 -1.954060984098382747e-01 2.753914401504208020e-02 -1.635616670215392409e-03
2.896219506697901847e-01 4.593418823018298180e-01 -6.752003095191085047e-02 2.810156878551546902e-03
6.769353787398953992e-01 1.907337045608517301e-01 -1.068159307801258735e-02 -1.010534242009827974e-03
9.616793101357411500e-01 1.168286635985699429e-01 -1.942483235865756497e-02 4.498598013432420785e-04
2.165130442222876761e-01 5.181075786154175633e-01 -7.974381740358091331e-02 3.487195599993130491e-03
1.087775688662127704e+00 1.497544938144172721e-01 -2.822633087021334322e-02 8.999388356475702131e-04
9.156707554807967941e-01 5.605642405362918357e-01 -1.574924787072549126e-01 8.771261272454608168e-03
1.150977955800222441e+00 8.446399969620280168e-03 -7.311156571267283556e-03 5.597162409024439679e-04
9.107279790601712222e-01 5.353001258172029875e-01 -1.520679576015901979e-01 9.000755084511421339e-03
4.102446168411656990e-01 3.616178206954748231e-01 -4.376069897289708299e-02 7.198120140954375034e-04
3.335207893878884833e-01 3.692812599940537011e-01 -3.718556832152712655e-02 3.577819728170634995e-04
3.414478229087216099e-01 4.578186869364712641e-01 -6.174866643375424152e-02 2.026376616201017600e-03
6.177010838353331756e-01 5.097001787896535685e-01 -1.074468011233884468e-01 5.789456995327325016e-03
9.168413603244370824e-01 4.981514650061207861e-01 -1.254670943767871027e-01 6.974325335634848008e-03
4.668676216325667871e-01 4.295913476463900649e-01 -6.677399081284438043e-02 2.601104561651176872e-03
7.397399133719335662e-01 3.209615265287880659e-01 -6.303787994886841939e-02 2.914106854084339785e-03
9.787392904875970023e-01 1.902824706084945694e-01 -3.126943401476290491e-02 9.959456056668738923e-04
7.165823899674588215e-01 4.311474832073595165e-01 -9.407164237111920180e-02 4.641583527281803630e-03
4.547741424697123724e-01 3.614473648408121353e-01 -5.195158952406216113e-02 2.031624210172804611e-03
5.172866861542684269e-01 6.446360433756406216e-01 -1.337356530946345046e-01 6.631795870388617307e-03
9.950000587983791611e-01 1.303100317236159933e-01 -1.598316143770760894e-02 5.929512781108781127e-05
4.465686047219247778e-01 3.537540628766214224e-01 -3.478401828071505525e-02 -7.063720203813179092e-06
1.108823570137393189e+00 1.154924905334691054e-01 -1.331814695657377624e-02 -4.996779143722164182e-04
8.118911093742071650e-01 4.322284978824327273e-01 -1.167913746039065948e-01 6.646546207528745628e-03
7.050753677773274886e-01 3.383214803396114023e-01 -5.886387318276695146e-02 2.814840950021984568e-03
4.258797118137254145e-01 3.067217779761742258e-01 -2.859121753300085042e-02 -7.203531157608548605e-05
9.989921522252104280e-01 2.135631924667668047e-01 -3.097071326829212851e-02 3.910138050318691339e-04
3.882500195742558668e-01 3.673516658390138523e-01 -5.039764888671829923e-02 1.955904336418031950e-03
1.146233043656459838e+00 4.407968513413110245e-02 -1.542993893098604718e-03 -7.418705394843449433e-04
1.148329442646995657e+00 1.680584629687640885e-01 -3.265076387199324082e-02 7.410204006821089146e-04
1.292096934587885881e+00 4.700206886474052326e-02 -3.450027707415079248e-02 1.603514308177719566e-03
6.921048235939936122e-01 3.966637228708382312e-01 -6.785307631920649285e-02 2.426681572776156343e-03
1.304000740900237654e+00 4.252520701005810255e-02 -3.400997639697427022e-02 1.975766646423295862e-03
5.169701153226594625e-01 5.021584168377347668e-01 -7.958917395554650220e-02 3.014794163687484901e-03
7.653894098046750694e-01 3.554127432255722585e-01 -6.822276025698242874e-02 3.565801499695893124e-03
8.583236869914390166e-01 3.740668423757325667e-01 -8.039437233657459325e-02 3.417678362614216814e-03
1.139655612282836739e+00 4.881786182447884342e-02 -2.406851640826552716e-02 1.353416263162403408e-03
1.275261181917875186e+00 2.077580140964519484e-01 -7.961852922202966587e-02 4.191745684300784633e-03
1.491487813287992292e+00 2.597178030197218324e-02 -1.742604002275591202e-02 5.254938381466541094e-04
8.582067384889309203e-01 3.636762244277796929e-01 -8.130436144189423509e-02 4.057726903627488155e-03
7.556436676407886077e-01 3.863624122254753490e-01 -7.902058954820559422e-02 4.142782833205432835e-03
2.670715842487560998e-01 6.580148880193564809e-01 -1.107010949063673144e-01 4.392398634366513795e-03
6.176330476893421295e-01 4.055234584011556120e-01 -8.193053806125369376e-02 3.517127512760140004e-03
2.433999960526515571e-01 6.794898962937143683e-01 -1.127653042220553015e-01 4.685338509277796847e-03
3.157904829521085421e-01 5.977866415761129426e-01 -9.620091744008441026e-02 3.742682750715489552e-03
1.073669880818183264e+00 3.111042184632517027e-01 -9.704742007599363729e-02 5.851588179281000217e-03
8.119666593274377231e-01 3.728069926101376108e-01 -7.474585240168168943e-02 3.220525285570922935e-03
1.495889869752363488e+00 2.263956253287070092e-02 -4.568219917059807011e-02 3.407695257421368591e-03
5.920749174122920122e-01 3.920441281174913417e-01 -6.520687339712984143e-02 2.312692937869794720e-03
7.588127743365494782e-01 3.629723076497729517e-01 -6.682596810297319889e-02 3.168738533315514951e-03
7.654604032672156499e-01 4.043859166064830424e-01 -7.590351003758000203e-02 2.920432509381125537e-03
1.307093004842101669e+00 1.500661311648419233e-02 -6.615884832861297984e-03 -5.192719024242936805e-04
1.069562969903223859e+00 1.686194047656056905e-01 -5.300249535546738139e-02 3.301398744033376669e-03
1.351615379657183702e+00 3.676151308800924833e-02 -1.218090884246643239e-02 -2.383388316754535968e-04
1.028957814907099699e+00 3.588269355464612786e-01 -1.042378684611613981e-01 5.827099688744018062e-03
1.060793448379348858e+00 1.429703806923576515e-01 -3.227945422342230752e-02 1.694000246392826691e-03
1.018230404690112723e+00 3.317173230313922860e-01 -8.951444143215600557e-02 4.593807469996064735e-03
8.249132843343326416e-01 4.231984860889458355e-01 -8.478624227873279851e-02 4.342295914352365879e-03
9.976371615526657965e-01 3.517056510918877832e-01 -9.345607161700672516e-02 4.826811943638134941e-03
9.498927454307628526e-01 2.467933346886143908e-01 -6.079431106673449658e-02 3.512837548505412088e-03
9.483201659330189326e-01 2.575981338153171540e-01 -6.685781507011774594e-02 3.922552484102060678e-03
1.149031725166892670e+00 3.417797416920226872e-01 -9.730677020202962990e-02 5.463329040317001749e-03
3.465530274903309005e-01 6.161141200794503225e-01 -9.686482661652304205e-02 3.341267427627494374e-03
1.313427575142777970e+00 9.022025083619694685e-02 -5.308846679542984781e-02 2.865781029461145300e-03
1.282944925396243052e+00 4.245686898200608239e-02 -2.641664937129558841e-02 1.469953381615939558e-03
7.512336468564972947e-01 5.324549226767593124e-01 -1.199084199849425186e-01 6.601292739219888350e-03
1.062188279040034322e+00 2.643070590669364672e-01 -6.086916482630577718e-02 2.850647544714694347e-03
7.234342600357305253e-01 4.973078032883940236e-01 -1.246517010100334777e-01 7.211955685904720102e-03
1.060941100367351675e+00 2.683840653936963583e-01 -8.386761594063849024e-02 4.569281125865112293e-03
5.434382790406846464e-01 4.065968258508307898e-01 -7.132263841283995043e-02 3.232186253929291396e-03
2.579153256511103054e-01 5.309300206607503458e-01 -7.206954289656193613e-02 2.163561000268058188e-03
1.266461275605857972e+00 2.223664535871960890e-01 -7.874792261897964329e-02 4.113413943422200396e-03
1.212254784435711441e+00 1.518236668826510039e-01 -6.495256973499796693e-02 4.197907556629840164e-03
1.049836193704321019e+00 2.952544966542644533e-01 -6.260482274108829237e-02 2.681520938183143757e-03
7.058126723760964616e-01 3.008538247742250649e-01 -5.905833956775909110e-02 3.091809603531588038e-03
8.238983553022261042e-01 4.702183082886969845e-01 -1.019647109130143170e-01 4.470611264925232996e-03
1.426489844881445146e+00 -5.565333728976065708e-02 -2.642489242567048688e-02 2.298667528900240776e-03
2.198771288473563290e-01 7.953611462649621267e-01 -1.515235148778918128e-01 7.071573901496841855e-03
9.629261157916332303e-01 3.493481073202100995e-01 -8.419921787924102008e-02 3.777847396874872785e-03
2.942559379043278023e-01 5.987159123565559682e-01 -9.396173175433880642e-02 3.581864057319749783e-03
7.907813746025074142e-01 3.940536313817168956e-01 -6.852492982723387693e-02 2.582873568315717690e-03
1.160913888211891676e+00 8.513538251401596424e-02 -3.930428707778067104e-02 2.717275208077087577e-03
5.808107867813955272e-01 5.696201501967975700e-01 -1.201736998403015177e-01 6.085630786891896120e-03
1.125423549712174731e+00 2.116683800166405116e-01 -7.771734504264915522e-02 4.828124739984551543e-03
1.050624412590595469e+00 2.365752722381178341e-01 -8.021897376564475490e-02 4.582975585840868421e-03
3.490972881905051173e-01 5.585567785777342253e-01 -7.935983386322083277e-02 2.492535393635487203e-03
8.396967413256184454e-01 4.144332554456706674e-01 -7.793827543604363306e-02 3.276791304669421454e-03
2.989544711179208947e-01 7.907635928323993868e-01 -1.637242303961006229e-01 8.219169026143995083e-03
1.305667468203330017e+00 1.844599430133224416e-01 -5.863522934535031483e-02 2.917398987553864505e-03
1.061331448449647441e+00 1.926652100728532824e-01 -5.518461391398505472e-02 2.753275550587356863e-03
6.720404864955797919e-01 4.612904631057297422e-01 -9.175961284244839311e-02 4.185866495458788472e-03
1.315009097728985221e+00 1.166806579019067647e-01 -6.446890941354473104e-02 3.832012211422921796e-03
3.036115795786242799e-01 5.228840950020503531e-01 -9.207955493758172849e-02 4.581828964781835614e-03
1.153334147045615543e+00 4.038378271340938297e-01 -1.335231395297956924e-01 8.237073057960269534e-03
6.140452697177483099e-01 5.130427113423824403e-01 -1.243783241561857988e-01 6.857695373084704213e-03
3.967168197864817669e-01 7.330318057606965976e-01 -1.578776913899591905e-01 8.565250687091153017e-03
1.272994957071513555e+00 8.699240039119529588e-02 -5.397402942761053701e-02 3.099684921148873444e-03
1.274109778874664700e+00 8.511337795966761322e-02 -5.692679169950636692e-02 3.301630927526990385e-03
1.255582179748891969e+00 8.377158687321609176e-02 -5.585718088830200767e-02 3.706130245918183141e-03
1.430780909217780783e+00 -6.415416401958355663e-03 -3.551558207627870944e-02 2.868035690512416025e-03
1.164905008782686657e+00 1.757033821173265564e-01 -4.972458311200895348e-02 2.074115256422864352e-03
6.411276170415238784e-01 4.863736158433455414e-01 -1.013688160674992844e-01 5.082301998517283620e-03
1.255450348411842887e+00 6.575212693735968394e-02 -3.748589636681488174e-02 1.860886365031973579e-03
9.050528825560913981e-01 3.274930361356641617e-01 -7.530701656193747318e-02 4.023948896834872273e-03
3.514310456351589784e-01 7.417964339916846006e-01 -1.500065739376702512e-01 7.036394442367865064e-03
4.762499852644639375e-01 6.169767635810805562e-01 -1.203999597676804756e-01 5.495626328854649224e-03
8.160234177116156840e-01 3.819421771354709061e-01 -7.954217545974053005e-02 3.327113274385508704e-03
1.274639891389056201e+00 1.089585145833171231e-01 -5.345129135538020243e-02 3.716265671032456010e-03
2.651567526085882864e-01 5.198767002388906544e-01 -8.628580755711083572e-02 3.976283797520116514e-03
7.706803524125241944e-01 3.983473830400297566e-01 -7.727020190562725044e-02 3.032964455205699496e-03
4.423799760945332227e-01 5.615062608435129610e-01 -1.170539408264863607e-01 6.276318665308272364e-03
7.800112298881456407e-01 4.306490210077297820e-01 -8.413870633179139358e-02 3.975358588657011173e-03
1.377872231477703657e+00 -3.104091118505090952e-03 -2.637568117750483873e-02 1.860249245289771151e-03
9.949525662969522788e-01 2.309106808323433679e-01 -6.185466864617639171e-02 3.718410352872516915e-03
1.020745125244732376e+00 4.884199137387780221e-01 -1.647180224446381236e-01 1.033579352816513426e-02
9.689156045922303617e-01 2.661257771977637021e-01 -6.420393462663656625e-02 2.686366651035869673e-03
8.579221341815104207e-01 5.681585040720391611e-01 -1.464048866671275040e-01 8.058497552548369441e-03
6.437506940314158266e-01 2.334144776571352720e-01 -3.646814489254267266e-02 1.685556951105441964e-03
3.625301079314440789e-01 6.498157525897709785e-01 -1.346131037792747120e-01 7.204735460816536277e-03
6.971295487003288383e-01 2.529300918085422012e-01 -4.298449317215524007e-02 1.678912093073205245e-03
8.130369541257902455e-01 5.583211026434441449e-01 -1.467329289859366226e-01 8.371004522695736985e-03
7.322395768083939105e-01 3.406964744903010489e-01 -5.543592690017736663e-02 1.620431557474899661e-03
3.739888990412367775e-01 6.053173160262604879e-01 -1.260182915209387133e-01 6.733166273199312629e-03
8.495699267193104198e-01 3.696259770843502990e-01 -7.949333910314401730e-02 3.807893424931769587e-03
8.374126045766230320e-01 5.519307584497924468e-01 -1.671113735034829573e-01 9.991464061064566846e-03
1.174367566995528911e+00 1.299848631409952493e-01 -2.605023950989041048e-02 7.880859760319734513e-04
7.028881839514881102e-01 3.768974950752548847e-01 -7.883778853152521859e-02 3.485588948097767797e-03
1.046666462229799421e+00 3.589995461149124711e-01 -1.260709373610833517e-01 8.104986270473339693e-03
6.768218445834087715e-01 4.217073250231032078e-01 -8.956886353155094072e-02 4.024106176676116829e-03
1.165942652172977434e+00 -5.154037911724929782e-02 8.493462054752366069e-03 -1.047778534263983175e-03
7.077979862814620660e-01 3.945670799520308858e-01 -8.297457706033727065e-02 3.533601563317678457e-03
2.707390883852316965e-01 7.254726927200273456e-01 -1.428221087632253194e-01 6.711434483591690627e-03
9.556635242612451231e-01 3.045891834537891585e-01 -8.007676131160249011e-02 4.710118402036095504e-03
4.112592173902083759e-01 5.280337270876453992e-01 -9.095498941648559599e-02 3.695202203064406297e-03
4.359751128462033831e-01 7.511940287641621916e-01 -1.597176397655168389e-01 7.648539657434321598e-03
1.055213016236838719e+00 8.638198869377136657e-02 -1.238482627853079547e-02 7.598826331059453816e-05
9.260543318100242782e-01 1.888710879254704711e-01 -2.836351857978285443e-02 4.972670577584231743e-04
8.593716254708657631e-01 4.430478363390703000e-01 -1.090975906344655577e-01 5.806738420821616793e-03
4.428388237519218507e-01 8.136306681248766104e-01 -1.914505266627127278e-01 1.070265789325464817e-02
7.313058546089122869e-01 5.891612266071774018e-01 -1.439911270665662768e-01 7.305998206724344420e-03
6.243557628023337358e-01 6.443645631995250644e-01 -1.465225491584944695e-01 7.777015926722521608e-03
1.274177719609339121e+00 -1.671679458063449891e-02 -1.214014726169976820e-02 1.086949026622070465e-03
1.037596464338752300e+00 3.827761717823167098e-01 -1.056577561814172062e-01 5.843957357174299136e-03
3.699719967439391022e-01 8.895006705081021092e-01 -2.034083476403623081e-01 1.069308774194649946e-02
8.947398856252846144e-01 2.509137992730804956e-01 -5.875205253730841903e-02 3.142231144244604212e-03
6.978552227162708732e-01 6.153848324605313280e-01 -1.473554244686814119e-01 7.536758349452885204e-03
1.330978133962398724e+00 -2.141642226389728690e-02 7.129865271527145807e-04 -3.703326690059553609e-04
7.081290186186917079e-01 4.347393166462513725e-01 -1.008696614615272047e-01 4.883829764776433276e-03
4.712439852811600161e-01 6.313653957318261511e-01 -1.251191574151148678e-01 5.615238606652007969e-03
8.107507597535809074e-01 5.551172367878390856e-01 -1.380022417523837641e-01 7.510101328892086238e-03
7.798791661531856434e-01 3.559295404069179880e-01 -8.272663952351411165e-02 4.376813207586423976e-03
9.179489598864307709e-01 2.570084618843876956e-01 -5.475292028869615385e-02 2.532896313318085645e-03
6.584992160694214114e-01 5.914061494214565284e-01 -1.339534863948390886e-01 7.402133702593105199e-03
7.069319293695484063e-01 5.250219348212543657e-01 -1.238979766011935046e-01 6.183795897254582875e-03
5.215545710692568449e-01 5.250256949173486287e-01 -1.073372787599126410e-01 5.571180776032067829e-03
2.758844493918130580e-01 6.261055677602385128e-01 -9.423985388198176383e-02 3.420833506608033162e-03
8.560853973990542043e-01 3.940642836726108156e-01 -1.054273754636095989e-01 6.316915628509662053e-03
4.673585693040276934e-01 5.295902978933102467e-01 -9.411436192017584579e-02 4.333129282359848844e-03
5.116677271058842624e-01 7.389984556882800426e-01 -1.690352145821126251e-01 9.049516434526136063e-03
4.629703787061656972e-01 4.520091491477750134e-01 -8.494741163921347427e-02 4.303491403533044220e-03
8.211409515008095683e-01 4.107550363403592031e-01 -8.562801045453193038e-02 4.297148590997641217e-03
9.763902492624025875e-01 2.749961560114541625e-01 -7.283675041467189970e-02 3.369329418149798975e-03
1.075744036854134222e+00 3.676740056174570559e-01 -1.124562437121044145e-01 6.093192212991249516e-03
6.860945022649984626e-01 4.910286844137152218e-01 -8.799241104320873474e-02 3.449945834730679811e-03
4.366693236743558471e-01 6.755684898930919280e-01 -1.275368659734997800e-01 5.711115380006041506e-03
8.137727553792059032e-01 4.460936842551764814e-01 -1.104810271647693187e-01 5.435239573838724497e-03
6.686517148745136918e-01 5.158840590450030072e-01 -9.848870191776658289e-02 4.089683284040404251e-03
2.474202065888433666e-01 6.373207387543508018e-01 -1.125782645867960258e-01 4.995096975346868459e-03
7.880381913941805205e-01 2.124466609046856136e-01 -4.704349710618096342e-02 2.544445782680028207e-03
1.307588596472322839e+00 2.465451527576520696e-01 -1.124439589271917228e-01 7.061749782132057014e-03
1.404402801213488372e+00 -5.373559246594114547e-02 -1.254235199187014003e-02 4.216247590218427741e-04
6.378744244598175683e-01 4.234456127965649519e-01 -8.982303344349497343e-02 4.927119921107152127e-03
6.606705034374028562e-01 5.084929653306744513e-01 -9.401771345987215700e-02 4.068197990942794794e-03
7.166967302005017304e-01 4.642281199512196532e-01 -8.280653564023961188e-02 3.608479672226302341e-03
4.457256060139725418e-01 7.541593106327385554e-01 -1.586677525489018359e-01 7.696362629855050923e-03
3.629355279880022156e-01 7.356736338744910286e-01 -1.467160308351531106e-01 7.682123654522501205e-03
4.108227620810886438e-01 7.360241668971609919e-01 -1.579677717186815100e-01 7.981906447936792243e-03
6.102459685907943854e-01 3.479840439534535590e-01 -6.213509497664397585e-02 2.414184018424431460e-03
7.915870416020686084e-01 3.747615042325766477e-01 -7.793389341228403044e-02 4.221251094770724771e-03
1.314232664613659507e+00 2.826461950504880472e-01 -1.180360852478735956e-01 7.577759431231792346e-03
1.234783754284082713e+00 -6.068103484001497600e-02 -7.548677330938225773e-03 1.091041869853213173e-03
1.470195238601049947e+00 4.193404517349869770e-02 -2.600005671824216075e-02 1.050780667813883693e-03
1.360155181934646462e+00 -1.517167305391475818e-01 1.291184409459497986e-02 -1.347479323879069294e-04
1.219671654489880908e+00 -2.479389043888384839e-02 -6.459622577011987603e-03 -7.662231720279785447e-05
1.292795226176925549e+00 3.700050993053091881e-03 -4.370537065662647054e-03 -3.810929055878589091e-05
1.053831919045163268e+00 1.298331615515838783e-02 6.320187571794030857e-04 -3.464537651826622797e-04
1.375236486131038660e+00 2.878491114578080740e-02 -4.240135839638922710e-02 2.941195458477560785e-03
1.158046404835130883e+00 -9.359308371923491521e-02 1.135231845091744414e-02 -1.416301762238739918e-04
1.327843094897421583e+00 -1.725473787537993089e-02 -1.724846661686506646e-02 1.383949015523854758e-03
1.375307786996432746e+00 -9.191289056666605492e-03 -2.812434917791134872e-02 2.119112149620420906e-03
1.489870926298480835e+00 -6.427539698947189184e-02 -3.147107850075016311e-02 2.581227295825509662e-03
1.230193793325037976e+00 1.529309733656840642e-01 -5.380209252719953678e-02 3.417436915062867751e-03
1.497691422025993147e+00 2.272743317836404056e-02 -5.608431165368132215e-02 4.372160199013185207e-03
1.249661291594858836e+00 3.285585586896827559e-02 -2.391284417178760058e-02 1.390078881187682604e-03
9.158253836013955373e-01 2.986000440068550810e-01 -8.329323604499422329e-02 5.083622896977032027e-03
9.244938364200893099e-01 2.910598457345352497e-01 -8.167991931287765794e-02 4.724595177040730003e-03
1.404098705265137026e+00 -1.253850824087832383e-01 1.318636964419315528e-02 -5.271001873801434839e-04
1.284459414257296705e+00 1.505265591502150668e-01 -7.847631087644492409e-02 5.131819685829783727e-03
1.293410805067693126e+00 -3.586780999634498791e-03 -2.829730041960006742e-02 2.123047783418897765e-03
1.503538744748774691e+00 -7.087407560691614226e-03 -5.045417382229416131e-02 4.015080452123340367e-03
1.080411431849539916e+00 7.498041412616976431e-02 -2.034830983581392694e-02 5.420912666970510241e-04
1.358307359528751146e+00 4.375797835852386630e-02 -4.441644276537932284e-02 3.035125357848582426e-03
1.320147595733454304e+00 3.820691140888713561e-02 -1.662263934524036563e-02 3.369799660400689032e-04
1.481189835009055544e+00 -1.329129093794519101e-01 -2.573320237080797736e-03 1.664725500870008266e-04
1.078170376992493518e+00 -1.073252564940307616e-02 9.278770178243472486e-03 -1.179586552258758084e-03
7.010528516465223126e-01 2.859737477675627915e-01 -5.224388184923395295e-02 2.451171744222872817e-03
1.173785617532905556e+00 -3.013235141121474100e-02 -6.675087364012653041e-03 5.528129416925545202e-04
1.077464088223478722e+00 1.173212016936981544e-01 -3.483745265208570280e-02 1.461786380057594628e-03
1.142304366058583209e+00 -8.998389683773631853e-02 1.779748152967763550e-02 -8.415241129234362965e-04
1.118515308723195600e+00 1.212265187975824776e-01 -3.838800680836301771e-02 1.895018332083371919e-03
1.362230084361953697e+00 3.921588036201165833e-02 -4.923890484464363282e-02 2.959840331620628567e-03
1.159678610174544211e+00 -3.419700317220167318e-02 9.735627696876520201e-03 -7.800434325952134611e-04
1.186382447852905475e+00 1.341271406665909584e-02 -1.534210938041730317e-02 4.072017770452866152e-04
1.267967973824706274e+00 -1.357406804514109215e-02 -1.132296425316524011e-02 1.082711715947506882e-03
6.964507664264428799e-01 3.400373069723227060e-01 -6.028183312262726939e-02 2.309259050585150790e-03
6.161455201162314710e-01 4.407866186313944556e-01 -7.815822076545547725e-02 3.108264306437416146e-03
1.315056363555215935e+00 -1.112332209514468873e-02 -2.579470120303078637e-02 1.270344815391866731e-03
1.212711848491075495e+00 -2.918331986468972877e-02 8.515164258799744201e-03 -8.683157572605041232e-04
1.161107792757815949e+00 2.128814080976844381e-01 -7.457966004825961059e-02 3.971659259255654918e-03
1.444831240641256898e+00 -2.203594742482080926e-01 3.239385362523784784e-02 -2.064465082896178773e-03
1.386604258354693142e+00 -7.235147648156144140e-03 -3.204543065850279371e-02 2.046667813955642314e-03
1.111036107253440264e+00 2.192265343781311937e-01 -7.804830645752110219e-02 4.474836086831667122e-03
9.599972412267178123e-01 -2.362608926351394967e-02 1.358606185795286324e-02 -1.232904553409576356e-03
9.403230768363837200e-01 1.583345851781336744e-01 -3.132889827100714120e-02 1.724482885450335070e-03
1.090203880250634638e+00 1.869374874857060720e-01 -7.089025608417347246e-02 4.383606866284588295e-03
9.919722828639190304e-01 2.857125377546770317e-01 -6.544203524447805842e-02 2.647972722056318989e-03
9.504333357717466013e-01 1.639853498506748664e-01 -3.820662616487929125e-02 1.344973919117071473e-03
7.470784067232918435e-01 2.721983941500766835e-01 -6.027281499829369865e-02 3.161624696857133661e-03
9.878886721154477302e-01 2.405136488958898866e-01 -5.529735966513641549e-02 2.582661637779676712e-03
1.204190737575188352e+00 -3.334014789530293649e-02 -8.555185229308420649e-04 -4.485882979607634657e-04
1.310703295459279660e+00 4.341794731030992199e-02 -4.837245148883431017e-02 3.489841332222140893e-03
1.303212000925533909e+00 -1.112679374780635166e-01 7.698091776033011077e-03 3.385679351799513674e-05
1.359641539681829547e+00 2.637649484398956867e-03 -2.726673042334427921e-02 1.379063654987203180e-03
1.131566850648858757e+00 5.762172848405745090e-02 -3.012903317159959862e-02 2.101198253802572576e-03
7.184294183149805280e-01 2.877226051933754469e-01 -5.380141983989177729e-02 2.534721596727334842e-03
1.078071287773471498e+00 2.116710751323515674e-02 -3.717605990107940208e-03 -3.638767656568239772e-04
1.337921028993594330e+00 -1.319841085791794433e-01 2.105592303668069043e-02 -1.421593100137190282e-03
8.646958773010325894e-01 9.302896426267036334e-02 -3.100091672500488588e-03 -6.081359156862929487e-04
1.317873300125699698e+00 9.316603398189600427e-02 -5.088246845033217447e-02 2.985152407632226182e-03
1.295460424900917618e+00 -1.833649264068291929e-01 3.474201069298422234e-02 -2.499958898831286785e-03
1.492946537902011039e+00 -9.129447503761102534e-02 -2.834497496931587951e-03 2.414112785333843959e-04
1.344299075449463476e+00 -1.990683124856422112e-02 -1.614520578999308759e-02 8.793430101906944121e-04
9.693657232291166270e-01 1.647690477954683042e-01 -3.641813018447800226e-02 1.717187611313633405e-03
1.167147609447338308e+00 1.218139162118079960e-01 -2.765245882147154832e-02 9.746120787597139460e-04
1.234670079901883266e+00 9.785238734216414325e-02 -4.432178078670179211e-02 2.345609751838325339e-03
8.200750710928426113e-01 1.102512424766848853e-01 -3.813831929135388585e-03 -8.049432025308486671e-04
1.339153889760651195e+00 -1.556013210984426853e-01 2.622476102114132054e-02 -1.236812860878698734e-03
1.420316320241060692e+00 -2.453328427446826721e-01 4.408064455112047086e-02 -2.594810408819763978e-03
8.111744658137813868e-01 2.181734166552016796e-01 -3.358939414394110368e-02 9.496328374178758785e-04
1.377465505038967253e+00 -9.474000979836633141e-02 1.561877808265140812e-02 -1.620449275167000448e-03
1.167581268959683172e+00 -1.356519787714269114e-02 -6.881733488017735718e-03 7.687276993399366288e-04
1.064619346907768715e+00 -9.223424485082272473e-02 3.582786856948667886e-02 -3.011107790248911294e-03
1.078811379093635558e+00 -1.220940740172354461e-01 4.523280201276673462e-02 -3.675614400185863405e-03
1.059154870642149415e+00 1.476682622760185915e-01 -4.105768333867241410e-02 2.253455557012039919e-03
3.545364520705544531e-01 7.601608674462730919e-01 -1.493354740217172627e-01 6.713922863513133166e-03
1.194659838419834363e+00 -4.361405807809647789e-02 1.175144114358010923e-02 -1.031587196409779542e-03
9.453487113455384394e-01 7.140416647089697921e-02 -7.898064157314437297e-03 -4.093494114729691823e-04
7.949279087069457406e-01 5.972569217788692431e-01 -1.691240864838095270e-01 1.004845604998856785e-02
7.595716966251709890e-01 6.616176880488425782e-01 -1.830107882004958497e-01 1.086707080293701673e-02
1.262874484620503557e+00 8.749008613148118174e-02 -4.825644569803616557e-02 2.478914706150742945e-03
8.305975230532467446e-01 1.102396984701141947e-01 -4.506461294363696413e-03 -8.006330079880014583e-04
1.256766842166964437e+00 -9.417834555700246857e-02 9.898050742668883240e-03 -6.140784126314872450e-04
6.900668731951257184e-01 3.137489586219668891e-01 -5.612634029578471295e-02 2.648557225065299899e-03
7.771989142790287630e-01 3.230414542478443063e-01 -5.794720223588747249e-02 2.302177726573196009e-03
1.008821707601901929e+00 2.390832574063789240e-01 -6.783245924617010980e-02 3.665731507137196150e-03
5.676422651130328401e-01 6.324627607437870447e-01 -1.419531797677661134e-01 7.070999372392432550e-03
1.411535163723457886e+00 -1.507990601772170314e-01 1.889774553487079053e-02 -9.761790730644447729e-04
6.502688571455113031e-01 3.418545469936332126e-01 -5.478591677471403992e-02 2.364956924841632186e-03
9.327156444575545047e-01 2.698336159720861049e-01 -7.406490033400785211e-02 4.505339964006024010e-03
1.180954980841157465e+00 -7.591514060559555188e-02 1.707400290447208535e-02 -1.256555057546386404e-03
1.016224615549344623e+00 1.940481252962469594e-01 -6.319365186859866867e-02 4.022716020977914683e-03
7.728414410378529054e-01 3.161651699347410860e-01 -6.199175260592282299e-02 2.625835240079464096e-03
9.089648403134227284e-01 1.857887554483116099e-01 -3.243404094739175264e-02 1.353865104432620640e-03
5.235815715121171499e-01 4.128672991304235818e-01 -7.027222044922273869e-02 3.213252430475771557e-03
1.007999135132325641e+00 1.544347344867458838e-01 -3.562612765834924367e-02 1.544916576344528220e-03
9.486104198172266022e-01 2.068781179933447956e-01 -3.814960505660314194e-02 1.610377475607441527e-03
1.059347707881921563e+00 1.349356601960270408e-01 -3.137721105417444478e-02 1.412394464509498767e-03
5.475528777189325735e-01 5.757151158903064392e-01 -1.063249659224609345e-01 4.319130988098498006e-03
3.183655722454107884e-01 8.184923750873485115e-01 -1.798815124343555727e-01 9.387809753698550183e-03
5.461374603426375485e-01 6.863373873385637536e-01 -1.508129471719167891e-01 7.665330782280870003e-03
6.163340747317584967e-01 3.216297445006659483e-01 -5.378439742614619240e-02 1.871251369623483287e-03
2.021951794986559525e-01 8.044302285432598509e-01 -1.615040915926709841e-01 8.507101363400370111e-03
1.376399780670069850e+00 -1.150267279869204851e-01 4.991618399884776083e-03 2.528499103447806010e-04
6.215281410677564455e-01 3.599246155607610520e-01 -6.008711930136753643e-02 2.768815062557290936e-03
4.125747992108241835e-01 4.062531733693420244e-01 -5.308803370300207297e-02 1.546259389940865103e-03
8.751001024056318522e-01 5.641575658428776840e-02 8.936647717086491569e-03 -1.753006477285929841e-03
1.226570566252771499e+00 -1.112897500951089830e-02 -3.962912686554471986e-03 4.481673473690296660e-04
5.823017980985798481e-01 1.442248876115347911e-01 3.282652014808208965e-03 -1.596516049795726434e-03
1.138551978100258211e+00 -2.505637682951869852e-02 1.053492713064367418e-02 -1.231389331529498784e-03
7.680804710041621020e-01 3.917851962690613865e-01 -9.201622427263843329e-02 4.810969544192798472e-03
9.562765933816328445e-01 1.025472018648199979e-01 -1.111408707809539986e-02 -5.292591610421368969e-04
1.220593483122089928e+00 -2.739169176373290604e-01 7.039569968188391647e-02 -4.808134136282185556e-03
7.724343008162163349e-01 4.951143554644524269e-01 -1.301777772547066114e-01 7.392903843835571011e-03
1.400368644201331891e+00 -3.946495442788460206e-01 8.935074678340478027e-02 -5.622358428053167607e-03
3.348868213269840521e-01 7.374640817176214558e-01 -1.643886718381280809e-01 8.778477483482694660e-03
1.286099017229888286e+00 -9.169198898592441360e-02 1.440291752102879942e-02 -1.335961303102336725e-03
1.294990639485088080e+00 3.473639898697528875e-03 -8.441421446591549499e-03 -2.347215397719389150e-04
7.943170116224861355e-01 3.583758936313376497e-01 -9.397595875365213902e-02 5.215049095688620469e-03
9.478797904476291558e-01 1.957045523535559661e-01 -4.986364601811156538e-02 2.899935857754803135e-03
1.221061051953358234e+00 -1.130274720872963545e-01 1.859233367950619692e-02 -1.572641283165205532e-03
9.531732804932691039e-01 2.777839749627564747e-01 -7.240493382972613967e-02 4.197141476896624340e-03
7.911712906946988255e-01 3.172843534082175343e-01 -6.989019719477869430e-02 3.507555310020675238e-03
8.168614923288181062e-01 4.230663706966644177e-01 -1.113831368578381553e-01 6.484358164699515273e-03
5.743662411437328030e-01 2.958915164478930215e-01 -4.271360211503814897e-02 1.589719948905908781e-03
1.264029128072128749e+00 9.932490229931395520e-02 -6.256457640444781920e-02 4.375183274921531223e-03
1.499505935749839924e+00 -6.892192899920276949e-02 -1.902318664926237052e-02 1.338949992319300383e-03
1.457297508765943439e+00 -1.941702923229260136e-01 2.550644654212159967e-02 -1.372426258024819551e-03
1.469447694372327140e+00 -2.658635468759752984e-01 4.595827342681793604e-02 -2.176547944683327254e-03
1.487404979082956213e+00 -1.523685033221082730e-01 2.662284408853276760e-03 5.450807257187677193e-04
7.107451384233889335e-01 3.781854649539542201e-01 -8.127119261720920640e-02 4.135301657268425531e-03
1.231354095253976322e+00 -1.044931402873698345e-01 2.555019034628069549e-02 -2.272816580298054820e-03
8.749253726806880405e-01 1.711110902253906718e-01 -3.808583296578414712e-02 1.652757338246523162e-03
5.764242130673108422e-01 4.593043174577215448e-01 -8.086766256721861224e-02 3.555358050014455467e-03
1.461570625800042489e+00 4.803864657236844166e-02 -2.677332687401989472e-02 8.179438822363533203e-04
1.106127481012325831e+00 2.840453493239063903e-02 -3.268750829146840117e-03 -4.110608250200080242e-04
1.140098399201310730e+00 3.909030166949312157e-02 -1.973215572655135155e-02 1.370714789302677128e-03
6.024423542369913287e-01 3.933320793719903841e-01 -7.338141659439605113e-02 2.829674078615983419e-03
1.159696226735947633e+00 2.987997104606043841e-02 -2.080241280710743573e-02 1.334698162201322733e-03
1.179768002647993086e+00 -9.480634870809086234e-02 2.991736203570414393e-02 -2.467233152934056144e-03
1.369318198542053944e+00 -1.491676008724044378e-01 2.455893191404331238e-02 -1.341066521634538648e-03
3.638564381404759129e-01 4.470056311956144834e-01 -5.549052564972353774e-02 1.277241336636824025e-03
1.326883018388542279e+00 -1.139516111402596454e-01 2.614793308844174519e-02 -1.981983189618275170e-03
7.671436674363777408e-01 2.905499854405065308e-01 -6.340562471777268228e-02 2.633427625633934233e-03
1.016834559912735969e+00 2.821079873545628836e-01 -7.907673018441871426e-02 4.702586866056260480e-03
1.202212263454315311e+00 -2.184701979172737341e-02 -1.876856330494466310e-03 4.513564429293995175e-04
1.414248456459377135e+00 -2.369515917560208740e-01 4.956505457608544746e-02 -3.084876145180104334e-03
3.579828603386835395e-01 6.525545520160347390e-01 -1.315181464613929263e-01 5.968842229384053663e-03
1.102718216611316748e+00 9.381915003742179182e-02 -3.312443438358694120e-02 1.560043569520148379e-03
3.427125321221253795e-01 6.085310173795684952e-01 -1.078582107006782059e-01 4.289879344976475252e-03
1.404628397725926625e+00 4.023057024198463394e-02 -4.968215058084881480e-02 3.511757772313273563e-03
1.297668416971168748e+00 7.619758237730793471e-02 -5.630838806667649854e-02 3.627736853052839199e-03
1.309925131327285497e+00 -1.708351455724720913e-01 2.518600339065204044e-02 -1.216240335839770433e-03
9.370447310564188337e-01 8.436086560189202943e-02 -1.469674228598439117e-02 6.351915021966676169e-04
1.117263095053364852e+00 1.046499004631625401e-01 -3.274273777903152771e-02 1.413220773929376069e-03
6.987354344356956348e-01 5.601573245161974857e-01 -1.383849491264218246e-01 7.180200084149872264e-03
1.209041731134652631e+00 3.069880687374858252e-02 -2.189959196319582121e-02 1.037621489527107942e-03
6.403727204759960268e-01 6.237328614970337748e-01 -1.566490364632865950e-01 8.452306354650463219e-03
8.991975120135097255e-01 4.164512955514240722e-01 -9.956218957231680045e-02 5.348208782343751543e-03
7.508272635284849450e-01 2.997739757361060908e-01 -5.048351612153324786e-02 1.811892331844629092e-03
1.367019524979824263e+00 -1.841249950439306504e-01 3.847072436635521481e-02 -2.387966668862331020e-03
1.460315619331312709e+00 -2.457273572390188121e-01 3.669940465706268695e-02 -1.372907737916201050e-03
3.597586751772964275e-01 6.998686154539677240e-01 -1.488273470279684874e-01 7.671474721586046298e-03
1.403998640615393922e+00 -2.971112946907971120e-01 5.926629690747855367e-02 -3.796737046507455120e-03
1.387246757192791113e+00 -3.052085460342932599e-01 6.603137274979817284e-02 -3.943395284769051802e-03
6.054889376888669128e-01 4.617821531184986283e-01 -9.867312488078937294e-02 5.213389429386864303e-03
8.018531111950860657e-01 3.180814454974293382e-01 -6.743303877934186952e-02 2.999165384390533109e-03
9.916080967073823693e-01 2.718009996211158408e-02 -1.084388747745539464e-03 -6.027033212623121149e-04
4.577084288125060074e-01 6.544599367021696201e-01 -1.479900086497554501e-01 8.267569279791565570e-03
4.360028223650227464e-01 7.625693040125097744e-01 -1.819459587820537738e-01 1.023915182744347674e-02
4.872883592407008524e-01 4.330814335567115814e-01 -6.226575981492348671e-02 2.058511423594656161e-03
4.431158466278136698e-01 5.979439843990230763e-01 -1.036117330831473615e-01 4.629731446903009168e-03
1.039241521342725072e+00 1.128461976371960239e-02 3.613339828171428705e-03 -9.683681650416345972e-04
1.318755529052994424e+00 -1.710796207909647815e-01 4.033514851424288561e-02 -2.763796072069768777e-03
8.207167231787763084e-01 3.449590226645163904e-01 -8.580929932341892219e-02 4.828006757254232548e-03
5.783434506570561684e-01 4.619989755786172991e-01 -9.882445179737414653e-02 5.018959739439999602e-03
6.960684688443067314e-01 4.535363500320308550e-01 -1.025356394800205212e-01 5.600946889049763372e-03
6.344836927512789160e-01 6.803711883601424315e-01 -1.815581986920246915e-01 1.048909156867534366e-02
1.495315684127739964e+00 -9.026624003600892954e-02 -1.477385935884491241e-02 1.284199752384859033e-03
6.932383536674643354e-01 6.036220317203655483e-01 -1.339666387605466802e-01 6.828237188615212012e-03
3.595193727586195598e-01 8.221437658186041553e-01 -1.916378848524647738e-01 1.064844265964725971e-02
7.112734809411143111e-01 6.093031703338072091e-01 -1.599407789975441085e-01 9.344942292471375422e-03
1.031457756576851903e+00 2.416451033596526132e-01 -6.969197378658240072e-02 3.571120834507585107e-03
1.248941343855775266e+00 -1.183636463133612010e-01 2.791732914322268486e-02 -2.119574442166144348e-03
6.086049285219542471e-01 7.041782948523453989e-01 -1.806915850893410502e-01 1.050523214976258057e-02
6.020483178870061902e-01 4.714238196928232094e-01 -1.043075765559084850e-01 5.738613073644088271e-03
1.032097398486885531e+00 2.157487365595806006e-01 -5.801337679326008800e-02 3.145175124502204607e-03
3.030828572522572539e-01 6.683726685066450068e-01 -1.267868588741461189e-01 6.066850950893329722e-03
1.160016505494748884e+00 1.350961534617347304e-01 -4.350171000140388294e-02 2.612324895153064590e-03
4.732516647823363787e-01 6.516115676421356806e-01 -1.297960968787340297e-01 6.320595065784166341e-03
1.373671013744242497e+00 -1.739798199168605120e-01 2.776742443546566241e-02 -1.518890677474319436e-03
1.255639129358762318e+00 -1.062723402902324560e-01 7.477573914481545556e-03 2.206246853367160009e-04
3.910247324473114516e-01 5.773807665964260094e-01 -9.926264146644674102e-02 3.787783713370487977e-03
5.740454014185342180e-01 6.400374634550584085e-01 -1.401656555210221422e-01 7.147853631576313836e-03
7.777993633165605214e-01 3.583010537943194240e-01 -7.318057605324833348e-02 3.084674747229658280e-03
7.633122008526553870e-01 5.498724352269398485e-01 -1.427993508838510672e-01 7.968924298499933598e-03
2.753341358644420533e-01 7.567768916494017617e-01 -1.520211215864017973e-01 7.080027682873652611e-03
1.388081182527546309e+00 -6.693471949579987701e-02 -1.438255440756950297e-03 -4.294275210110223774e-04
3.311423559815655504e-01 7.068660360420525590e-01 -1.299898589048253672e-01 6.397364938305012683e-03
1.251560516077811824e+00 2.070591587693600827e-02 -2.870659606020045315e-02 1.675295483581331919e-03
1.119786318480785914e+00 5.436469550821020763e-02 -2.425807427218548695e-02 1.477298265156913940e-03
1.106367600207849966e+00 1.715531151175633262e-01 -6.047726142437925140e-02 3.418232519054540883e-03
7.160727886326599956e-01 4.866366463213021021e-01 -1.101330649494028646e-01 5.886797449475544494e-03
4.882125722491372222e-01 8.284036973869363107e-01 -2.003480620855520034e-01 1.087589399828690732e-02
1.034426205027310086e+00 2.244081793146148751e-01 -4.395762987293640178e-02 1.504067010598797221e-03
7.119133599193461226e-01 5.595947881385601175e-01 -1.339354012833216534e-01 7.345824457624703686e-03
6.502100975142409700e-01 4.678497679684028854e-01 -8.634741264304253427e-02 4.229941154540887115e-03
6.631066859651745249e-01 5.229913979181034511e-01 -1.269135958136001496e-01 6.809452473452872086e-03
1.077457338192971514e+00 1.984006958245295993e-01 -5.434683029233623730e-02 3.052050354036384139e-03
7.550104529737481363e-01 6.138201972894964387e-01 -1.674450125413156354e-01 9.498792400025504734e-03
7.163339371214518803e-01 5.442152584647517166e-01 -1.270716240409441311e-01 6.984296965423474751e-03
9.162986021132110137e-01 4.303181912722040536e-01 -1.268785904436605938e-01 7.021523220833999525e-03
7.440987017755500421e-01 6.190603945721540047e-01 -1.625147361038396243e-01 9.518625358682544779e-03
1.040973169754250360e+00 4.824227020166830249e-01 -1.642172889764599575e-01 1.022057601301764804e-02
1.386383931592333862e+00 1.040749607936884841e-01 -7.329039964972987320e-02 5.177077272596739867e-03
6.368602041702816630e-01 5.250850594086902134e-01 -1.175267207718543594e-01 6.510625213104378681e-03
1.088617625708308001e+00 3.954430969022612596e-01 -1.285407429031992788e-01 7.996308837943269174e-03
8.394798687245145219e-01 4.988765045317836155e-01 -1.362372922475811876e-01 7.947135666849467275e-03
8.090333355784006253e-01 4.907139778365701699e-01 -1.303562771690359445e-01 7.256930627364166671e-03
8.591597727985185173e-01 5.776986380389881326e-01 -1.526037396753645026e-01 8.606054302161511224e-03
7.716941971081401341e-01 2.582875956755478764e-01 -4.946075571518114555e-02 2.690197995198739898e-03
1.424154063702445017e+00 -1.198202407865478630e-01 6.948596102954261028e-04 2.323509039573368911e-04
6.335307733701672772e-01 3.481185522215213823e-01 -5.724820988907972780e-02 2.573128916535424426e-03
2.178338838843591196e-01 6.750646884710409523e-01 -1.220178258938422744e-01 5.590579051809532393e-03
6.064839371921584288e-01 4.041876079195496074e-01 -6.094700696031044723e-02 1.904639571164969559e-03
4.686543890529817347e-01 4.903857144827737380e-01 -7.447111222925285878e-02 2.493369329405775280e-03
6.787697994223002018e-01 3.128027444035488824e-01 -5.928170810712403427e-02 2.914468465651545454e-03
3.580469773506059772e-01 4.629904568975678480e-01 -6.106670045822908816e-02 1.531381554460508601e-03
7.224203658491328284e-01 3.629178012635232986e-01 -6.139937708596011207e-02 2.074541724677996055e-03
7.513859892767256188e-01 3.461097765577865748e-01 -6.102554008398865942e-02 2.352072159067661143e-03
4.870151063717940709e-01 4.619289922078800847e-01 -8.044733482678344261e-02 3.952982146369222148e-03
5.526108764189768818e-01 2.294614273989424025e-01 -1.501406666843799198e-02 -8.247027958861492683e-04
8.538186341563021031e-01 4.587897178622713512e-01 -1.191387499208406003e-01 6.925232153059135594e-03
1.281296346709293044e+00 -7.287781966412096302e-04 -1.503243880238704783e-02 9.812557560571521023e-04
7.151321681202049696e-01 6.188228921836201879e-01 -1.698491962368149921e-01 9.681277408271047463e-03
9.896880993221196521e-01 -3.763173219004981029e-02 1.300703870678340812e-02 -1.193021388705529191e-03
8.603616716866323566e-01 5.009836802172390469e-01 -1.465805638680702516e-01 8.466430546828721676e-03
1.277308371846062718e+00 1.182651936499042739e-01 -4.511331844848448513e-02 2.208835717583892185e-03
8.739979453112562968e-01 1.968968234383228558e-02 9.471915042683926728e-03 -1.191756974191306379e-03
7.992146823810393208e-01 4.314218606143608858e-01 -8.715279137016908317e-02 4.338622084382890744e-03
6.493849940717808522e-01 5.436160850430910019e-01 -1.214192318769429652e-01 6.198343663511372836e-03
8.299492762365853205e-01 1.310221744156135903e-01 -4.327512273249808569e-03 -1.030680968155645895e-03
8.231793199332767541e-01 2.284743263803099278e-01 -2.776394733868777637e-02 8.821669667173609843e-05
7.218965925463817213e-01 6.681964262827184697e-01 -1.874326308453287127e-01 1.118960438244952227e-02
8.647361539804544472e-01 3.924411721757267157e-01 -8.028788969940146847e-02 4.054733378665792767e-03
3.023736451965226557e-01 7.630098363457771260e-01 -1.566447420706654492e-01 7.476273795983074885e-03
5.278485366346405971e-01 7.189350470107577218e-01 -1.546756206231270914e-01 7.646576658939465906e-03
5.718154444217836696e-01 5.468907090988052166e-01 -1.164081234551562344e-01 5.417714145545981207e-03
5.230131834589775153e-01 6.548227852351120593e-01 -1.396331383317997998e-01 6.971215739418495407e-03
6.506328012308083553e-01 5.406082967895238234e-01 -1.388555673924840306e-01 7.890635101372972526e-03
6.724208771997791656e-01 5.117258659591046310e-01 -1.062425247455272420e-01 4.951149730508569609e-03
5.317756172219524347e-01 7.789973431850273355e-01 -1.886693772989813112e-01 1.006156863078518267e-02
9.294103869803971296e-01 1.832456585507963864e-01 -3.328295843244022389e-02 1.274746356494301305e-03
7.422905681592556482e-01 4.334572665862714280e-01 -1.092275988877015047e-01 5.569608381085263370e-03
7.303896923132912056e-01 3.217698196522220666e-01 -6.573369830913862455e-02 2.582247064446642221e-03
6.081395457633747004e-01 7.238631338089024370e-01 -1.759372675697292721e-01 9.552570606148320584e-03
1.045540420742333998e+00 1.457811520169088881e-01 -3.289785825765990240e-02 1.931235861801770034e-03
4.815562831085409834e-01 3.428216823116381762e-01 -3.820184243170812732e-02 5.377496560412262441e-04
8.154466911590194655e-01 3.656633866154316848e-01 -7.987447794877092222e-02 3.614881484669256028e-03
1.168780245716732447e+00 6.865615078666195692e-02 -1.689783992861807263e-02 8.259596598148212943e-04
7.487131718264661284e-01 3.889257226827407821e-01 -8.556848100616586128e-02 3.885240910367824835e-03
5.707757701636140268e-01 6.420649877041432196e-01 -1.506640263743596053e-01 8.437661333078837894e-03
8.602790256804371261e-01 1.346350479243856868e-01 -2.014663627965118317e-02 2.102541539374603230e-04
1.385096732983119638e+00 5.398348950069636193e-02 -5.882473762375716592e-02 4.154899481558284660e-03
7.503932984786158000e-01 5.200035047716853320e-01 -1.166774712747263160e-01 5.754439722634639709e-03
1.350699018155173015e+00 2.238392081811408085e-01 -1.104704463355333233e-01 7.385287225368702795e-03
3.183043101023645405e-01 6.983190749006232823e-01 -1.252234065749453507e-01 6.101828566868660632e-03
8.823482679052052635e-01 1.686069003338764305e-01 -3.690572020766930139e-02 1.705920137032980758e-03
8.110775553803490912e-01 1.851855781213414265e-01 -2.077794809148941768e-02 -1.504203488009845280e-05
1.055568998457101060e+00 -4.852638508217588936e-03 4.365015390995585602e-03 -6.403716900718629725e-04
1.145295375888655709e+00 -5.510580293522635009e-02 1.608197571171786008e-02 -1.613541210426000863e-03
7.034440863873624439e-01 4.552706024871313595e-01 -1.009978107478853165e-01 4.800486195429941837e-03
1.073925295755258302e+00 1.441622301723376465e-01 -4.270268787815304640e-02 2.317086729043212837e-03
7.307482826313420610e-01 4.381884334118825719e-01 -9.238861260623495997e-02 4.230935245397960537e-03
1.052502931381778639e+00 3.148568334912608679e-01 -7.458080109945136593e-02 3.666686284661857618e-03
7.787972209761317988e-01 3.758392198934864536e-01 -7.021663347275892975e-02 3.392426822445284654e-03
8.870474776842869336e-01 2.139994188936006903e-01 -4.855047253775814087e-02 2.528674382546274024e-03
1.421829776740944018e+00 -7.420506748404766262e-02 -5.916160494309828481e-03 2.216988543759654739e-04
1.131496318812238888e+00 -7.333129155128106924e-02 8.152780118950306298e-03 -1.540513028563486619e-04
1.201646140698928722e+00 -4.677041741493730143e-02 6.357657267523540712e-03 -9.852170426723815076e-04
1.495884746010728295e+00 -2.649018942520845465e-01 4.356942539143904974e-02 -2.043829593380734784e-03
1.162807102281219640e+00 -1.510269634174367034e-02 -4.561531570273819232e-03 1.098912773179394002e-04
1.257660117698268021e+00 3.446872407200626126e-02 -2.814759428878382819e-02 1.494158383042428710e-03
1.305183168541603100e+00 -2.015672189339140150e-02 -6.765791982938097185e-04 -2.989074335565267289e-04
4.786569698805912543e-01 7.338599476753752127e-01 -1.741981507253762274e-01 9.363876224860042188e-03
4.933420075312295872e-01 7.177845035690079145e-01 -1.739892109432115141e-01 9.809392031829341357e-03
6.398772528758999156e-01 5.576681223876893689e-01 -1.239316371749127760e-01 6.394655044039561885e-03
7.525420537453721970e-01 3.623633780088650336e-01 -6.013619071321001791e-02 2.213925617259669427e-03
1.503332408262715969e+00 -1.134984583764921950e-01 -6.768166218636209770e-03 1.114565299106285833e-03
1.020350690048584363e+00 1.301425263037508662e-01 -3.976074506654012769e-02 2.346931357480346557e-03
1.409419832091790781e+00 2.788835866357488712e-03 -3.105397804263290359e-02 2.400470439046007917e-03
1.021186172234502365e+00 7.057440848601524708e-02 -2.601270578998808938e-02 1.799598284002339134e-03
2.197830338118185733e-01 5.936512915303671090e-01 -9.000965218889409036e-02 3.054335678443992862e-03
1.336550096274379040e+00 -8.319487046629481242e-02 4.060964982508911275e-03 -2.363493688005462306e-05
2.289430392959656835e-01 6.126958486966485040e-01 -8.427021785313844326e-02 2.416611771547358054e-03
6.313859384831116417e-01 2.602687836069833005e-01 -2.294230099328304143e-02 -4.461771220894286487e-04
4.724791043731283446e-01 4.115581340055223802e-01 -6.474398743848545912e-02 2.646243638426203776e-03
1.097847606702215151e+00 3.658269304797837629e-01 -1.361181654425656640e-01 8.742086890171816074e-03
8.883906376298185137e-01 2.552900216231195341e-01 -4.751782609960985421e-02 1.983471624547360115e-03
9.175409828439364812e-01 2.674859371904877436e-01 -5.109049839797884240e-02 1.673266560773823287e-03
9.290781305188039463e-01 4.640941466134297366e-01 -1.434541350378575886e-01 8.309669947208008639e-03
1.202417664530173624e+00 -3.775981697482715116e-02 6.487854779728313530e-03 -6.071271748932573773e-04
1.315486249536911512e+00 -1.098117436509730427e-01 1.800615060632162687e-02 -1.131338786632779493e-03
6.745439063016955838e-01 4.793114492380720626e-01 -1.091262356302763331e-01 5.651473514072961890e-03
3.163780255289739274e-01 7.513914935560659369e-01 -1.444946835540444618e-01 6.580065540001169173e-03
2.988058430711031943e-01 5.294456738038467725e-01 -7.848960035186680617e-02 3.020866605548691141e-03
3.470387230834640069e-01 5.369857529254126183e-01 -9.206844129067170979e-02 3.938427714474918018e-03
4.182374322403218936e-01 8.052801291234223946e-01 -1.936041409750069164e-01 1.080409193644371948e-02
5.142186769039821526e-01 6.513432418013666014e-01 -1.349425173148713908e-01 6.608469989931479299e-03
2.350363134745449278e-01 6.513586620608847744e-01 -1.134222164482057843e-01 5.444460627425090106e-03
1.363652895886907190e+00 -6.716166460707720387e-02 -1.402401043664492329e-02 1.642799106035814369e-03
3.510105497850657397e-01 6.144201868257200827e-01 -1.115232164394765607e-01 5.198018062824919308e-03
7.330830490102273611e-01 5.104853537661462326e-01 -9.898806120723738222e-02 4.186315944423080887e-03
5.735972573488852255e-01 5.711396276454079324e-01 -1.106698346033901659e-01 5.099005171969523027e-03
4.808280337122752268e-01 5.827039784744184603e-01 -1.162607332448604008e-01 5.601687597298176356e-03
8.036867575796075025e-01 3.758161718050279099e-01 -8.384849443149423875e-02 3.804009958715967848e-03
1.432219359697507022e+00 -5.702299085534182077e-02 -2.001545459035418764e-02 2.026819247009858764e-03
1.285275676102349163e+00 1.049849515021564206e-01 -6.066518113302869775e-02 4.166489968029777648e-03
5.208962422646726820e-01 2.371930794341225168e-01 -1.233526246419801124e-02 -1.113289007433460043e-03
7.571721518869243273e-01 5.237462069791313235e-01 -1.175181922149328012e-01 5.443774494908023599e-03
7.584371243059755408e-01 4.980510573542817343e-01 -1.042284342171045652e-01 5.462970008807196444e-03
2.152983129500257720e-01 9.186756025445159679e-01 -2.030002994863051580e-01 1.104728282866306380e-02
1.316061720176184613e+00 -1.830693452696518370e-02 -1.017846479852891999e-02 1.014455906524477057e-03
3.331158289792018889e-01 8.248190709988971747e-01 -1.757189877229158315e-01 8.803218986400776838e-03
5.204433044916680906e-01 7.213681741561003280e-01 -1.622200609569654228e-01 8.272513860276027933e-03
8.419625581913680046e-01 3.487480232062051266e-01 -8.018732620789253973e-02 3.661693804716191838e-03
1.096519470404135221e+00 3.044174349402642976e-01 -6.877361368343502812e-02 3.203276349401067234e-03
3.118682524228843511e-01 8.962449747667390332e-01 -2.151846159436980321e-01 1.218588995669461252e-02
1.116959716858223928e+00 -4.321088761549396473e-02 1.827081473861442290e-02 -1.609745845111224807e-03
9.695383743258734199e-01 3.191768035771614179e-03 7.290049956608329711e-03 -9.946554094383112683e-04
1.127704475138035622e+00 1.533073339908047616e-01 -3.327765953276582561e-02 1.565490508283001085e-03
8.353145992868317160e-01 3.088454804746303961e-01 -6.349191902940039267e-02 2.955357949406005671e-03
1.082265755002036478e+00 2.559711331935820011e-01 -7.945557839816558277e-02 4.536169434505085175e-03
1.066093466638143639e+00 7.667658400101318161e-02 -2.223420226118333343e-02 1.268232175440698207e-03
6.626072896800043743e-01 5.351262763283879398e-01 -1.260522095820515442e-01 6.389500425670001198e-03
1.107154659998133006e+00 6.552263145181673465e-02 -1.982675781970009640e-02 3.241167050862322910e-04
1.227877328982313498e+00 -3.231276450915871747e-04 -2.321344412974253243e-02 1.752125765597584237e-03
1.144523479315933567e+00 6.487666510092086891e-02 -3.048758090773804816e-02 1.332907971735723283e-03
2.021364384591832764e-01 6.268774406535163601e-01 -8.917552520864363563e-02 2.726345768628904691e-03
1.233231205821393894e+00 2.454273193786610519e-01 -7.021384303233844937e-02 3.327926767114646259e-03
2.172406621452105113e-01 7.623449511126806355e-01 -1.420214267023132693e-01 6.685286108746692560e-03
1.278502169800931565e+00 -6.240085247963697568e-02 -5.135883113627599458e-04 -4.569982955841456109e-04
1.241117747948365935e+00 -4.082476450081793523e-02 -2.963332028644076639e-03 -1.400654059955851139e-04
1.201768436907188820e+00 2.394568292647251961e-01 -7.010612263874579919e-02 4.279425925227315665e-03
1.275951461073560278e+00 -8.224486950122666951e-02 5.436039708190408375e-03 -6.714626856456546757e-04
1.319945193321633292e+00 -3.494665520276708098e-02 -2.198728601350626033e-02 1.993246909329489478e-03
9.166328111463255546e-01 2.578195199974886442e-01 -6.178229613108684320e-02 2.772408715713286023e-03
2.214166915961550408e-01 7.606246646365889541e-01 -1.447139021629821887e-01 7.253711038485499002e-03
8.450649606023764582e-01 3.065919631486704322e-01 -5.918621259411675078e-02 2.082991645326728435e-03
1.427976843137115148e+00 7.039347490880445979e-02 -6.996879639180586530e-02 5.095581912457628621e-03
9.989551827634080006e-01 3.055003465305364263e-01 -9.251247067140255798e-02 4.846234562689973220e-03
9.821429341017664516e-01 2.559628370853204715e-01 -7.583352671852663929e-02 3.988275462457942927e-03
4.805455586857568240e-01 4.108052310365171156e-01 -4.959534395751109132e-02 8.517355374444027325e-04
1.007267938718110711e+00 3.740130947592349431e-01 -1.072977709888564141e-01 5.659209025857383189e-03
1.461683447585120810e+00 2.450797970731236758e-02 -5.504088806590647087e-02 3.490380390041751893e-03
6.868178701958064236e-01 2.218617649440443873e-01 -1.661563862106937850e-02 -6.955171126677801505e-04
1.240248283326574219e+00 2.004253010840272298e-01 -8.446010334995139590e-02 4.982339603801374910e-03
5.709624746996977418e-01 4.780168137294577568e-01 -8.459005624171968274e-02 3.691804222032180754e-03
4.275385940269048612e-01 5.382888658030460238e-01 -1.021861703105167857e-01 4.586170854063775955e-03
3.128492116365888531e-01 6.826068479477526152e-01 -1.224972795317072205e-01 5.498243251273274637e-03
7.053017062543657234e-01 4.482974623119188595e-01 -9.345281222124046661e-02 4.383860332440767463e-03
7.761610969796284287e-01 4.679120399840280276e-01 -1.201283725125197599e-01 6.145359411470003447e-03
4.421734310255702183e-01 5.707991030368955165e-01 -1.206862070227885941e-01 6.105779341165939664e-03
1.432581461840093162e+00 -2.942326405444677384e-01 4.772698068258258292e-02 -2.196041133296634286e-03
9.000387601894376255e-01 5.063414220151245537e-01 -1.355225823157827081e-01 7.986073212242946959e-03
1.341597062949131169e+00 -1.217126161391324374e-01 1.966506832355712636e-02 -1.487378727525194089e-03
1.066047022622634843e+00 -7.173304773287411673e-05 1.404132173299443842e-02 -1.970675457527552594e-03
2.469656558313012007e-01 8.924717578579747235e-01 -1.892102854647415566e-01 9.340849422330040758e-03
1.366613746272949514e+00 -1.574264832885692300e-01 1.857474109089695541e-02 -4.418949706401908571e-04
1.099979562106844000e+00 -1.457235625824506720e-01 4.234006863404941867e-02 -3.263606767107580207e-03
1.244855880121019887e+00 -2.568815068594337142e-02 -3.609860850384508796e-03 5.656642268794792984e-04
1.092341272394528717e+00 3.481779827006641348e-01 -1.233658150669643405e-01 7.910216317973926131e-03
7.485924898240249314e-01 1.409090480501229425e-01 -1.865920443809224866e-02 6.573305120493981319e-04
6.086837731418048847e-01 4.381638154916152605e-01 -8.483571807486720018e-02 3.900237830930572587e-03
6.705790548214989322e-01 2.463863341747699887e-01 -3.435790811273112949e-02 8.901059576528307093e-04
8.054541691272834036e-01 2.212121039044246673e-01 -3.077432591680728455e-02 5.815287046469008259e-04
1.188396517324583623e+00 2.697512239884766738e-02 -4.754006092172073650e-03 -2.046644222672608078e-04
1.057496672319929498e+00 1.192617542658269553e-01 -2.457326685081516818e-02 9.019029506795423574e-04
5.891664905750536585e-01 6.675064209108834135e-01 -1.447104595513120651e-01 7.113625163534964373e-03
4.842025385254671299e-01 5.828958790011423696e-01 -1.166329940511448837e-01 5.554574753992228518e-03
5.684177828452484649e-01 5.120091977991527710e-01 -9.411708580419066161e-02 4.362191066195067295e-03
9.016966358679942006e-01 2.538232666220250344e-01 -5.913579672907257057e-02 2.811094237521410185e-03
7.207093181065389320e-01 4.489746408811431388e-01 -8.540550355082865419e-02 3.677195266618692691e-03
1.454488833671462311e+00 -3.494467367130482064e-03 -2.948596440973668895e-02 1.754105269281727502e-03
5.078764754225459921e-01 4.802376119828724033e-01 -8.066297597553165333e-02 3.200645014776363519e-03
3.804576339833126153e-01 4.116410853504888223e-01 -5.323706403030088741e-02 1.352767136106679475e-03
5.857844870549505645e-01 3.962250609485934438e-01 -6.362445855566470354e-02 2.014433761925026045e-03
1.110198172922767457e+00 -3.650603142692720321e-02 1.431609731747094348e-02 -1.322637836513120696e-03
1.079272128168714762e+00 2.561078028056358313e-01 -6.693481758403284354e-02 3.196442673252207749e-03
9.749882873629555080e-01 4.742050365559972169e-01 -1.336212460076058317e-01 7.160471141221595032e-03
1.224930098550283120e+00 1.687697897762292509e-01 -8.362380996242362030e-02 5.623330471765132337e-03
8.289946718159174610e-01 3.532842491766406967e-01 -9.448182988691664064e-02 5.598749069852665405e-03
8.936136827802140248e-01 3.205204410112456603e-01 -8.995314840755246066e-02 5.361013475422104005e-03
8.743983340596236387e-01 4.123633430254500798e-01 -1.157049162879888043e-01 6.215199222939044206e-03
1.040303585835872680e+00 3.263884886203813340e-01 -1.109621942230215180e-01 6.698206849520025458e-03
4.266445169442327767e-01 5.910461986837481918e-01 -1.101161784736415655e-01 4.929726157947560139e-03
7.742133109446232009e-01 2.732887245634960660e-01 -4.793463369294340831e-02 1.433211014184159263e-03
7.770295024894350311e-01 4.249865856613744830e-01 -9.389944202173472476e-02 5.148697715321580437e-03
2.672248569048407130e-01 7.455049204049579714e-01 -1.330545310426967109e-01 5.506562390361165703e-03
1.093038824953537880e+00 3.123246029027472170e-01 -7.938244450860228174e-02 3.589157766112831965e-03
1.175930520899620690e+00 1.936957825914419895e-01 -7.624240674818304198e-02 4.885026577632056548e-03
6.537791514129799308e-01 5.981582362933453023e-01 -1.522007718436902690e-01 8.524631761240587455e-03
1.070768139378519557e+00 2.181410972704839191e-01 -6.859430428721917383e-02 3.865197780538615849e-03
2.426945517667539187e-01 7.459640071562392283e-01 -1.464139215673961603e-01 7.381974184369806229e-03
1.321570707820426849e+00 -1.699901041147477421e-01 1.997389878457978343e-02 -4.990022797016105231e-04
7.566862673924019678e-01 2.198185646472264054e-01 -4.401505996510194502e-02 2.380707642749422398e-03
9.672869475129859396e-01 4.034148164141864168e-01 -1.088285070338213950e-01 6.165040965756135756e-03
1.084136733884397907e+00 1.120336275631499540e-01 -3.755474049677639398e-02 2.523321605986862063e-03
7.378385781916446673e-01 6.417417963889137100e-01 -1.768143614579716361e-01 1.051445227748833144e-02
1.407809472773396742e+00 1.383757793094355926e-01 -8.516085436544945653e-02 5.928884243300660585e-03
7.416776903873361082e-01 5.330175274385875461e-01 -1.285645667293020822e-01 7.341755413791547190e-03
5.700622020879053675e-01 5.251289335776571088e-01 -9.735611942851024603e-02 4.164342420480751476e-03
7.457346867137342183e-01 4.535261680587614475e-01 -8.986584213587416048e-02 3.645570548463188815e-03
5.380366958577488257e-01 6.631213759225760285e-01 -1.587570183921334088e-01 9.006233519218203795e-03
5.959502433637123842e-01 5.974821032971483481e-01 -1.289549453847642357e-01 6.735385568101679397e-03
5.577591633998923992e-01 6.395138354843997730e-01 -1.378050512778924708e-01 7.280470638984473664e-03
6.251068097929087797e-01 5.385495990704235458e-01 -1.193664627903180814e-01 6.398430229088461832e-03
1.390303808342020719e+00 -3.338644039554942988e-02 -2.621419742506930425e-02 1.918693335568946072e-03
8.880114393331109968e-01 1.856133092238945181e-01 -4.041832057053811739e-02 1.975247808549458143e-03
1.330455871906961240e+00 -5.904136918438229742e-02 -9.066413361873104995e-03 7.279095087757318306e-04
6.890731042457828304e-01 3.955713728329796619e-01 -9.194567546586394913e-02 4.777831432150804469e-03
1.117298758006216808e+00 3.310991716230381465e-01 -1.077805462629076449e-01 6.697620398675825475e-03
1.196874662099493003e+00 1.948787779867099668e-01 -5.841941083997762713e-02 3.113148769343326936e-03
1.311125749237262772e+00 9.703939631302022084e-02 -3.471316753397492988e-02 1.782658114685053020e-03
1.320042751169848039e+00 1.122783285758225252e-01 -4.683025337959271367e-02 2.437807244137678991e-03
1.088027796141030734e+00 3.032658652096799079e-01 -1.109614389694103531e-01 6.552073863909661962e-03
1.017508384986778758e+00 3.450744701923487145e-01 -1.120654717297883268e-01 6.243834575164577613e-03
1.488929636555397229e+00 -2.510825337521532252e-01 4.203220513265544522e-02 -2.293370014619241452e-03
1.482755723253693869e+00 -1.873440707242012004e-01 3.017188522587339883e-02 -1.549443643828417403e-03
6.240428647149238728e-01 4.892315753140967227e-01 -9.645602381278847726e-02 4.257547508119964921e-03
1.328879469559776760e+00 -2.014349445336551664e-02 -9.174354766959127300e-03 9.701680881201132966e-04
1.324322152384335816e+00 1.195446047686668234e-01 -4.973269626109214081e-02 3.159342159167086942e-03
1.263546650293259965e+00 2.113347560968041883e-01 -8.106580106862343316e-02 4.296247340420592323e-03
3.284436588547459124e-01 4.713713735918971248e-01 -7.617537613812984387e-02 3.466393376905388748e-03
1.189128526879925429e+00 2.612360613698535561e-01 -7.618479661194162145e-02 3.666038867046423309e-03
9.746628015171966419e-01 4.351898197598697560e-01 -1.331030794478554047e-01 7.712751746573644381e-03
6.618443875969403090e-01 2.529047834609884360e-01 -3.049716712047208927e-02 5.383008807977121297e-04
1.064274396106841492e+00 6.876596989241764990e-02 -4.338149126823108784e-03 -6.801878167681613086e-04
1.068591244856259115e+00 1.491757544240439326e-01 -4.117823437186191732e-02 1.994539622067401097e-03
1.045543018955437553e+00 4.431500079287327143e-01 -1.354047065163656305e-01 8.157804269100127001e-03
6.356196371212871066e-01 5.705146641371477978e-01 -1.197043971886515984e-01 5.837794686494588922e-03
8.903891421270860862e-01 5.554450459824202824e-01 -1.619535652804098280e-01 9.503615307783302296e-03
1.137276013034680622e+00 -3.108079786490217100e-02 2.741280278990896810e-03 -3.117403366387661457e-05
3.912011073724556698e-01 6.793118354245681889e-01 -1.268955187725432920e-01 6.004726590261777984e-03
9.413665845861945991e-01 2.144419855860961732e-01 -4.716418926920249582e-02 2.145505802580417731e-03
4.883062426582273630e-01 8.562706770241734766e-01 -2.199877249607498919e-01 1.254188817298539961e-02
1.238659303413135460e+00 4.584271863772731992e-02 -1.957507853025993588e-02 1.221024781101449170e-03
6.871916080784776781e-01 4.958546623829485633e-01 -1.100654107258343256e-01 5.915770101465904138e-03
1.404343784816882712e+00 -2.508332817620908539e-01 4.683598618643424610e-02 -3.087443101858405436e-03
1.399383204923755120e+00 -2.940815068237796481e-01 6.241055576126366272e-02 -3.778526053080909393e-03
1.243500180700178204e+00 -2.356804170381061325e-01 5.228356035532787105e-02 -3.213200802085046208e-03
7.661974595485067097e-01 5.484879018068740120e-01 -1.461870928591389451e-01 7.980303671397823845e-03
2.205242394040991538e-01 9.154013191651502179e-01 -2.104994915549349699e-01 1.152046115348405453e-02
8.558611555422849237e-01 9.791278378737496013e-02 -1.114820133230482076e-02 1.298703208212661478e-04
5.063538328707657410e-01 6.206434405070305749e-01 -1.353297489784948682e-01 6.747955276800310029e-03
4.083097198219958202e-01 7.336012183119603458e-01 -1.508790255321316720e-01 7.472642823773777317e-03
1.266300314814652328e+00 7.644369438051139276e-02 -4.342431426698142166e-02 2.366792181027847167e-03
4.608896119141689396e-01 7.167470524813098764e-01 -1.521897907774168723e-01 7.905773309476058983e-03
9.997852904339729063e-01 6.621348471807250724e-02 -6.408085861240803496e-03 -2.413196228802226724e-04
9.371566159918035543e-01 5.045731512282941589e-01 -1.418739258664215019e-01 7.825064455595073451e-03
1.018414981824125709e+00 -1.112270398443144653e-01 3.304053020237588539e-02 -2.193871920486941025e-03
2.286406144709252908e-01 7.542481148400526081e-01 -1.414459106933027843e-01 6.646431918930321113e-03
2.143390314117369078e-01 9.007155112905854688e-01 -1.894319243678004305e-01 9.928291566570527152e-03
1.009727745650502717e+00 8.025825605931841134e-02 -5.550988083732497254e-03 -4.484959541813937633e-04
1.395965074689881291e+00 3.119139478723672448e-02 -3.697876088171291042e-02 2.045010557815921375e-03
1.050460058478126735e+00 1.901143220154316860e-01 -6.134022808459031750e-02 3.330010765994713406e-03
5.382921720383451181e-01 6.349045031408647732e-01 -1.434397056049612484e-01 7.957019656275118522e-03
9.712107249815257193e-01 2.398279264859978777e-01 -5.158016107691919261e-02 2.372321286142457537e-03
8.068271306267752463e-01 3.926267340522023308e-01 -9.614736185986809403e-02 5.157163010758036154e-03
6.331737202092108108e-01 2.303086096969637064e-01 -2.482874460476829429e-02 3.882433500525078436e-04
1.236884374516865170e+00 9.557077045592141107e-02 -4.902596324922046944e-02 2.763473082041975875e-03
4.805002124970146338e-01 4.821448865426999353e-01 -9.517897351039233955e-02 5.058197611119304854e-03
4.313202755786422204e-01 4.879295174429985060e-01 -8.228406522397581357e-02 3.871883420461759168e-03
4.122398957139687958e-01 4.654116711092903258e-01 -7.025927694473987906e-02 2.774483411958616422e-03
5.385631415208749218e-01 6.558129590713193124e-01 -1.452084464119598739e-01 7.354093774833364919e-03
5.873119009480897157e-01 3.218678880858524272e-01 -5.903235433440368746e-02 2.982439945179638906e-03
7.161116371462828978e-01 3.672730142289309385e-01 -6.620625480711130051e-02 2.807390579058230071e-03
9.073487965515889542e-01 3.830166265272076931e-01 -9.920079645506556243e-02 5.458167746382056734e-03
7.943271121779285071e-01 4.817370478444554238e-01 -1.173006019575963538e-01 6.492881548495851862e-03
1.005000714471631085e+00 2.316327484039318318e-01 -6.319456973717563208e-02 3.387763899147058257e-03
4.590341951449147251e-01 6.387053116404967090e-01 -1.355648597471130756e-01 6.592123192608875110e-03
1.021324907716423480e+00 -6.078827288607062396e-02 2.600669226600004630e-02 -2.436531804994132144e-03
5.896243776021019567e-01 4.862392245758672682e-01 -8.355577901030236676e-02 3.573850959022730096e-03
1.419452205914751852e+00 -1.763831221564397811e-01 1.922594488090607553e-02 -9.102973567192234033e-04
5.561428861866579698e-01 3.762947447118915045e-01 -6.487676621694532519e-02 2.777209841674357482e-03
4.698257858217983474e-01 5.737818826252298887e-01 -9.899680977073586907e-02 3.775504687175138246e-03
6.875340896494940290e-01 4.826743859618012888e-01 -1.099051245058129955e-01 5.887135796068884361e-03
1.365176289401566656e+00 -9.415439975329042976e-02 2.290654586816457013e-03 -2.564574252361825034e-04
2.802921833235011984e-01 8.436204859538090073e-01 -1.723311075626495492e-01 8.615535358623801349e-03
4.849078545296448550e-01 5.744471896785393605e-01 -1.123567658789070833e-01 5.263510214452989978e-03
6.447528127679115206e-01 6.407635976424573832e-01 -1.593315193765861282e-01 8.578944557639181165e-03
2.239850389106547157e-01 6.342964095131742308e-01 -1.075404276843839602e-01 5.115685907469168410e-03
5.856146573749186901e-01 6.522700229397466742e-01 -1.574837757348436507e-01 8.327931320236417467e-03
6.133118429871667887e-01 6.777377531116742793e-01 -1.722947487487879736e-01 9.565750433846598871e-03
7.259652967466451168e-01 4.821853953424499739e-01 -1.222273964779554550e-01 6.738459080923151455e-03
5.181551666805263023e-01 3.850337341546284931e-01 -7.472125153131480013e-02 3.912216377463310218e-03
6.319146944740168248e-01 3.673443304938934229e-01 -6.592646596698069350e-02 3.133800395421311533e-03
5.926131580401158283e-01 5.335021432099924521e-01 -1.148776032142102416e-01 6.139055583862081979e-03
3.640316715744800757e-01 8.964138916036886728e-01 -2.077902451383535076e-01 1.149392418711867210e-02
6.428204940501262010e-01 4.422574947010629032e-01 -8.618969896023057076e-02 4.282266204111092461e-03
5.182735802130996605e-01 6.023537342802255390e-01 -1.375239523295751498e-01 7.151797586422617599e-03
5.918174404597055238e-01 1.798070936473185888e-01 -8.614797353324083959e-03 -8.661781345274529795e-04
1.449403352443300763e+00 -2.529183693771307473e-01 4.401201366771923668e-02 -2.904395841813011813e-03
5.230965238170196541e-01 5.358288541289031315e-01 -1.029536592363938935e-01 4.799048002398073262e-03
5.440781384520221309e-01 5.068469534347316285e-01 -7.891523624831110750e-02 2.608540315533840713e-03
3.883131889516703295e-01 2.916788163771042441e-01 -2.186531964066167760e-02 -4.143242898363128134e-04
1.231551135394902685e+00 2.178313110173453124e-02 -2.589127627913963281e-02 1.825518810502246413e-03
3.119251687846000265e-01 9.956768456697154823e-01 -2.443476523823677471e-01 1.389771048254436620e-02
3.322401114619893403e-01 6.170343824162266566e-01 -1.111550772965188560e-01 5.506070518136716753e-03
1.208970110266367692e+00 1.513927365913630418e-01 -3.760777059736859773e-02 1.257887250488636411e-03
8.231701393203673112e-01 6.750636173981449106e-01 -1.923134712242430822e-01 1.149311173566358417e-02
8.438889024896051305e-01 1.395878052488285503e-01 -1.695721410439132715e-02 -2.136468417794584013e-04
7.323725495114249417e-01 4.689857205929742201e-01 -1.283427168805428287e-01 7.662946110430167955e-03
1.268567782135918698e+00 -1.885682148265768743e-01 4.406574030789191243e-02 -3.034065338179309061e-03
5.896953827661225445e-01 3.885435775573995998e-01 -6.932964430039574577e-02 3.349507962851851900e-03
1.255801412671537998e+00 3.248742398494720574e-01 -1.315710348816485076e-01 8.342608832927131401e-03
1.256282859772140048e+00 2.642242166365134093e-01 -1.103809050897669036e-01 6.769033134423065382e-03
1.062140855569613906e+00 2.703651183317332674e-01 -8.905512525260962653e-02 5.403158530018060610e-03
2.063957228614179684e-01 6.849967231947858837e-01 -1.165341914688475533e-01 5.227609105146479446e-03
6.560255345648161596e-01 3.552880810224874897e-01 -6.087122565270570301e-02 2.328455469158135192e-03
6.787712120175117825e-01 4.612008650726389658e-01 -9.017604498320451467e-02 4.265781396550068563e-03
3.862332184447427319e-01 7.554070145281069903e-01 -1.584390400840717805e-01 8.011883660211389924e-03
1.203700559315646013e+00 -2.362228719774988883e-01 6.221792371939260241e-02 -4.355786394111438309e-03
6.851396635971156446e-01 4.458056327248072770e-01 -1.024990042221096825e-01 5.032068058503567226e-03
4.693158012801592616e-01 4.633392711123417440e-01 -8.879746086944902139e-02 4.708348857256023333e-03
1.054163172009437988e+00 -1.206769828385437573e-02 1.633689633186428264e-02 -1.853045726009448085e-03
7.841653136739005214e-01 3.413710319471530141e-01 -6.052868891615047209e-02 2.435533804087443473e-03
7.219333272699579584e-01 2.869462204352456469e-01 -6.025188472153165942e-02 3.396575220122834225e-03
7.221464587183890060e-01 2.459311646075743873e-01 -4.466920057778431263e-02 2.418488598541084639e-03
1.460792444210512686e+00 -3.177602203381081347e-01 6.418333828023606302e-02 -3.870672962341641619e-03
3.618876345052060572e-01 5.950680841043407554e-01 -1.119464692851962068e-01 5.732691176764854318e-03
2.016335617305338723e-01 5.085956032272229699e-01 -7.346356578139212612e-02 2.928478426515605370e-03
1.317448835556247921e+00 -2.269182284677907085e-02 -1.388725704132283412e-02 7.222759396999161663e-04
8.186235322006160109e-01 2.490247376677733604e-01 -2.957943323001347921e-02 1.417840026983623091e-04
4.762155388555136537e-01 3.535086384883948107e-01 -4.974992142652748944e-02 1.336604027274668769e-03
3.919145824931071775e-01 6.313490120384909199e-01 -1.166559990082330772e-01 5.904504807512246829e-03
6.470292256405818510e-01 4.564297586643297766e-01 -7.940838373167052877e-02 3.401844300013230193e-03
9.973669132046567576e-01 2.430998537087152023e-01 -5.923813175285982252e-02 2.456806684440987574e-03
5.986417452565347963e-01 5.366234728407599519e-01 -1.202594658638148767e-01 5.829359553099120426e-03
4.038785747235356660e-01 5.215387845150837309e-01 -8.301377314831011323e-02 3.105238126593986778e-03
6.992020230152780069e-01 3.607043934231621840e-01 -7.470647203570394967e-02 3.463546691612552891e-03
8.193797027744278427e-01 4.168535205900220086e-01 -1.068597830050567604e-01 6.285975094843015455e-03
1.224374193369655250e+00 -6.690459302380150075e-02 4.107693430208897954e-03 1.528997082440380299e-04
7.106706124954361714e-01 2.460315046485665180e-01 -3.490147052974369030e-02 8.781874235681642665e-04
1.503639494718259417e+00 -2.879249095947500892e-01 4.730854672465119315e-02 -2.187414044748113139e-03
9.257249582211766192e-01 1.350576983452201618e-01 -1.585677769323627292e-02 -1.104822341886162028e-04
5.098531233333284396e-01 4.952564835544583932e-01 -7.991195663190893417e-02 3.114595979833652533e-03
9.992772098567536121e-01 -1.992258988816100751e-02 2.278138064015691050e-02 -2.443120681087716621e-03
1.078915246088604896e+00 -1.074710808608431156e-01 3.873728263135366168e-02 -3.170896949166615401e-03
9.368539327862167587e-01 4.598608597991014207e-02 3.553088359306739996e-03 -1.166701127106644243e-03
7.866302805203632120e-01 1.022663919353794942e-01 -1.615368502064498321e-03 -9.143878915589620862e-04
5.531725586359961255e-01 5.284263885923911053e-01 -1.035601180588957421e-01 4.518862370616168189e-03
4.731634881482535970e-01 7.756684901921641062e-01 -1.878527680182217607e-01 1.020283454068846365e-02
5.474909358711617102e-01 4.709471090933023407e-01 -8.107176218503699128e-02 3.140629519870180141e-03
5.730265763192409212e-01 3.158491504321616627e-01 -5.081062863594605628e-02 1.506949733259825520e-03
1.205053258341334699e+00 7.278241078697950117e-02 -2.411185336608906438e-02 1.347781042448036341e-03
7.891585901322961671e-01 5.175693257080409282e-01 -1.388986352610077080e-01 8.131787244094718092e-03
8.417858311951462724e-01 3.490976048806648246e-01 -8.399880612276006131e-02 3.959894653395333759e-03
8.161257544168939448e-01 5.451729166815627581e-01 -1.321652048252506817e-01 7.064913119889840165e-03
5.069134521447957731e-01 7.482281633287385381e-01 -1.700715675566846496e-01 8.939008737575701927e-03
4.817441438695028721e-01 7.733550977678594895e-01 -1.709561229829222317e-01 8.873045637607320651e-03
6.792559900373852377e-01 5.770608670151864406e-01 -1.290530068109828621e-01 6.319374666041240388e-03
1.308913333222647024e+00 -1.367340795236956230e-01 2.099298307818358786e-02 -9.328806225471587615e-04
1.002894260479945565e+00 1.746204348281557572e-01 -5.181228943099148304e-02 2.861470670713796207e-03
5.544377626518171009e-01 5.311677027460969258e-01 -1.173283982525681057e-01 6.313624019127232236e-03
1.101042670482138330e+00 2.465270197262890706e-02 -1.283591584344553546e-02 3.171129699137127493e-04
6.193443776560018099e-01 5.697390422323057591e-01 -1.425993084062631699e-01 8.297796116209069789e-03
1.423986791470366775e+00 -1.610046090224887816e-01 1.364329154275175683e-02 -9.476602044522732709e-04
7.182907369481937865e-01 2.887392179436644724e-01 -3.953811073714574159e-02 7.415617748911474067e-04
4.071769707391445503e-01 4.803213703786177735e-01 -7.875505294398130185e-02 2.747335463890078315e-03
8.615657088781476514e-01 5.591438509949497870e-01 -1.496014430743823065e-01 8.797037951782450335e-03
9.381786231741398030e-01 1.364742704926086014e-01 -2.807838105353973115e-02 1.556908095156549167e-03
4.825877208320737410e-01 6.197685997158446369e-01 -1.442731892459621079e-01 7.754471392894412944e-03
5.577193579441432902e-01 6.623803378680471754e-01 -1.590572350395119128e-01 8.425873831044962403e-03
2.890405656917172106e-01 7.803447283532291001e-01 -1.638841583835515259e-01 8.637732111292316037e-03
1.077730852263909522e+00 2.515679456934276637e-01 -7.714356495014933202e-02 4.498887677729037846e-03
8.749731621042157181e-01 4.262564397821964612e-01 -1.102864888947085592e-01 6.139920954438384329e-03
3.346924842792334265e-01 7.088430647152191844e-01 -1.432434593269901468e-01 7.195319075724213725e-03
4.396531557610156571e-01 7.609310816801313493e-01 -1.715281196567761124e-01 8.725757583839666501e-03
8.162925922908623733e-01 2.852602020689488094e-01 -5.011575697489345504e-02 2.182539414352529551e-03
9.463688681864685925e-01 3.627019827272683350e-01 -8.273036431458559437e-02 4.621358286810631558e-03
9.363183756674096081e-01 3.806983511879056259e-01 -7.762433767412195429e-02 3.411824115289795872e-03
5.076289881101613277e-01 4.954060016733588534e-01 -9.975478137992781213e-02 5.283575457032324736e-03
1.400882652585224486e+00 2.547748950760980041e-02 -3.537255535734636774e-02 1.916768766876419255e-03
1.155630775690281498e+00 6.618068062063045542e-02 -1.172474482426015714e-02 -2.875017656156364921e-04
1.038285195215240764e+00 4.177137775442396617e-01 -1.470808411226528500e-01 9.452709541464088955e-03
4.507226999205320994e-01 7.355664678604959539e-01 -1.791096015031636290e-01 9.930335949107315513e-03
4.562539956047188539e-01 7.266043878871363271e-01 -1.718155605570523270e-01 9.539669922949597577e-03
6.820075947535760852e-01 5.112102061286045718e-01 -1.257817465200108675e-01 7.206152071205516700e-03
5.903492707892982194e-01 3.950289598411356740e-01 -6.876285943932872180e-02 2.974002913505400126e-03
2.560551929914046121e-01 8.976375239712819365e-01 -1.914254256377526386e-01 1.013251704834660684e-02
7.422715891527456034e-01 4.478306698156960253e-01 -8.299285069814807403e-02 3.511154632812064306e-03
2.521334030316343955e-01 6.092840101027272581e-01 -9.895596634478147358e-02 4.044284513488502139e-03
1.325654432138930083e+00 6.308064952904826606e-02 -5.631384122211113147e-02 3.444877324092243762e-03
1.015274273357475554e+00 2.936349741847416595e-01 -8.458911845949235175e-02 5.121986910670173199e-03
7.239128349134306140e-01 4.363082195450392886e-01 -8.104914221595571622e-02 3.781632712883820600e-03
2.642084559339835104e-01 6.308710156582508777e-01 -1.081369013349041258e-01 5.093144201560931110e-03
6.511680822722438755e-01 4.373984463845713710e-01 -9.008290487648015765e-02 4.781790127300037871e-03
5.033577298458904448e-01 4.550728110886904654e-01 -8.132858368683602845e-02 3.236526710672631407e-03
5.250388687046452230e-01 4.102444687951471991e-01 -7.397519740418580236e-02 3.659172949546111910e-03
3.903363010262500543e-01 6.330255199959555767e-01 -1.126969766533193057e-01 4.580110326619545730e-03
2.675430046100232273e-01 6.194549799516817501e-01 -9.885180148783505316e-02 3.839931417984792164e-03
2.516369249494448956e-01 7.285374588807685958e-01 -1.390655631837591499e-01 6.238273695381944643e-03
6.558448038900087651e-01 5.963965858269226761e-01 -1.510850995397864105e-01 8.430097986652670267e-03
2.483784899326298701e-01 7.743644270494474124e-01 -1.537864840280900036e-01 7.897018858558944865e-03
6.484893249668491899e-01 6.736273003251594949e-01 -1.534971333656519332e-01 7.779514994702503919e-03
6.388179033584486799e-01 4.112746140916143101e-01 -7.105405248800708562e-02 2.663019842385362396e-03
9.111357744005855741e-01 4.137920292030501379e-01 -1.121702271627466746e-01 5.745191630017049134e-03
1.435075916060085666e+00 8.021476637221822137e-02 -6.789007726146792376e-02 4.411094560635226564e-03
7.220576367548129371e-01 2.620739447988174042e-01 -4.177997356296523496e-02 1.094937032257497925e-03
8.919464476686789212e-01 3.876063174048567372e-01 -9.272331285219088948e-02 5.220287472235851656e-03
2.165804239293044886e-01 8.416757714586621253e-01 -1.738478057917719477e-01 8.914023038338873828e-03
3.548964046459079369e-01 8.004933273924572656e-01 -1.689967191086729492e-01 8.120357372291673106e-03
4.530911857023176004e-01 6.560938461876109074e-01 -1.298488460328953153e-01 5.768214266028953881e-03
1.218714213399146207e+00 9.408594610678656933e-02 -5.259004124738736463e-02 3.413084936247224102e-03
8.801136705507750513e-01 3.258215731452712705e-01 -8.579801365557478132e-02 5.063774912248919687e-03
4.111490433326149829e-01 4.039168349110636158e-01 -5.537027661667963396e-02 1.526232976919162732e-03
5.032514267402387054e-01 5.002193397408426501e-01 -8.877092377908964160e-02 4.295232288689849326e-03
5.968921557855649818e-01 4.637629088929823284e-01 -1.009579831622945956e-01 5.202611160666717124e-03
2.757078230858900358e-01 6.430638539397313114e-01 -1.064050421123235168e-01 4.160611890863193801e-03
6.168300487351227046e-01 4.817639646850652158e-01 -9.067502914251247825e-02 4.161348043425342792e-03
7.308740069725219168e-01 3.427289896057449381e-01 -8.208092096564992279e-02 4.333483389406018668e-03
5.012488087872112308e-01 6.235170637463117727e-01 -1.290622713496653029e-01 6.912116759947281586e-03
1.363487597295664377e+00 -2.456783760105840930e-01 5.699872956755709652e-02 -3.849512107987757437e-03
1.315779534719078825e+00 -9.923652067818446165e-02 1.104298852721714332e-02 -7.457281754418812643e-04
7.895962998348817763e-01 1.935714231262860019e-01 -2.935544939532246794e-02 8.797598016162083397e-04
3.227330924208841045e-01 6.747850334997859134e-01 -1.142515148103232375e-01 4.759632071317816855e-03
4.769577135635492127e-01 7.787224997303041629e-01 -1.791494029814582334e-01 9.962285387798568842e-03
1.013477496762574814e+00 1.677725850942994867e-01 -4.010757263053420230e-02 2.201194393133838918e-03
1.007595694545901921e+00 1.628256074075389859e-01 -4.041592155117450236e-02 1.792071753676092354e-03
5.470528052052340273e-01 6.888238160027492230e-01 -1.626600810137118769e-01 9.062944660781880463e-03
1.078950489467839891e+00 -2.721475157774887188e-02 4.877277844508655022e-03 -3.445260593383761734e-04
1.162694547881838014e+00 -1.189591655213262933e-01 2.614509808828928764e-02 -1.602183940285633506e-03
1.185252543218889620e+00 1.238704366241691196e-01 -3.950910520769550238e-02 1.561530038421951160e-03
4.427253206865383039e-01 4.937244087959191119e-01 -8.906043878020239446e-02 4.544765986654062360e-03
4.022566909092875065e-01 5.883738062004274516e-01 -1.116446676890004430e-01 5.322871044805213211e-03
4.194881473780076031e-01 7.654597448112872016e-01 -1.580606755603537195e-01 7.621786248654305665e-03
1.095921532755420369e+00 -5.141890272839896164e-02 2.171917763708719473e-02 -2.180562668048222248e-03
1.357362436214198276e+00 -2.018471413079313270e-01 4.360344532700439341e-02 -3.165357380093506735e-03
1.003164927723506405e+00 3.390717742692639369e-01 -8.671441132179809330e-02 4.233665493930520787e-03
8.956187936822569418e-01 5.450806397786933655e-01 -1.497675976552062527e-01 8.388821761566914864e-03
1.097833335619329498e+00 -1.220376005597019996e-02 1.088246121266323203e-02 -1.666605058255828369e-03
1.069242514963198776e+00 1.121095005672271133e-01 -2.210634822874512143e-02 2.167983257669701556e-04
9.089870849147948517e-01 1.361590732029525908e-01 -2.490824722144633491e-02 9.574715210019055667e-04
9.531208589626936067e-01 3.917401070666859386e-01 -1.190702518358230932e-01 6.730196869268680396e-03
9.843087774130697687e-01 2.176487703674158392e-01 -6.360521101370245067e-02 3.739769213890725003e-03
6.076131103564096358e-01 3.947451910679301013e-01 -6.290178164146692508e-02 1.960533057815160192e-03
1.017542587675533960e+00 2.426380043496010885e-01 -5.076933154265200754e-02 1.950850002329557187e-03
1.152024933020567632e+00 1.176315215739812819e-01 -3.671724714762295005e-02 1.363346005057937882e-03
1.076548203041102436e+00 9.175891892676428518e-02 -2.279922346267806640e-02 1.020162058366210758e-03
9.259359701028102574e-01 1.923019840112652756e-01 -3.975890377720165542e-02 1.424207352720515589e-03
8.611489638103954070e-01 2.190072923466259980e-01 -3.633386749262576543e-02 1.334305991979423123e-03
1.295855635710879916e+00 1.597106509621859516e-03 2.867856986811643909e-03 -1.074705266084743666e-03
5.735642108372740466e-01 6.955265093080506000e-01 -1.639568035564818727e-01 8.482928824714748572e-03
1.387661396052676910e+00 -5.110320102529251896e-02 -8.972457590953671069e-03 2.451044608117760020e-04
1.240987517940465246e+00 8.159454194561906529e-03 -1.947903007637280526e-02 1.079816304164941867e-03
1.023364807983211611e+00 1.041102238308747596e-01 -2.758447101251371852e-02 1.142403580890323858e-03
8.768970605075414593e-01 3.180242416868166999e-01 -5.069329147973782729e-02 1.391174253849606062e-03
8.266838078509363141e-01 2.880335687480629070e-01 -6.843837589779769304e-02 3.505676636133454611e-03
8.213286374780207622e-01 3.484385295189151299e-01 -6.936730752899099295e-02 3.631678356872753734e-03
1.294167740670953970e+00 2.095073740536615992e-01 -7.057612362670187545e-02 3.446822752464510833e-03
1.493607465021370873e+00 -1.360742654441150778e-01 1.037817019887391466e-02 -4.651550600212612640e-04
8.911151895309052939e-01 4.522708820962275111e-01 -1.267337592109696875e-01 6.826499357725568547e-03
6.757036570681740351e-01 5.734257005447276345e-01 -1.439724463493796125e-01 7.690597447373897881e-03
1.215657884602050709e+00 8.976609049430188392e-02 -2.917999641917551693e-02 1.692309523766383694e-03
6.790118245250054141e-01 5.783219133923935829e-01 -1.443654649884431040e-01 7.627613067777047964e-03
4.046284569803556552e-01 9.086897546248092761e-01 -2.281927635423584011e-01 1.292178632652966376e-02
1.189790635491597248e+00 3.015242796262892003e-03 -1.910290584649883272e-02 9.088483726006176466e-04
2.779617394861864654e-01 9.018306702760672255e-01 -2.104874166449083595e-01 1.174017044899085954e-02
6.149606374182343682e-01 3.883787108651418629e-01 -7.238529986016369044e-02 3.549738773701860590e-03
7.784124843913517999e-01 4.910847454516273358e-01 -1.274867713548289982e-01 7.386752845490177771e-03
6.834125373537509596e-01 6.418804247420327735e-01 -1.567966966218897473e-01 8.220413514768216967e-03
6.424014750782505168e-01 6.511008541109912784e-01 -1.453021231942967229e-01 7.301876538825058903e-03
8.041736558521405120e-01 4.079886780875917607e-01 -9.186771531378047639e-02 4.532807399673649887e-03
7.859498768446675498e-01 2.363532671526495932e-01 -4.523971631534713655e-02 2.049457520498807871e-03
1.012526363614401959e+00 1.200580638701035235e-01 -3.387782940269230825e-02 1.692161043920329582e-03
1.073958921520801191e+00 3.625155751852301433e-01 -1.060965255383209960e-01 5.867454888282934433e-03
6.988980943868652318e-01 5.697078092993523857e-01 -1.461549474731519971e-01 7.804219257386774480e-03
1.414960199554801568e+00 -2.314140932502238290e-01 3.454394665466184455e-02 -1.507834169058386211e-03
4.571612240540761651e-01 4.372588077881368052e-01 -6.577476027074730114e-02 2.586345554959656665e-03
1.436020458462570870e+00 -3.236306798069007451e-01 5.964661599054849744e-02 -2.927846295482661350e-03
1.057360793438300695e+00 1.105222710459043967e-01 -3.429433823608502713e-02 2.263900689504981002e-03
3.756453126524599839e-01 8.016587824172392018e-01 -1.869459571987523994e-01 1.006802929117392269e-02
1.316231103084106291e+00 6.702580636999881658e-02 -3.719529854781548212e-02 2.604386479891696894e-03
3.935640986622196968e-01 6.028964636875044913e-01 -1.174719134900911732e-01 5.488186566292783432e-03
3.122426219467664965e-01 8.804480740002024186e-01 -2.007126267863892088e-01 1.059539532707512270e-02
1.161280053527645517e+00 -4.760607269812528602e-02 7.411847180530604408e-03 -7.542471906436893020e-04
6.056155297189518283e-01 5.518568730070521067e-01 -1.348418124364350879e-01 7.759680027726994014e-03
1.291956158290646695e+00 -1.170725488887940785e-01 1.298706884308033216e-02 -2.351171033250329563e-04
9.721330041245024312e-01 7.491467129712328643e-02 -5.913934616034840358e-03 -2.753634067199016129e-04
1.261569195686379263e+00 -2.360575936654260923e-02 -3.885209656039580878e-03 -1.640266802243623833e-04
5.922576995280941503e-01 5.910952817071272181e-01 -1.321688060102362283e-01 7.330206336015838119e-03
6.620018039896509165e-01 6.387125609764978673e-01 -1.546970327405222390e-01 8.098629974791273292e-03
8.602117036909942005e-01 5.020357155819403783e-01 -1.152561235014018803e-01 5.954568077862021011e-03
9.010511479469831553e-01 3.043864352434194620e-01 -7.853713654774732711e-02 4.350750921221281133e-03
1.086096978637397070e+00 8.420813680915655020e-02 -1.343742126653457714e-02 -1.788687357057762439e-04
5.411761186935334367e-01 5.976571162876371801e-01 -1.442863860537359488e-01 8.089463354681804622e-03
1.201072465755609109e+00 2.106422362586717612e-01 -5.279361914087379176e-02 2.781806752896692856e-03
7.958731838356033483e-01 4.006229979340386604e-01 -1.045880117524829178e-01 6.152252336444941766e-03
6.844640228146117167e-01 4.615205704706483725e-01 -1.012157353439070845e-01 4.649683384424008192e-03
8.892664391406902569e-01 3.309096686338491855e-01 -8.431261315850679949e-02 4.038464573544799617e-03
2.367397354805814702e-01 5.656691866667181712e-01 -8.973984692414582742e-02 4.029496831057693615e-03
3.661755967295753367e-01 5.584606391945763360e-01 -9.567499667302156729e-02 4.162194743716467020e-03
2.509007118781936829e-01 6.906416953818546034e-01 -1.209965993648828841e-01 5.305931208713110005e-03
6.413051295419678333e-01 6.712372312643324346e-01 -1.554904170651230932e-01 8.326597613793682365e-03
5.779204350712110472e-01 5.064684287923759687e-01 -1.098068700485858862e-01 5.279836917715157764e-03
1.308056959692252885e+00 6.562616134505219745e-02 -2.246587714841105643e-02 5.058572829846781898e-04
5.570661526023839016e-01 3.285941748195096990e-01 -4.058474664410018085e-02 9.574182229537602992e-04
4.691972916593544207e-01 6.271458687857109915e-01 -1.255075749398886498e-01 6.360385437472036545e-03
5.713659212878877680e-01 5.593212665241373838e-01 -1.138880552127470858e-01 5.356257217444845668e-03
1.160088394396760814e+00 3.528543819684867855e-01 -1.364689560215712749e-01 8.804446904788725339e-03
1.111709595141163964e+00 4.904456449675088925e-02 -2.328374698618264002e-02 1.459540894656696222e-03
2.083023964570969166e-01 6.321148554401211372e-01 -1.141866077271592450e-01 5.779945506106143847e-03
7.121271280408152382e-01 5.651109852945693790e-01 -1.368866247564067551e-01 7.208438478123198323e-03
5.555650103361705616e-01 7.349992084157076500e-01 -1.702637416965951667e-01 9.028240925577650858e-03
4.270148563205145020e-01 4.869667399114772643e-01 -7.490414500483390248e-02 2.686562394305863979e-03
2.005690527796042677e-01 7.051840677620884179e-01 -1.310898043695934712e-01 6.117789874141980368e-03
8.598228511194284662e-01 2.956614916026800155e-01 -6.012219829605099097e-02 2.839205841055368607e-03
2.703302990419779728e-01 5.368683352311001133e-01 -8.163990329443997218e-02 3.376939464793996502e-03
4.644329417187632592e-01 8.156843771388696540e-01 -2.076966213116026305e-01 1.196213532403035164e-02
5.118134281066584190e-01 6.394630261203518851e-01 -1.351106970295317122e-01 6.855062660073384280e-03
1.038841773855887274e+00 -1.042256202163387158e-02 1.112627123174755178e-02 -1.144963010137091180e-03
6.107570912269939534e-01 4.688257660668396776e-01 -9.318581436332119827e-02 4.637489974707088326e-03
4.814858879032802297e-01 3.611791179042108668e-01 -5.418000921674516468e-02 2.067617263304062473e-03
1.484404073271021529e+00 -1.927730774915664691e-01 2.381090172018002910e-02 -1.024929246560404850e-03
8.814180437997215511e-01 1.479763583772555069e-01 -2.443466559933807694e-02 8.540513885835054192e-04
1.002374955715231941e+00 6.251841590181800301e-02 -1.298805962510923839e-02 5.254447630659785876e-04
9.453214747197171697e-01 1.232458024296792520e-04 1.794604630183038382e-02 -2.065317890711834258e-03
5.731290775450151864e-01 4.081101640433298927e-01 -5.596054820893191922e-02 1.414827688748846379e-03
1.158894324816840848e+00 -2.370588335843441460e-02 -1.173763630797413846e-04 2.977949721730746156e-04
7.751627060729883167e-01 2.229275508331516331e-01 -2.821633640209278426e-02 1.480273564545314842e-04
5.522139638855132482e-01 7.728525126472236551e-01 -1.861891703227184780e-01 1.012049427418193655e-02
4.524094003062320013e-01 5.825090845806591977e-01 -1.017890895453730793e-01 4.596426269845708089e-03
5.300760107820899902e-01 7.337867251570037164e-01 -1.689305756049873930e-01 9.232809181240989038e-03
5.529494804868175795e-01 7.627307835222656429e-01 -1.791234733957486058e-01 9.253723244545240117e-03
7.198171118937705115e-01 4.588841469006403884e-01 -9.793949794465932335e-02 4.816080200238945577e-03
5.035884687618336075e-01 6.706359588714911890e-01 -1.540583404371023701e-01 8.195169628134565606e-03
1.222474751315669073e+00 5.035996639394860891e-02 -2.783237707186554319e-02 1.099195831521443574e-03
4.291220369680737723e-01 6.077151196551194845e-01 -1.042643656585843653e-01 4.551163148788547885e-03
8.874545338009667272e-01 5.252256327822997228e-01 -1.556364294404858628e-01 9.321577325526029037e-03
1.148656932318392832e+00 3.625884382556729402e-02 -1.006684868075240734e-02 1.895536303449290780e-04
6.219835110476005235e-01 7.642100403846958656e-01 -1.950301834008084934e-01 1.102497947346979187e-02
3.647555899392583845e-01 6.413446793241323052e-01 -1.151661307337822765e-01 4.839992530140537798e-03
7.134193448329160248e-01 4.445822753722977749e-01 -1.102774948885413969e-01 5.906533189060827159e-03
9.216184274692861278e-01 2.271535805499385607e-01 -5.443520620474481819e-02 2.194192897000680088e-03
7.254393572407518143e-01 6.226736693627717978e-01 -1.488699144289713505e-01 7.597480270249726449e-03
7.104610431164415374e-01 5.329035221134856837e-01 -1.173458625636857044e-01 5.627431117866441013e-03
7.915783002794287704e-01 3.928818033396672127e-01 -8.426429077024086278e-02 3.730323541911311196e-03
2.916911960240194390e-01 7.705847014030524633e-01 -1.476915517738647543e-01 6.508418440092902414e-03
9.942070761623743591e-01 2.322398760048696720e-01 -6.581205279127259888e-02 3.314639943527807834e-03
4.435569257708229518e-01 6.258998167675760005e-01 -1.103073779428997425e-01 5.005417199360462019e-03
1.262684553352042771e+00 8.471444584601175998e-02 -2.628056022979961132e-02 7.037179374327794850e-04
8.523001369401326244e-01 4.000608906257420716e-01 -7.773008358366857717e-02 3.716671644394003386e-03
1.315302592513929891e+00 9.780344445291523636e-02 -5.812184660348654330e-02 3.190868517595952126e-03
1.214595363352288793e+00 2.088588280537874708e-01 -8.441911084983533264e-02 4.698326958770913421e-03
1.163110984517937263e+00 -4.062583252062040851e-02 1.296310918074505131e-02 -1.152095120844348316e-03
4.585357263845069586e-01 3.950981392361748168e-01 -6.407250585037981006e-02 2.913072377385703907e-03
8.880114717710569927e-01 -1.783510431091176254e-02 2.285940325858674266e-02 -2.127724161148922440e-03
4.316480667479420941e-01 6.848130772728009408e-01 -1.390191927467160360e-01 6.394398985513920393e-03
1.075655369859836341e+00 2.212100412771857705e-01 -7.973295921925857566e-02 5.007060401248911510e-03
1.144993073413947515e+00 1.999153853886042886e-01 -8.547829175645731137e-02 5.711002476512560926e-03
3.650540258582745667e-01 6.327461408948793498e-01 -1.167039472209108614e-01 5.315064303680713809e-03
4.013615608041165572e-01 5.973156645892485628e-01 -1.079041977819641951e-01 4.964286226878636583e-03
1.422234532000343110e+00 1.066959968938241410e-01 -7.157124407634572749e-02 4.184190675692174913e-03
5.403148358315653654e-01 3.624058363472236755e-01 -6.005338206987363703e-02 2.940332466850548165e-03
9.813725140475414443e-01 4.134530506263445759e-01 -1.154055294305718349e-01 6.643195744515701870e-03
1.075376028897909286e+00 4.088933809008969411e-01 -1.203621042862997731e-01 6.474362195035868531e-03
1.114996855655596253e+00 2.399237437822080710e-01 -8.514360208281308851e-02 4.865243397975647227e-03
2.678541417310068562e-01 5.999453152569010905e-01 -1.049199821545640787e-01 4.925516505566281990e-03
6.168311423321939380e-01 4.448923961885496992e-01 -9.011620075338790115e-02 4.179388486468491384e-03
1.294521743702561123e+00 -2.249774108256175076e-01 4.123006898541887316e-02 -2.010388541685678189e-03
5.674244723894564801e-01 6.184776620457447249e-01 -1.378594185974712505e-01 7.270454095385420895e-03
3.255649352097912952e-01 6.302855573017763779e-01 -1.133068713036431141e-01 5.042142878624465176e-03
8.451487786606817210e-01 3.834078685268064168e-01 -7.059661538745047593e-02 2.905658549196089412e-03
5.673541595900204459e-01 7.828243357153619186e-01 -1.909446571003102500e-01 1.028637491458684119e-02
8.646498158517975652e-01 4.034420819036502182e-01 -9.898933478236275618e-02 5.641918224684616505e-03
7.309700188738076365e-01 5.414351569206500292e-01 -1.421900211130972536e-01 8.080811115482594217e-03
6.207342640467811146e-01 6.251147564548007463e-01 -1.586908641951105536e-01 9.178134534024962390e-03
6.720184733588550063e-01 5.021290351481386693e-01 -1.097799048951767220e-01 5.694358090927061078e-03
3.238778633844929811e-01 5.247898353506339486e-01 -7.307046414647852539e-02 2.171431952963516401e-03
3.282403692353909053e-01 6.205879532225784256e-01 -9.961927297709376183e-02 4.123867665870637952e-03
3.389677181969349418e-01 8.167101688740984189e-01 -1.878198365013871995e-01 1.022764617455210363e-02
3.413084747003408692e-01 5.666491452000956830e-01 -9.919091084895777233e-02 4.842844171781645127e-03
2.611449100178016014e-01 7.380365812383220536e-01 -1.528321515720866830e-01 8.218867441857331466e-03
3.277370820511603111e-01 8.579216719046013351e-01 -1.836820869648780052e-01 9.241571614740807378e-03
6.721726261445606365e-01 5.789386659666719837e-01 -1.372892091557857408e-01 7.007003455750719645e-03
7.626332291865911550e-01 5.196715143574990314e-01 -1.310902163886012717e-01 7.386137226021961648e-03
5.529046343326911028e-01 5.469201838393076276e-01 -1.019339420313566946e-01 4.545223903082051126e-03
6.206253433265083164e-01 5.344306909396225880e-01 -1.081857455168689641e-01 4.799812703329456830e-03
6.427197058289951803e-01 6.099689885608254869e-01 -1.587819769910751577e-01 9.111253529529791256e-03
3.297281513454093371e-01 7.731841233492364740e-01 -1.563971103076207958e-01 7.237881853441776280e-03
1.280581529451293221e+00 7.014954884919874512e-02 -4.852354027861707775e-02 3.044639133527334181e-03
7.386905081756579561e-01 5.719209151171857908e-01 -1.462786628221793006e-01 8.040290275965387978e-03
1.455645842795082689e+00 -2.201516055061470550e-02 -3.112807332560093600e-03 -6.449883699789195563e-04
5.384579885114779696e-01 4.540823837395375762e-01 -8.581059886775828371e-02 3.766473169340274225e-03
9.863003184235357157e-01 2.679550137842821034e-01 -7.420152646971778232e-02 4.434251674490457575e-03
5.359602949530583027e-01 7.096314415417376287e-01 -1.678317281094576785e-01 9.370180216665127335e-03
9.948820927957654492e-01 2.473850573300033218e-01 -7.102194701557403012e-02 4.250499679578296879e-03
5.040570846754308665e-01 7.750387377874020656e-01 -1.935680479442757618e-01 1.066168490140819575e-02
5.288922360880392581e-01 6.865550245123345219e-01 -1.493037001466060443e-01 7.659335693631252884e-03
6.576611996953338757e-01 3.192625360237995591e-01 -6.669224578725217734e-02 3.507271330522697492e-03
4.013597073528862302e-01 5.111888284504553237e-01 -9.067009572714831989e-02 3.777891045590307806e-03
3.739828618127272186e-01 6.784382658401272304e-01 -1.384553753059653558e-01 6.767100236888355137e-03
1.489237298700737400e+00 -2.327744247281882117e-03 -3.767686793807171336e-02 2.424803490929632131e-03
1.318529363053111414e+00 -1.515030834427779083e-01 3.367425393545535328e-02 -2.465377316430442979e-03
1.431185226579346770e+00 4.403643938111595491e-02 -4.551001233851139499e-02 2.367075256596808640e-03
8.991771638318657445e-01 3.663073855317895977e-01 -8.402354894995042733e-02 4.338987947819839854e-03
7.096578806848052867e-01 2.396345715546861488e-01 -3.291629390172869790e-02 8.205668924446367493e-04
1.060784643497307611e+00 1.813566584595495967e-01 -5.748425808270460347e-02 2.947900154453026150e-03
8.956530168292612393e-01 3.992998063287880872e-01 -1.176289718326257033e-01 7.187332665331655490e-03
8.572740388626649555e-01 4.045065609465054446e-01 -8.705749314413219198e-02 4.111626108264584967e-03
8.065648394055937587e-01 4.233879537194443765e-01 -9.392668288144452593e-02 4.734991267849843893e-03
7.754613347267844681e-01 3.622125784569001361e-01 -6.524097659851117725e-02 2.739899030518547825e-03
1.210158493026233684e+00 1.049646359538234791e-01 -3.290737503964639293e-02 1.185269856604219494e-03
1.481655516121902272e+00 -1.352762630724362869e-01 -5.798205670466145996e-03 1.299551032147343299e-03
8.700760665692587326e-01 4.437265368998996595e-01 -1.138718540614982039e-01 5.649625352565966138e-03
1.156315369513384095e+00 2.298484941233355505e-01 -7.957509720990044166e-02 4.548946071663279370e-03
8.327170613115955078e-01 3.742308064197943929e-01 -9.431781223603596942e-02 5.196304276648753932e-03
1.439514965630236620e+00 -2.333525049741722868e-01 3.920903668752771798e-02 -2.301623369705475472e-03
1.224482667900485655e+00 1.379434696934322135e-01 -5.470052006444829640e-02 3.261359301166328120e-03
1.448663980369184312e+00 -2.469834725415566701e-01 4.079705135248171133e-02 -2.433162536157682486e-03
8.784970441694304188e-01 2.198770566446945074e-01 -4.994609537677931199e-02 2.803177547392992058e-03
1.040372261704559875e+00 2.262420561461533641e-01 -7.830945732761718237e-02 4.865470096803301697e-03
7.351840134813657501e-01 4.105537626550954666e-01 -8.647084971287204158e-02 4.622761173139519619e-03
4.768788432107328168e-01 2.379329630597671608e-01 -1.758549527464835921e-02 -3.257038406405850239e-04
1.493558430081462607e+00 -1.408820373498592404e-01 4.292600453652609983e-03 -2.063791741101712103e-04
1.098395440189890326e+00 1.937968528701860538e-01 -5.862463288657865368e-02 2.729591171124927558e-03
7.375607870930540599e-01 4.983296598046699777e-01 -1.125810313585571265e-01 5.999097563291047597e-03
1.246062460069428779e+00 -1.002321510161460760e-01 1.897521811653422874e-02 -1.342145536098087897e-03
1.236509707758632892e+00 -9.444764538208652582e-03 -7.116274395504663432e-03 1.091735328783298610e-04
1.473345238611110775e+00 -3.377568595010036478e-01 5.933555764133476712e-02 -3.031565394289612199e-03
1.337985114076361670e+00 -6.931159726324213899e-02 -1.586979799573263149e-03 6.357159025605561538e-04
7.904377658341315005e-01 4.199732878520232027e-01 -1.033003925215747743e-01 5.501943472285377064e-03
1.043032163309961957e+00 1.452753083207448774e-02 1.980263613629809627e-03 -5.030034360201457921e-04
2.027302983202465547e-01 7.495436591667518078e-01 -1.368525336329822206e-01 6.259313570347334321e-03
9.631243373338147507e-01 8.765014196393425272e-02 -2.209900510420249528e-02 1.399368801708711580e-03
5.528958762164442042e-01 4.906530955490340240e-01 -8.961497346039851153e-02 4.525414871755739817e-03
3.965629190398256565e-01 5.510991917150229735e-01 -9.538635397902396618e-02 3.903376241917928032e-03
9.290378321351641100e-01 2.352771545873858783e-01 -4.909482600844256722e-02 2.628725985476048146e-03
1.008570733208706827e+00 9.869348218954286656e-02 -2.229924674699062387e-02 4.933654494924100391e-04
1.300622769915017907e+00 2.040234384658557165e-01 -5.827943182503184105e-02 2.905796911892829029e-03
2.571062986665980654e-01 7.099781306284903559e-01 -1.222568915371862741e-01 5.393764074121975595e-03
6.401476357490278879e-01 5.288629478942791229e-01 -1.288331312019361519e-01 6.936114975704997868e-03
7.958173244170466676e-01 1.796907820280278234e-01 -1.893864818768756925e-02 1.321603147618322484e-04
6.599238728166316736e-01 4.321657752611819392e-01 -7.548724860947421400e-02 3.089822594361957102e-03
1.248235236695332206e+00 -4.002090186382196296e-02 -1.278578684655348394e-02 1.102117875397598057e-03
6.412704127432561352e-01 4.935647890797918991e-01 -9.422335132615500264e-02 4.766183366297921040e-03
1.254991590711127092e+00 -1.227946391693146844e-01 2.339109781716754502e-02 -1.696951473930601506e-03
1.359736492521247619e+00 -3.573574984565780488e-02 -1.632315724769864765e-02 7.909287995231970925e-04
7.702792203392273551e-01 4.173940360878448663e-01 -8.782692307580990121e-02 4.163606492802470957e-03
2.880454236304532678e-01 6.296042625661391057e-01 -9.934851718878333349e-02 3.822036357676744135e-03
1.470499087158555040e+00 -2.858976233489976537e-01 6.435501021107856157e-02 -4.346459604701254781e-03
8.100054527602749133e-01 5.976445925463168551e-01 -1.564574774050821182e-01 8.758030223785859616e-03
5.375873469188936493e-01 5.970085904931465848e-01 -1.083422901351455969e-01 4.708318627203727721e-03
1.012860552233929567e+00 2.241127508410331870e-01 -6.609922494607374521e-02 3.806252619667300965e-03
1.328116282757047406e+00 1.179527473203554055e-01 -6.533057173113293592e-02 4.546269141699237765e-03
9.360165043823043263e-01 2.351004272761957614e-01 -6.265836835185309428e-02 3.319577323732205744e-03
4.479433204737096608e-01 4.523382880084644841e-01 -8.438359651618457247e-02 4.120608483519640555e-03
2.857082384044765666e-01 7.139985667497568134e-01 -1.333797180019213879e-01 6.249128700696431928e-03
3.662128580901939934e-01 8.848651613638638391e-01 -2.150402005118983995e-01 1.182453089444835716e-02
2.988049737580210641e-01 6.904324073542360551e-01 -1.320801586619731183e-01 6.033012625618312287e-03
4.781169388641096085e-01 4.264796968847086589e-01 -7.535236010058854461e-02 3.372455250611257772e-03
6.801796784241413985e-01 6.197018879218616494e-01 -1.595788785116819541e-01 9.080525556381311564e-03
2.287288801953171191e-01 6.194822434085107687e-01 -1.001291328071662462e-01 4.245158527870229043e-03
8.812950572741313771e-01 4.211596216476428678e-01 -1.128759856709308784e-01 6.361683305207937837e-03
4.501855408170442607e-01 5.995586376414717700e-01 -1.028040668593371842e-01 3.944123005352791894e-03
1.151080140555655884e+00 9.929064280146414345e-02 -3.373138477573407040e-02 1.305910930403337894e-03
1.305176060223953494e+00 1.296757958357617202e-01 -8.003930098369699264e-02 5.503848550043401872e-03
1.024822039278695307e+00 2.854221488895560266e-01 -7.032030139741557440e-02 3.708362323899715846e-03
5.665383733767780372e-01 3.730142687803645329e-01 -4.935493606473716210e-02 1.255633036187666718e-03
7.254378919936134151e-01 3.358609614454780012e-01 -6.064322805592997634e-02 2.347245056080131832e-03
1.094736915647847031e+00 2.656282268277933012e-01 -9.157883381006025336e-02 5.210360968534349761e-03
8.811164880068517169e-01 2.259463559508266273e-01 -3.239867267965006875e-02 5.671493694775279733e-04
7.637706434453533921e-01 3.393568869650609443e-01 -6.715045960408375092e-02 3.187310012418596589e-03
9.973341123217011051e-01 1.220634959232824376e-02 -1.260597151618964365e-03 5.760178063651382472e-05
1.276341598350671847e+00 1.014766633921235228e-01 -5.127700025886301749e-02 2.722160427877393617e-03
5.612558967271495947e-01 4.156903779294696677e-01 -7.724968008202268144e-02 3.423716878479591847e-03
7.809962029858281696e-01 1.731716992745341022e-01 -2.251279642717668450e-02 1.572876831098047115e-04
6.057716723974577722e-01 4.437687928765737810e-01 -6.730713874612205549e-02 2.139947587426241013e-03
7.642074271380492334e-01 1.615135303446280923e-01 -2.389925257814328949e-02 6.448879173606052520e-04
1.065254857748537898e+00 1.762577509999319336e-01 -3.142994955187422557e-02 6.300414273488551091e-04
1.189830029677401591e+00 5.858277796917149560e-02 -2.013893703028619281e-02 1.144722226625869040e-03
9.823619183647064323e-01 3.766739930768596145e-01 -1.103422947223646755e-01 5.948737058145606334e-03
9.863082063236168207e-01 1.398128227449038641e-01 -3.687341740327759049e-02 1.515558520560920724e-03
1.059616004592174754e+00 1.253817744668981882e-01 -4.029390787130332496e-02 2.105305654631617601e-03
1.110171647849725662e+00 2.939372833076736025e-01 -1.066978845066495207e-01 6.498415145118596400e-03
3.485347895224806258e-01 6.441989436217800957e-01 -1.164850400445068268e-01 5.512929087497281735e-03
3.454194410016768746e-01 3.376286521860856205e-01 -2.641250735161515886e-02 -4.754909337008160616e-04
1.007402548899559491e+00 4.888536415914135902e-01 -1.639893263515395105e-01 1.026447816363470350e-02
2.723696241533100637e-01 5.449974534370407575e-01 -7.244339806725774711e-02 2.062096422049496721e-03
7.913429230042744456e-01 4.219946353020940788e-01 -9.454967347532339250e-02 4.853366200494444414e-03
3.372089804168637017e-01 8.628060675423581127e-01 -1.925027538286444850e-01 1.039434682735697162e-02
6.209139336219734462e-01 5.836281244872022489e-01 -1.225049948904468333e-01 5.830462817244527057e-03
2.723051867241658708e-01 9.473104301055950138e-01 -2.206070453291487932e-01 1.186260920276691055e-02
2.261391827610313709e-01 5.493907524112304763e-01 -7.947626279771219382e-02 2.924219243274879879e-03
6.264886920213561528e-01 5.433913437468548269e-01 -1.153768592838071844e-01 6.127248039283784628e-03
1.372340686527006692e+00 9.499840688317633119e-02 -5.410785786949369458e-02 3.126045251318282196e-03
2.758178538486967257e-01 4.928844743870310352e-01 -5.906055963583352331e-02 1.244752825091790475e-03
1.418273236101589951e+00 -1.954200550019055127e-01 2.098560963723557563e-02 -7.618738943888529519e-04
2.109075364878358338e-01 5.653542119925409892e-01 -8.625141584599402278e-02 3.313065545125298220e-03
2.589309361639876572e-01 5.336096129405037969e-01 -7.549916186265960560e-02 2.624728428202771201e-03
1.213811836714741244e+00 -2.791645072649267395e-03 -1.883125590696016829e-02 1.375916313704260733e-03
3.109185084606297389e-01 5.792574436929396331e-01 -9.114818983200259628e-02 3.525028915912974733e-03
2.328156732887124714e-01 6.331432611370696462e-01 -1.005036990532578861e-01 4.294672396570473755e-03
1.171896495177761066e+00 -9.017664502087950618e-02 8.948227243941528006e-03 -1.339398282709144668e-04
4.724113883648954348e-01 4.373622647900199389e-01 -7.756468642331994234e-02 3.702172919324423980e-03
1.159462221004159410e+00 -1.461607388546820423e-02 7.392615148580588755e-03 -1.314146805501918399e-03
1.446350928090208710e+00 -2.528954702708579583e-01 3.427537141759969680e-02 -1.482368321568814729e-03
1.272332179022703569e+00 4.506486495211601412e-02 -3.348362247523074819e-02 1.951547710472648035e-03
8.289112211716002099e-01 2.702657371969584554e-01 -5.720345210483928494e-02 3.103670185792214292e-03
4.576909275584958303e-01 6.630185960597347883e-01 -1.325520466045477519e-01 6.453572713289889261e-03
6.856668481566683404e-01 3.800772271151426351e-01 -7.780665585828339115e-02 3.562915035528093320e-03
3.347287594186294513e-01 8.212875684437116464e-01 -1.683060494648662697e-01 8.024747522861946925e-03
2.824508082160953060e-01 6.554740602193371846e-01 -1.134456444593768265e-01 4.844508915397543330e-03
1.419894017153474408e+00 5.312612322659507336e-02 -6.098545556044179111e-02 3.749951647048776603e-03
1.030520371987580619e+00 1.722831098616848799e-01 -4.942390484886129143e-02 2.301681297810801059e-03
3.736147177942106268e-01 7.135698726505537159e-01 -1.430116378054385462e-01 6.791824453059799871e-03
1.214795739150582365e+00 -1.113622800759821174e-01 2.621640870403832424e-02 -1.951884884254995265e-03
6.832657242240712803e-01 3.131366583721510999e-01 -4.812859117201704479e-02 1.735999109044220707e-03
1.334464506160930375e+00 -2.391858785949824151e-02 -1.715895129871890246e-02 1.033139355632514732e-03
1.006613071965278383e+00 4.047126861200000536e-01 -1.204166254665522545e-01 7.172317360960177648e-03
9.927264620788032179e-01 3.374816175622772918e-01 -9.040538694063302017e-02 5.045144840546764674e-03
9.301997497596931064e-01 4.132831824772372764e-01 -1.293333521261156305e-01 7.916517111977949134e-03
4.969936225360672144e-01 6.621314807578945194e-01 -1.526404219923326866e-01 7.842641015357528639e-03
5.882177230062799467e-01 5.853697350018003398e-01 -1.184568371160033967e-01 6.070845010976712655e-03
6.760580968173857119e-01 3.264803354984551764e-01 -6.651072596628757050e-02 3.215421105064382532e-03
1.046584588993430875e+00 1.536704170802673519e-01 -2.984864208465014268e-02 1.250775805808183178e-03
3.964743347379507399e-01 6.449017845233291357e-01 -1.268522866860073706e-01 6.219349337399035678e-03
5.511392903879285265e-01 6.296086751480395316e-01 -1.460439647276745301e-01 8.000614987210573348e-03
7.025270304508675068e-01 6.089990361109852701e-01 -1.579240534157069498e-01 8.893184330639805624e-03
7.691728027489616037e-01 2.097978352254746270e-01 -4.115217581294648708e-02 2.311247440738154954e-03
5.119574192965369308e-01 5.726165700704672901e-01 -9.965257160886012433e-02 3.889418697987236974e-03
7.486853016978849418e-01 3.906706742556828593e-01 -7.761812355117793383e-02 3.495942637125356526e-03
1.418873584843091118e+00 -5.308365638952964455e-02 -2.168833745686788231e-02 1.358601281958491140e-03
1.165786055562097134e+00 -1.509319374345929332e-01 4.035018115269156658e-02 -3.150671388479328854e-03
8.761155823904642759e-01 3.276303387927402833e-01 -8.548901092938200608e-02 4.950021287074503687e-03
3.394752867513654015e-01 7.524986785271948753e-01 -1.588136593243209271e-01 8.321333296483209713e-03
1.133762922218231273e+00 1.127020754010776837e-01 -3.557121353826225851e-02 2.278399102555605463e-03
9.196735548182668474e-01 5.533659098656830144e-01 -1.620764969048604787e-01 9.607147253670898432e-03
1.210611781731720349e+00 1.519845957536730130e-01 -6.754136140197229687e-02 4.109628147402319236e-03
8.589481728502009750e-01 5.270139890915304104e-01 -1.546292445569386886e-01 9.224593099422879333e-03
7.334545437696169401e-01 2.501852887460950248e-01 -4.850524360027919785e-02 1.828807057772964800e-03
4.804211389473933003e-01 5.923602306080071322e-01 -1.335508225788691050e-01 6.916381626395143312e-03
9.177700434977360544e-01 2.102035819913656289e-01 -5.152122580001741725e-02 2.829276939144627877e-03
1.408306516685043919e+00 8.352815968969473648e-02 -7.604374141209505056e-02 5.224924179659928142e-03
1.492313800945207936e+00 3.833348072720012961e-02 -7.185736071460578633e-02 5.559313661231891045e-03
9.656904439836936360e-01 3.916231025196784121e-01 -9.482832726076184660e-02 4.717361479380517697e-03
3.542113260926885721e-01 6.548204320607016182e-01 -1.234474364253041190e-01 5.552761793518072239e-03
4.949600796867704711e-01 3.476423354738187865e-01 -3.760013061750088620e-02 2.518588941322024550e-04
2.073949063497647904e-01 5.888655830035803840e-01 -9.294004879450989964e-02 4.147946874696549144e-03
4.258503898157700585e-01 6.613874490011102392e-01 -1.376048401533581100e-01 6.413088002856601189e-03
5.601740770933844038e-01 5.859439051984419722e-01 -1.148420881393381193e-01 5.624492731497806805e-03
4.266189232347403215e-01 6.433262981451572937e-01 -1.248178870130713936e-01 5.393835610058472091e-03
1.412505893500321630e+00 7.826839926837619865e-02 -6.221199976561526956e-02 4.483734212571094044e-03
1.117694455741669923e+00 1.220001770621609444e-01 -5.568602219407635390e-02 3.819041249091585481e-03
7.357202731174278254e-01 3.252122236274433420e-01 -5.373932009429067264e-02 1.758581392139474701e-03
4.800598761241268719e-01 4.812930451600375137e-01 -7.888317597047632412e-02 3.421054519655938268e-03
6.961428851289607200e-01 5.286839381399928151e-01 -1.070655893070016768e-01 4.805349684403757184e-03
7.061544072441913178e-01 4.941929732918676765e-01 -1.169885537903084943e-01 5.735354559818282676e-03
1.241523895590471493e+00 2.027532636215178263e-01 -8.334988548713699597e-02 4.807680101059486240e-03
1.084721168587518436e+00 -5.110739338299258305e-02 1.063702497652954833e-02 -4.069578951701008059e-04
4.191801598073908730e-01 4.723318358975028275e-01 -7.346949424093782155e-02 3.005435229911651226e-03
3.928477940537187796e-01 4.193223053019226598e-01 -5.432878729296367754e-02 1.501913887212179928e-03
1.037669940948640290e+00 -2.830460166777998277e-02 5.805724579069644620e-03 -7.433545467392884982e-05
7.341564483518432382e-01 1.820557584736461620e-01 -1.948927394799289739e-02 -7.798545197873713117e-06
5.290947429020710358e-01 4.263097719314530298e-01 -7.549450115784576976e-02 3.469391668073537084e-03
4.352690909983751855e-01 3.655312729595405763e-01 -4.980324824944485501e-02 1.746122739566987204e-03
8.334634698834052502e-01 1.982903408273573725e-02 2.302097329347748550e-02 -2.668270990255573651e-03
2.652665958059416962e-01 8.342396541671486254e-01 -1.805656154472447539e-01 9.598406679627847354e-03
1.146792341563188211e+00 9.826467156269155789e-02 -4.016693061952020943e-02 1.957845973095069091e-03
8.254618645043939607e-01 3.090317750182378087e-01 -7.979934228454918510e-02 4.666753951008555806e-03
3.642922935871955037e-01 7.482061589961003234e-01 -1.615823168265152765e-01 8.050774206981952535e-03
9.989405797135495479e-01 9.362043860953328392e-04 7.617872192411842026e-03 -9.241262366056211038e-04
4.605221508281271969e-01 4.707926653007784568e-01 -6.891138265221549708e-02 2.278044250763684025e-03
4.967843676694371213e-01 2.818917305812911334e-01 -3.699548532873996737e-02 1.237486779438715058e-03
2.250367290984388313e-01 8.319728216389840059e-01 -1.762305375521108497e-01 9.397320230585292852e-03
8.323539736991318883e-01 2.822728665570164441e-01 -6.929858922844750468e-02 3.797068907848343174e-03
7.687687348222862482e-01 2.913823259405421418e-01 -5.004179167982983345e-02 2.295223223820959477e-03
2.196837425824486045e-01 7.480956991622880192e-01 -1.464207255542396280e-01 6.919305710863835404e-03
5.227985432972956925e-01 4.924307066431456992e-01 -9.281955300294275624e-02 3.809620185628073783e-03
1.405283492984069404e+00 5.329345089884229836e-02 -1.329190568972206214e-02 -1.600118954164904623e-04
5.798762807867947622e-01 6.397496050115539790e-01 -1.295875286423440742e-01 6.123834667732483764e-03
2.365803603242974118e-01 6.952557293603293109e-01 -1.273940183112715896e-01 6.323314484277134037e-03
1.220369429474516210e+00 -7.966995257440667721e-02 7.532601995972281958e-03 -5.305460278882659277e-04
1.343309222975720640e+00 -1.014363758413411587e-01 9.043402965449302833e-03 -1.056961472185361699e-03
2.527595230083360400e-01 9.215846445510256224e-01 -2.175380161155316683e-01 1.211344944259592875e-02
4.685505691778906190e-01 6.031859400031652774e-01 -1.194576267736270764e-01 5.770666127304809739e-03
5.361129571268471450e-01 5.487989294001122120e-01 -9.742842190124824386e-02 3.921428181403860923e-03
3.603963549121372845e-01 3.343304443741347831e-01 -2.671738959492472171e-02 -4.688756792662002529e-04
8.388469965778102555e-01 3.232540226119389737e-01 -8.207691668389190121e-02 4.609641169861388235e-03
2.195853478827782534e-01 4.676072959129847217e-01 -5.374424500705223678e-02 1.044070039314429557e-03
1.496992686857811616e+00 -1.973794207983552429e-01 1.820043969630415551e-02 -1.189071899200821103e-03
8.077402983224269972e-01 2.751695293521860264e-01 -5.527600699025581737e-02 2.881155696794262307e-03
1.218755060477165308e+00 2.828436185704799599e-01 -8.991944528417697424e-02 4.894091537036878228e-03
1.246198306992723159e+00 2.443263960141532076e-01 -8.469135770176723643e-02 4.762683572309992994e-03
1.011447379347164333e+00 4.101682494641987198e-01 -1.165184687312559170e-01 6.695212790314025025e-03
7.306725538885676663e-01 2.063007552907729636e-01 -1.559299431715117576e-02 -6.440840702155232371e-04
2.974429073938502643e-01 8.887981372284426973e-01 -2.102745315585841657e-01 1.167840720343851606e-02
3.244845250476138809e-01 5.267988563305746608e-01 -8.127911609273340277e-02 2.892371037720815538e-03
1.356245103957943954e+00 -6.508084831709368134e-02 -1.039532376294114747e-02 9.930392494672199161e-04
9.912172973216483163e-01 1.612481513683840795e-01 -5.224427711925123952e-02 3.290577366654860812e-03
1.105386455802873424e+00 8.406778143498383482e-02 -2.070598699989108921e-02 1.012373229672738732e-03
8.702141543292385428e-01 4.503592566833418132e-01 -1.088728642574164768e-01 6.190319491637137801e-03
1.322941514681835073e+00 -5.712074091292385775e-02 -2.055170386117904924e-02 2.137970251889782358e-03
1.178157628014037117e+00 2.316149136570084810e-01 -7.463233560425726332e-02 4.171021474571538767e-03
1.287705377981412713e+00 5.747523950210544491e-02 -3.877177649299373696e-02 2.081878949031071291e-03
1.492137769620839105e+00 -2.992257407497044344e-02 -3.154143615199927336e-02 2.770661465002909659e-03
1.114432181759781981e+00 1.136215351364570740e-02 9.098556344390018938e-03 -1.505914373787665874e-03
2.935386757756044962e-01 7.990897590003299689e-01 -1.634548662587976264e-01 8.188090974977043843e-03
1.422620777641214307e+00 6.897763009928239986e-03 -3.363635983372731397e-02 2.289221823235372804e-03
1.068503063732689551e+00 -3.150578441427296511e-02 5.379334201976081198e-03 -6.454542603035977994e-05
1.157111353041554658e+00 1.949551902143878690e-01 -5.940399686741023449e-02 3.475168334526197375e-03
1.046616118840132614e+00 2.232966244794402366e-01 -5.496563153506573568e-02 2.219226498967213392e-03
9.604427053505907308e-01 2.176673434559530385e-01 -4.337281305784224106e-02 1.660355307827383452e-03
8.850349451715089355e-01 1.994542393584364526e-01 -4.047953958799297564e-02 1.332512918954106493e-03
8.486037335284588590e-01 4.127916174932081406e-01 -1.133147493790997579e-01 6.056606971864750104e-03
1.107649917583321431e+00 1.315310348432170429e-01 -4.309899598931879461e-02 1.845094794006507926e-03
2.346716726130468056e-01 8.132913719778314121e-01 -1.573531974619377105e-01 7.982610892603877323e-03
6.915850176647924119e-01 4.915307140587809598e-01 -1.132408253139047666e-01 5.366030057616528667e-03
1.329591095454967453e+00 -5.571124271028509573e-02 5.369378311574204976e-03 -4.370290008778809584e-04
1.429537533677663230e+00 1.145293185112325612e-01 -4.834519172335207532e-02 3.189122527945521032e-03
6.726297051507744706e-01 3.425198442901284945e-01 -6.709713276383147407e-02 2.987537910078704416e-03
5.219688299066220782e-01 5.202307602190252567e-01 -1.026587992826137608e-01 5.179433863580492486e-03
1.349814316991317487e+00 -4.442771678759337844e-02 -1.183582712424651254e-02 8.351546537172454361e-04
1.080026633597909402e+00 2.426243404700370310e-01 -7.410579408497974807e-02 4.363688785595952989e-03
1.073511601675293470e+00 2.389401036089300878e-01 -6.449239786682492426e-02 3.653105275667507292e-03
8.134585177889558372e-01 5.840509109761545803e-01 -1.611784417882690390e-01 9.194420241242822617e-03
1.139306423584721006e+00 -3.570739053182872547e-02 2.579287926462820076e-03 2.050675147738036824e-04
1.145102985685825026e+00 1.706814181847506329e-01 -4.512585883666059283e-02 2.244828346903403934e-03
1.112695061975353061e+00 2.321258779705737685e-01 -5.209868507941305821e-02 2.148129905976819964e-03
1.367894833795371579e+00 -2.737320681794055965e-01 5.595000706140154656e-02 -3.215535024794860010e-03
1.308367156731220726e+00 -2.317213844706476900e-01 4.593307507778004312e-02 -3.042143805931415111e-03
5.663285900247246873e-01 6.672049666651628241e-01 -1.468812929091281305e-01 7.107911494946105545e-03
4.378805188162481765e-01 6.692862768829336284e-01 -1.337619144512781910e-01 6.303060294439496308e-03
1.405104153964651159e+00 3.519443211535516758e-02 -4.499246835554064627e-02 2.430163622241460989e-03
1.335728332241635119e+00 7.829381306812377428e-02 -6.371517506857943269e-02 4.412414276376676672e-03
4.846358045497685674e-01 3.797836503954433729e-01 -5.950419505438609563e-02 2.743723382587225351e-03
1.276072022865870625e+00 -1.343137042727920727e-01 2.362083789232479261e-02 -1.181608122588191992e-03
1.225837467657225233e+00 1.007303998011384455e-01 -4.504264625870945532e-02 2.490103748142771280e-03
1.453954581361833975e+00 3.641934941028549672e-02 -5.682886309192024255e-02 4.240435587416600469e-03
6.972079853795942750e-01 3.676125888442018375e-01 -6.452843762999936617e-02 2.755773226737828589e-03
3.354944251659527921e-01 7.943419353122022075e-01 -1.607458189047709651e-01 7.783691664389326241e-03
1.056767534250700802e+00 1.674524379024457110e-01 -5.380624893785492663e-02 3.505368517314216663e-03
1.135332052647432866e+00 6.305528424177869740e-02 -2.521049041240286739e-02 1.454685606407938019e-03
1.437625399508568602e+00 -9.869420836789208340e-02 1.430165591869919563e-03 5.181621327626561918e-04
1.265147261083488850e+00 -5.959762090864666011e-03 -2.156003544601627769e-02 1.262525547292098812e-03
6.429467142263923796e-01 5.916734526723461673e-01 -1.371394526129441072e-01 6.967249600456157897e-03
4.991567661506669529e-01 6.739365985469997211e-01 -1.465983039735294646e-01 7.840632960983293098e-03
4.483292482337289386e-01 6.563602027492225766e-01 -1.218540910839740615e-01 5.575490929825761312e-03
4.043549388507097775e-01 5.971090697712803097e-01 -1.218164143906111663e-01 5.685157949106329697e-03
5.062139495013761037e-01 4.421239324141356675e-01 -6.776711120438073943e-02 2.389465726188541497e-03
1.094501402057251660e+00 1.821074933661769590e-01 -4.624344812132658716e-02 1.838562235593809617e-03
2.422442187460710494e-01 9.009295989095944535e-01 -1.962325987845164044e-01 1.045381276153290254e-02
1.220517829819347089e+00 1.375687371208639542e-01 -5.711166372564529387e-02 3.056553983207375806e-03
1.218569139361495468e+00 1.411963067879627165e-01 -6.173212947627639696e-02 3.592080748654206870e-03
3.805149723551837782e-01 4.147355395068609840e-01 -5.674033975195842683e-02 1.862678519813523162e-03
1.431995931984170412e+00 -9.285880906042952299e-03 -2.216536166197863658e-02 1.147108771807363661e-03
9.257683592035981235e-01 3.947949612420263432e-01 -1.147784934243313987e-01 6.294412072657688123e-03
8.400945129546142365e-01 3.367017478125172714e-01 -8.704608889999561339e-02 4.462514813211055677e-03
8.433651412589724394e-01 3.337663207870744109e-01 -8.552879787189980598e-02 4.703741324249795415e-03
1.010004254989061101e+00 2.880900661394349416e-01 -8.850750979802322893e-02 4.905782011045593284e-03
5.909074376292180464e-01 5.990644554568790303e-01 -1.314361764102605912e-01 6.922407024293343591e-03
7.195513093922728531e-01 4.965999540384319344e-01 -1.011018091076172631e-01 5.193440292510762696e-03
6.964397659940266827e-01 3.441296829926028811e-01 -5.806194284630611380e-02 2.480802425489822029e-03
1.078660615212269080e+00 3.183179437165915004e-01 -1.006022081827002007e-01 6.250342685584351320e-03
1.034797918799542416e+00 3.825452155338955884e-01 -1.126873040202978210e-01 6.588400758099108127e-03
5.174613285869804624e-01 7.989744928665756252e-01 -2.024799976484208675e-01 1.134270593302741208e-02
3.593680646206504070e-01 6.305271581119911151e-01 -1.051507046209285423e-01 4.582212367783120369e-03
5.121124180125002923e-01 5.912481116783169233e-01 -1.055045720920189944e-01 4.394509415427199153e-03
1.091794807916515175e+00 2.359245367194004739e-01 -8.763828038843490820e-02 5.664864559104835703e-03
3.312141887094818826e-01 8.126125924080600527e-01 -1.753596861927174400e-01 8.651556025297522240e-03
1.150455506745061474e+00 1.752331398173372357e-01 -7.197257777319182592e-02 4.508885984150200373e-03
1.060974517876453138e+00 1.619359993596585501e-01 -5.609755102390821813e-02 3.680551603390537409e-03
3.638764831756065576e-01 6.839568675426076494e-01 -1.387287348786805097e-01 7.057599376235441577e-03
1.469833627990281277e+00 -3.578492627684228683e-02 -2.800544183991270780e-02 1.594606347324842646e-03
3.475503411773648854e-01 7.422598078230447927e-01 -1.675905049902270683e-01 9.143571969159847504e-03
9.991778481349472552e-01 2.779281368692908538e-01 -7.520211538149940145e-02 3.738365325907212679e-03
6.825615160841272955e-01 2.259508488753578792e-01 -2.542406605888128390e-02 1.319634893652446399e-05
1.493212041098900489e+00 -7.647933072553897427e-02 -1.700795831314708476e-02 1.718667948450693529e-03
7.928243222477172614e-01 5.449560843938308086e-01 -1.551459799801621076e-01 9.037769173199174805e-03
3.339498709932972043e-01 8.987897955967544261e-01 -2.152721354045993574e-01 1.218522809096629286e-02
8.078500265979285944e-01 6.609302541711836732e-01 -1.799837774235255872e-01 1.027871554460974869e-02
1.189678332791756610e+00 2.455679962919518067e-01 -9.041201502024606707e-02 5.041146591751105403e-03
6.508511465765839388e-01 5.882376531301894973e-01 -1.412739549043671161e-01 7.202358954462914804e-03
5.643179225610429617e-01 5.824768019413502085e-01 -1.219304136427597218e-01 6.047891444724815685e-03
9.108740173172732435e-01 2.281284984583528408e-01 -4.596116745573209511e-02 2.419951686081334152e-03
9.003881889925597903e-01 1.260806092696708791e-01 -1.614825856402025278e-02 8.966782407169234816e-05
5.809137936712642780e-01 4.071947304975353510e-01 -8.149142127565238425e-02 4.041461449862854965e-03
1.481202499516979021e+00 -7.722873013420548938e-02 -1.913504229675464657e-02 1.732017416026191119e-03
4.012966822374060549e-01 6.617740283164351700e-01 -1.363914306224915940e-01 7.069491528123231575e-03
2.831935217625170531e-01 7.822871467733273354e-01 -1.657105400216860036e-01 8.870398920874170146e-03
1.102155286212751495e+00 -9.328041573170832435e-02 2.978217421202383752e-02 -2.516521682077439964e-03
3.946369293877849405e-01 4.793791849397868732e-01 -7.068376701183307076e-02 2.621611109488313635e-03
8.327658998088834919e-01 6.310719384203358207e-01 -1.747336389592359929e-01 9.964715676842391887e-03
1.493319263820992893e+00 -1.177026055932080262e-01 -7.054146523693432223e-03 1.301148992617610738e-03
6.922833065277340658e-01 6.351134118485486368e-01 -1.588539165349777682e-01 9.131304149890563313e-03
8.444281794044873335e-01 1.050725532032827647e-01 -6.902892513240623494e-03 -3.771444418582120127e-04
5.216379388167511344e-01 7.113168935796203574e-01 -1.716197406519577306e-01 9.112699653055505652e-03
3.744333750513871295e-01 6.324287120268147211e-01 -1.116615358283738202e-01 4.807519202953694330e-03
4.703366160675815921e-01 5.631356460400934738e-01 -9.395267654941999447e-02 3.552362265019026136e-03
1.147491471619488612e+00 8.709944219743898097e-02 -3.557893050189227246e-02 1.509740324647075149e-03
5.855379659059636310e-01 6.406226231325281573e-01 -1.387579239718027824e-01 7.323053518036313873e-03
1.494799445784936731e+00 -2.230037232497729671e-01 3.578756743596278600e-02 -1.898347928354744306e-03
1.142643450828734863e+00 8.375508995956872094e-02 -2.850698999804832448e-02 1.051708026155960367e-03
7.604930591262814010e-01 4.017280516405972723e-01 -8.774853591251018103e-02 4.164762937586400683e-03
9.011190464201891404e-01 3.343276388471190241e-01 -7.761575271140568055e-02 3.406715889363040942e-03
4.149162714546742459e-01 6.571562006007310996e-01 -1.339868523677415491e-01 6.231943525226828380e-03
8.072292294920908606e-01 1.851330763102068122e-01 -2.596093066711502306e-02 2.387579276309324133e-04
2.188150157786530325e-01 7.923672772017129606e-01 -1.493748789283438350e-01 7.271405023692969344e-03
8.422920335415338133e-01 4.188605269458453018e-01 -9.139258406659468703e-02 4.629486708867462490e-03
8.356259343502490111e-01 3.888196315512135182e-01 -8.346011653200524627e-02 3.649310856847191951e-03
1.296804299921465065e+00 -8.716033341144022173e-02 2.005938289680112008e-04 2.811139945317301801e-04
1.060989436296780886e+00 6.746699451238236112e-02 -2.180440254566759148e-02 1.543459792745969193e-03
6.622917421756080447e-01 6.173547570636642723e-01 -1.404070062286765230e-01 7.251796428777966715e-03
1.184190511476808760e+00 2.075483521214745164e-02 3.075931328424098745e-03 -1.262860125356461520e-03
1.403569907847453280e+00 1.811748663533753190e-01 -1.028655820887802441e-01 6.640435046854616628e-03
7.568351675791912259e-01 4.295141102627144658e-01 -1.030508836593528738e-01 5.521436664004554691e-03
7.091657000320643611e-01 6.697665505537434560e-01 -1.674150308087735961e-01 9.370787731290110278e-03
1.091654673267164366e+00 1.714513782127622121e-01 -5.239149570403062173e-02 3.240385255711113015e-03
6.693528515953873770e-01 2.752635989457998811e-01 -3.444167495641470983e-02 4.639951490312277664e-04
1.089307091026739949e+00 6.631709679659797407e-02 6.019581293070916037e-04 -1.350118525158294216e-03
1.052202083748327688e+00 1.261407204328716669e-01 -1.475714275851976870e-02 -4.112414949327912179e-04
1.065654782073698792e+00 1.258617793767449478e-01 -2.155806541196276724e-02 3.976722121730243316e-04
5.660344319089424259e-01 4.954668757440905402e-01 -8.218161878240129448e-02 3.064689462225911841e-03
1.254271440281409244e+00 1.758516574110108865e-01 -6.134228454538524777e-02 3.848389297877649433e-03
3.479069577513729805e-01 4.899019148297709680e-01 -6.772006290080777313e-02 1.956550053472783535e-03
2.666811088684544195e-01 5.617990712881363313e-01 -8.680920426614012475e-02 3.543456089056830002e-03
1.465164678249286423e+00 -2.018334213831407542e-02 -2.523969694140725667e-02 1.647595423806148774e-03
1.058482655948771223e+00 1.442143818354569285e-01 -2.680820834263246064e-02 9.685374575013657849e-04
7.118266679449318790e-01 6.079355134195985055e-01 -1.432820000889843126e-01 7.745012898652113564e-03
1.024156604320588748e+00 2.409283146000011921e-01 -6.543884659200228937e-02 3.622067451752679183e-03
9.002682600673728164e-01 3.764764253291144058e-01 -1.022227062634066402e-01 5.692039939405737527e-03
1.068869382755607944e+00 2.605285051049573419e-01 -8.604241932967376938e-02 4.987501599120603910e-03
4.524346685730436524e-01 5.819802954876958090e-01 -1.184930410001459183e-01 6.113200432209469661e-03
1.476030265543347930e+00 -2.529787814368480436e-01 4.081862593112156601e-02 -2.567231089564348673e-03
1.044931262785676829e+00 2.268132441704782398e-01 -7.537643956841443005e-02 4.790278508516392433e-03
1.273012080011518110e+00 -5.103100118068844976e-02 8.400953275446158136e-03 -1.140643296147076475e-03
1.388598812501036006e+00 -3.070897865191156706e-01 5.561342978033965295e-02 -2.688494555324755838e-03
4.582912147545877835e-01 4.205893707024440653e-01 -7.255464731875910234e-02 3.344867500477429097e-03
1.415897215743807669e+00 -2.087016717033916835e-01 3.409559135431189381e-02 -1.680267799679208748e-03
1.045427893646854844e+00 3.780632851337840106e-01 -1.223523805742793152e-01 7.165357460560665796e-03
1.037246415129846611e+00 1.825064235300691562e-01 -3.481754843120547782e-02 1.101175015096272350e-03
1.098133504886820822e+00 3.566303479195994108e-01 -1.219962048533886761e-01 7.319455260246047687e-03
1.050407492427178457e+00 4.783786077607862230e-01 -1.455238563093723958e-01 8.738394058782667992e-03
4.163683964681219041e-01 3.165671047412859096e-01 -3.586241056111061365e-02 6.435082417163581845e-04
3.520257764272397005e-01 9.448696660996307450e-01 -2.295999246578398767e-01 1.296363639370077571e-02
7.055090395071627052e-01 3.263614339583298940e-01 -7.036047994913112447e-02 3.802513535262646259e-03
6.646742954654960567e-01 4.132496041422138444e-01 -7.732076787439358390e-02 3.914991766564486844e-03
1.382977956468695035e+00 -8.998357183320697394e-02 1.065109785749911164e-02 -1.129941875768147863e-03
1.426508346273414274e+00 -1.479523219901336673e-01 1.893885519388400010e-02 -7.427028345537378890e-04
1.092349502661926319e+00 -7.131344778515689986e-02 2.159795249714801038e-02 -1.820124247869678346e-03
3.596550948996371511e-01 9.163049120168931250e-01 -2.201006574310316877e-01 1.236746575869796666e-02
3.581750127221742797e-01 9.393813300402511501e-01 -2.263671162197114506e-01 1.259726764165691563e-02
3.875290144723169683e-01 5.520648175137489178e-01 -9.210587301405340210e-02 4.021373869916636083e-03
8.610114921406667454e-01 3.360316725590027920e-01 -9.094327862740007873e-02 4.983198523310192370e-03
2.459967633050513247e-01 7.085476844621049208e-01 -1.188905758086490766e-01 5.067479914008517043e-03
8.441961991826518741e-01 3.219068391826603870e-01 -6.962273217399445047e-02 2.855116403969246933e-03
7.624105404058553193e-01 2.035797918178514077e-01 -3.195010171918551134e-02 9.020900205460240066e-04
1.250870861661052436e+00 1.338190466162125607e-02 -2.918524846951466023e-02 1.977695646792507807e-03
9.037369570358870785e-01 3.543528420851860816e-01 -8.630748188126913245e-02 4.488024686453801967e-03
1.216689479384208905e+00 -9.362237506257363451e-02 2.025803852521161630e-02 -1.316230801500646065e-03
1.103607833142083994e+00 -6.771987140660083726e-02 1.711266513911964549e-02 -1.338810847274715622e-03
6.269325701954456820e-01 4.672802040647285327e-01 -8.180812105427751058e-02 3.685358209313360604e-03
9.543516172052169955e-01 2.793631234455277723e-01 -8.411722995837456196e-02 4.554308548145120407e-03
8.776760196830009075e-01 1.972162270665672734e-01 -2.809399922028652311e-02 3.936903963774787251e-04
3.717149180865281788e-01 7.231605835474383959e-01 -1.555194819358427238e-01 8.007696294672714959e-03
3.768044977705196641e-01 6.862250232685541684e-01 -1.485046071357453146e-01 8.003553892479637125e-03
7.802131698288230499e-01 4.914324514434866287e-01 -1.124859644663846053e-01 6.057809392627974340e-03
4.834200697274576020e-01 7.016615555182954544e-01 -1.626259087697023153e-01 8.521563811652560494e-03
7.112184315798825152e-01 3.117730141079942952e-01 -5.487914484420016586e-02 2.553556639798346042e-03
1.216849568765543621e+00 -4.007465151067478304e-02 -2.687478448096972811e-03 -2.027515907673896355e-04
5.341997420388083784e-01 5.592823711657489705e-01 -1.192450546744879547e-01 6.049421822330753110e-03
1.390320895995772688e+00 -8.668946461121133928e-02 2.747588944855116483e-06 1.309483166981704355e-04
1.025678372789585513e+00 1.278559619844009676e-01 -3.830810393280565523e-02 2.028019113435448797e-03
4.286874092942403736e-01 5.914959034304644314e-01 -1.134987456543338352e-01 4.967954875793076201e-03
3.929152069581781648e-01 6.394463469436255654e-01 -1.264042972857258029e-01 5.715771960709945324e-03
8.044972555346432408e-01 3.326529215376163862e-01 -5.949154800240750995e-02 2.698499925206662188e-03
4.100240052751599751e-01 6.422635987273230818e-01 -1.176421237431313216e-01 5.731557490089547909e-03
9.890181280889855930e-01 2.850351018999727204e-01 -8.063013108137861984e-02 4.751677559895753182e-03
6.467598550064649343e-01 4.630394057534887309e-01 -7.930719997385558828e-02 2.849531411293427467e-03
8.988853871405741991e-01 4.494729874225492638e-01 -1.350142212290174892e-01 8.297497806089485992e-03
1.425440978955984317e+00 -2.987869926515058783e-01 5.910903844490385944e-02 -3.364711288655867268e-03
2.107750436571312891e-01 5.589793075864849525e-01 -8.558458178947953021e-02 3.248141338146516392e-03
1.230399573279512770e+00 -1.886387368976151502e-01 4.498052703370464950e-02 -3.136533163314050594e-03
1.189605599101292821e+00 -1.124940039028935607e-01 3.278853652001080532e-02 -2.633277793290168638e-03
1.223241581220143148e+00 -7.917866866455371133e-02 1.800366205186646265e-02 -1.601361317621060676e-03
2.743255186512107979e-01 5.481881852535118727e-01 -7.981284536477667446e-02 2.704111535380482063e-03
1.210547502891974769e+00 2.702592561116758940e-01 -8.209184024379388711e-02 4.089263911938524794e-03
9.378734383844832267e-01 2.090355002276986784e-01 -5.245570655812942934e-02 2.743335970705833814e-03
1.258114979590465810e+00 -8.217713742275292721e-02 2.447133386868314067e-03 -4.004955947071458947e-04
1.141027641402305504e+00 -9.856883504874004026e-03 4.572400160440464635e-03 -7.957197405230649221e-04
1.010103464898907122e+00 -1.012090627861692155e-01 3.862754563687794546e-02 -3.176289478889737002e-03
2.285800129779358425e-01 9.145659252731805910e-01 -1.954471728894663918e-01 1.014064306079092391e-02
9.356851758387747520e-01 5.621939082042812785e-01 -1.718398148445425266e-01 1.036286746010432053e-02
1.422358220156105135e+00 -1.976341953256600670e-01 2.173369235975076627e-02 -5.083480400241674035e-04
1.094403448357141873e+00 2.247932834112501277e-01 -7.977802956541667212e-02 4.199077532805243346e-03
1.023410064292694210e+00 2.135183107312672302e-01 -6.242175395705737428e-02 3.892281825686127149e-03
1.273980220917968476e+00 2.244496625482095276e-02 -2.831407342076606298e-02 1.459442057694667651e-03
5.067342669889828288e-01 7.622597517635201214e-01 -1.809135623152799965e-01 9.650317494806402718e-03
4.669366582266630261e-01 5.763024797027100909e-01 -1.087079621808721558e-01 4.558582677436345126e-03
6.826489395450917597e-01 4.369880375532511074e-01 -8.297612116015957995e-02 3.489189327129215822e-03
5.185971045722864714e-01 5.775984163639550362e-01 -1.011164278641334818e-01 4.334997879326688876e-03
7.532493525198241668e-01 4.445161103504270961e-01 -8.974486390902876309e-02 3.936972122686568758e-03
6.866572216633549663e-01 6.559053589184681288e-01 -1.635319417029770794e-01 9.033826098981272840e-03
9.185500798885497531e-01 2.115012367708256069e-01 -4.424760650351496072e-02 1.645145314561968688e-03
1.489451265423812787e+00 -2.705547628873624655e-01 5.390072600958527999e-02 -3.468862293064722303e-03
9.495992585887248483e-01 1.429145010347620259e-01 -2.290114542950419732e-02 6.468126971740940359e-04
9.615811813867920499e-01 2.593655328656267467e-01 -6.936377110347742569e-02 3.248642504728863241e-03
1.470501906430924821e+00 -3.081351153663791087e-01 5.039569654070844701e-02 -2.499328981097725076e-03
1.476139901340506766e+00 -1.730517927309748460e-01 1.838010592779864075e-02 -1.406842380352551700e-03
1.243119694653945562e+00 -1.011616381383502739e-01 1.536148319389010926e-02 -1.005898052136676348e-03
1.166404040072621884e+00 -9.185940080351263914e-02 2.475337900782879907e-02 -2.036754904249153415e-03
1.033743364325859559e+00 3.371423557412412952e-01 -8.157236004329675161e-02 3.601092539050599912e-03
7.418769095020041338e-01 5.051487042999113219e-01 -1.298393314796394693e-01 7.289117534927438621e-03
1.235053899340342820e+00 2.181770774643654320e-02 6.971497644868204085e-04 -9.881260177303714028e-04
1.024730848143919903e+00 3.569213260501619134e-01 -1.002738959644648431e-01 5.217627229278865714e-03
2.079161974790124101e-01 6.571811833377564360e-01 -1.011553135365587663e-01 4.016366446857241694e-03
7.196661117238144501e-01 2.838877091610075842e-01 -4.001624098225327331e-02 9.802614290278025000e-04
1.409822103754523104e+00 -4.165193817616814898e-02 -3.216057696836662622e-02 2.621316424556708637e-03
1.403909379592110707e+00 1.344722788758304921e-01 -6.079710135927660769e-02 3.866471328057019281e-03
1.292753770002287306e+00 2.182877580782000004e-01 -8.147836281859219265e-02 5.295649839941117890e-03
4.706715151435657551e-01 6.157993617112413887e-01 -1.224421749098315165e-01 5.782611666571545357e-03
1.284610314309853507e+00 -3.084206559519826751e-02 -1.698887665231655622e-03 -3.786788005928214433e-04
1.385501233595249015e+00 -7.706681525532999011e-02 -2.094801955388643500e-04 4.067784924167791734e-04
7.480786181648954036e-01 1.136181667633823222e-01 2.456130931424333440e-03 -1.564231270372789823e-03
8.904002832480754082e-01 1.031364056145821217e-02 2.031379468938963526e-02 -2.363248344228061504e-03
8.390033875084064174e-01 4.974193627630321690e-02 1.454900526719430341e-02 -2.157774813887700181e-03
8.807601718923248058e-01 7.825627112062190360e-02 5.160482928810446179e-03 -1.662562960698636769e-03
1.144493328556437595e+00 8.374877127621384310e-02 -3.769192445659049623e-02 2.589772528149244558e-03
1.034604387740524212e+00 1.709045780387024316e-01 -4.930169481193561604e-02 2.724049023351430253e-03
1.010024960108499625e+00 3.273206915909143144e-01 -1.047551190233698831e-01 6.149410437517154569e-03
1.184964384938981485e+00 2.015253414328470327e-01 -6.003697310165484469e-02 3.315566845138361463e-03
1.338107361946349938e+00 5.264316109283311701e-02 -3.739325785727087847e-02 2.051022579900244145e-03
1.007370581869076354e+00 4.654785775384168711e-01 -1.611591437932181625e-01 1.024164686477626804e-02
3.092471846383096912e-01 8.568720481200126082e-01 -1.853253818157882538e-01 9.196941331828951613e-03
7.938162066865858124e-01 3.223140150138313342e-01 -6.145371265762153423e-02 2.794577128021068051e-03
1.133639732279732693e+00 -1.796240873175008676e-02 -5.939770531522424631e-04 8.692360108251257454e-05
2.540344371183668182e-01 8.780280902990509340e-01 -1.837554121503946758e-01 8.951440165782198477e-03
8.354037107340710477e-01 4.354472740486756144e-02 3.053603500634924361e-03 -5.206395739845493843e-04
2.900427118932922821e-01 5.797720063969892257e-01 -1.066176148327899614e-01 5.365533847340013714e-03
9.014518003667210122e-01 2.621372908361696563e-01 -7.155578162560442823e-02 4.258130267700371147e-03
1.270547899564861138e+00 4.811525115091486865e-02 -4.248818978197029667e-02 2.681328593975506984e-03
8.614211925353482124e-01 2.659175285858005333e-01 -6.063209825711503298e-02 2.739270970050908770e-03
5.683348010385755877e-01 6.436721584957165732e-01 -1.367449926670331883e-01 7.125601219757830493e-03
8.195989030568328060e-01 2.174592517456907514e-01 -2.815701604060709060e-02 2.835413090140186392e-04
1.284450404550869118e+00 8.557203163475099461e-02 -1.828410045630422115e-02 1.032921619816062420e-04
1.315893489969358843e+00 7.107993217985775214e-02 -1.685443509472987766e-02 2.910956539273308542e-04
1.165279200277170801e+00 1.893657338478086372e-01 -4.145559701720863410e-02 1.588763879817739694e-03
6.748006384680657055e-01 2.554314046925563741e-01 -3.599328326305499537e-02 1.056223707675152000e-03
1.452454021070041401e+00 -8.249879703855030055e-02 -1.702437442322634817e-02 1.128320969436374423e-03
1.245604382934722754e+00 1.613308404482803882e-01 -4.819497106674026227e-02 2.225302187948336764e-03
8.825394374708517287e-01 2.286702921352240792e-01 -5.361432863270598065e-02 2.714379136980719139e-03
1.066147618531206875e+00 5.831774572157528286e-02 -1.324606998977436063e-02 5.529334313702332889e-04
7.955852773858825833e-01 1.257063796699985914e-01 -1.443119854593342619e-02 2.360809299902377355e-05
1.300028450170305439e+00 1.413362789202533137e-02 -2.769595163811324964e-02 1.677352624008167847e-03
4.807046454412852721e-01 7.790811525881873312e-01 -1.920737735806793689e-01 1.062622705213257975e-02
7.705226381440508643e-01 4.390698329197521566e-01 -9.594109385032061066e-02 5.210996036555655929e-03
1.099759882083053641e+00 5.156717415153855288e-02 -2.444389965138039564e-02 1.649623603914215529e-03
2.426584754763118357e-01 7.348363084896617492e-01 -1.465202746232067699e-01 6.891262093946068368e-03
1.114875154222215281e+00 1.930424464628784365e-01 -4.257955950155103281e-02 1.767173760553111079e-03
1.357319941022829823e+00 -4.769370075998611430e-02 -3.875425979585916773e-03 -3.097338022210588664e-04
2.782037914931184686e-01 5.828749803680625119e-01 -1.049332922758210024e-01 4.626437922776412311e-03
2.586219314183835771e-01 6.125932824100581708e-01 -9.918594792327260767e-02 4.146461831334936378e-03
1.250605355535630681e+00 7.018978402068627720e-02 -2.907327253931172792e-02 1.862906511313823640e-03
1.156106614025933066e+00 2.288206451303300415e-01 -6.419207284867507746e-02 3.468168544858919906e-03
5.708460617763131406e-01 5.100095471171410821e-01 -1.093215379893506811e-01 5.529909149340400676e-03
8.512879057493361046e-01 4.879189194727983070e-01 -1.385129951204677468e-01 8.179782775456537550e-03
1.473672578380345932e+00 1.600792126246845110e-02 -5.253806497822252619e-02 3.605977367409786416e-03
7.845869163288020642e-01 1.234385695249044235e-01 -1.469621710100418345e-02 5.884784730745969920e-04
1.046813410612496886e+00 1.123524671341933068e-01 -3.621697513204143876e-02 1.812005530064006355e-03
1.000359180900076694e+00 1.681800661268140484e-01 -4.071906777018294288e-02 2.042209293093042149e-03
8.187888350545672322e-01 2.867689917497006080e-01 -6.220027698935397253e-02 3.344551461746283864e-03
9.322778852668794913e-01 4.789909196644783762e-01 -1.236428260026643661e-01 7.197262745317680246e-03
5.771730766952487546e-01 5.834087351716293890e-01 -1.095373249906053253e-01 4.907941234944051927e-03
7.486042152091404445e-01 5.145155575375773838e-01 -1.400071451635684083e-01 8.239226246618358215e-03
1.097086927673429191e+00 1.046090375126067645e-01 -2.359502761432497736e-02 6.710734601572383804e-04
7.466255651160681461e-01 4.292046107402491817e-01 -9.449594797847928052e-02 4.228890300699368957e-03
8.756590014956092682e-01 4.212392609646755104e-01 -1.066755778677885430e-01 5.438466627204767596e-03
1.164369036077116837e+00 3.122487534499160944e-01 -1.028359612022767544e-01 6.112281582941675624e-03
9.554009682243471691e-01 3.991065124762571137e-01 -1.094403598402714367e-01 5.652406631427266820e-03
9.117788094757393047e-01 2.690581959799916156e-02 5.104496249326063301e-03 -1.127824249079330439e-03
3.109176914019655125e-01 7.225770788590798466e-01 -1.452312158260739006e-01 7.380698366149955614e-03
2.728656075156425387e-01 7.033081759319143034e-01 -1.263965938041222425e-01 5.607370554644406334e-03
3.899910663152252877e-01 7.652688069948556659e-01 -1.714508920072045084e-01 9.457996366578104441e-03
1.374547993056176365e+00 -1.784440343910321525e-01 3.438704618902078264e-02 -2.045092179347609337e-03
1.245466234898077618e+00 -1.027629041761523448e-01 1.991727014136417465e-02 -1.171043213826504330e-03
1.482221607102715000e+00 -2.094654098529211694e-01 2.265425814428408471e-02 -8.708983151207353281e-04
4.297918994608088683e-01 7.006323499905133811e-01 -1.604445061373848680e-01 8.557910534673252023e-03
5.065296150731920521e-01 6.188386267604364388e-01 -1.239418541996615969e-01 5.632347697916654378e-03
1.062246738183771466e+00 1.127937353514645025e-01 -3.763505277677223204e-02 1.630148765433487093e-03
4.690375650248650441e-01 2.910001130179168394e-01 -3.110057409087303715e-02 4.598188427761276610e-04
9.091140210835824131e-01 2.346446786521412531e-01 -5.381352937084263321e-02 2.633661014391980044e-03
1.027528422312173451e+00 -6.238281438473940871e-02 3.016013440304299992e-02 -2.613000216874518215e-03
4.680096883419604947e-01 6.130167068327235791e-01 -1.365735922399846647e-01 7.477893844433805212e-03
1.077018180852633122e+00 2.745349385852496327e-01 -8.972290611671970839e-02 5.599722048367841536e-03
5.980472678198079928e-01 7.917128953477361453e-01 -2.020929767240123298e-01 1.142885044631838411e-02
1.409406800560909501e+00 -1.997726463270404346e-02 -6.385099118792487982e-03 -2.717392382747422846e-04
3.066438299121338473e-01 7.132425403573235956e-01 -1.337665358189700504e-01 6.386011262833157613e-03
1.306364052098385908e+00 -7.162462525899390697e-02 -6.447221707214116637e-03 1.033405732387401637e-03
1.427274423280436411e+00 -1.013075996763345560e-01 -3.937674547971599034e-03 1.006499520834525140e-03
7.864429861737710636e-01 1.858597731218188109e-01 -2.763348686828771480e-02 5.780245667515373099e-04
5.235784097093778566e-01 3.473124511137097858e-01 -3.878193607658814157e-02 4.502735204518152202e-04
1.209214228556657833e+00 -1.562016964011278264e-01 3.195033555783483026e-02 -1.714109676963310397e-03
1.371564673758745911e+00 -5.273021452920950702e-02 -1.195290944454709993e-02 4.357450692699303099e-04
1.239192532283050818e+00 6.717240065668851623e-02 -3.709857666087804789e-02 2.064153887441707788e-03
5.123815869945844703e-01 6.482098469679915542e-01 -1.473500942612795406e-01 7.598320304855974219e-03
6.037594177684960650e-01 5.944667557775025202e-01 -1.370610493792710216e-01 6.834656636602671337e-03
9.109189861809640076e-01 2.874549215345855724e-01 -5.829418172317717139e-02 2.672040506242837673e-03
5.137407725853985196e-01 4.083879501411569746e-01 -6.312281445614924269e-02 1.926789095042427636e-03
1.402490846042170336e+00 -3.023939468307249023e-01 5.626351164870223298e-02 -2.856630348905606857e-03
1.378826924567041479e+00 -3.036623032564699787e-01 5.850984355971132478e-02 -3.232221038642305467e-03
1.472664397802166292e+00 -1.273975093081648469e-01 -5.692720873504308887e-03 1.080495060947195534e-03
1.365607888730583142e+00 -1.116760936683920263e-01 4.936860953086276080e-03 -4.420346224527049424e-04
4.175144589064404554e-01 6.050767104958574283e-01 -1.103905165145151607e-01 5.495157119276091254e-03
1.405981640679115907e+00 -2.549745705474602553e-01 4.278340827875527774e-02 -2.404286062401823562e-03
1.330813791165216475e+00 -8.162031134396705023e-02 -7.217045820103374157e-03 1.116394746533488393e-03
1.204130833879156315e+00 -1.211206781907872010e-01 3.703379911817283876e-02 -2.969685261251266400e-03
3.036883006328834345e-01 8.696765239466668351e-01 -1.929490542556236421e-01 1.018551689900468009e-02
5.271914692263955926e-01 5.406072465143048067e-01 -1.011974469767262796e-01 4.790699406395964449e-03
1.175697387828376739e+00 -2.381562104974961624e-01 6.270356129978123250e-02 -4.331730108836417091e-03
6.826226415666704073e-01 2.461010056388925615e-01 -3.715912655973240691e-02 1.356251916534918431e-03
1.297744580571705164e+00 -4.638841232600524750e-02 -1.188400848455561237e-02 1.341326221060415956e-03
1.295552393536323565e+00 -9.705846207696128269e-02 4.595712440082092357e-03 3.497734717404112200e-04
1.461087424883941166e+00 -2.255646535184648860e-01 4.844187963496326965e-02 -3.452203154116721164e-03
1.465152469910741662e+00 -1.105723715380759614e-02 -4.064026925624880660e-02 2.407587986974271069e-03
9.317476058020972562e-01 2.360488179314706447e-01 -5.114450700854252657e-02 2.843023986789359504e-03
1.447549611600570829e+00 4.475278735590724338e-02 -4.561182116999464714e-02 2.997161615876068816e-03
2.884168805076912645e-01 7.723234651572365994e-01 -1.560875771115585731e-01 7.453790184463391678e-03
1.385936155531578784e+00 -9.509286495730403382e-03 -3.655887175930704058e-02 2.643966112736584589e-03
1.059944799664923165e+00 -1.214887071625600778e-01 3.108847362165528122e-02 -1.855405848513784050e-03
1.234381098535774601e+00 1.207447973846555861e-01 -5.931280473280420296e-02 3.830262334689588620e-03
8.139887993478231998e-01 1.611066160473547948e-01 -1.815480560537271679e-02 2.695129547711802120e-04
1.458875987696214738e+00 -1.846360090597897186e-01 1.627493005588833905e-02 -4.820943986509136810e-04
1.165944262106030083e+00 -7.643574104925281165e-02 2.682328133366296968e-02 -2.337502901237298314e-03
1.488680897522403290e+00 -1.868275975546146717e-01 2.078192552692562090e-02 -5.712890187769213137e-04
1.032351540963615699e+00 -2.906556786741391896e-02 1.070788945556483407e-02 -1.050779297555145186e-03
1.503406431533241605e+00 -2.803774683131659562e-01 4.539872659230224927e-02 -2.326813061635553490e-03
6.150223587647817292e-01 6.011753407987263653e-01 -1.228453751162066621e-01 6.212914834058472398e-03
7.447049332314931158e-01 4.656742412373271467e-01 -1.232556629663466852e-01 7.202547474308200470e-03
1.397899824265037561e+00 -3.149503498187898876e-01 6.472088572971138043e-02 -3.691460706653816766e-03
9.871277728022054276e-01 2.043811072993388933e-01 -4.322973818184563943e-02 1.833807148663742790e-03
4.912627660946807251e-01 4.408661324982759977e-01 -6.758069765098614901e-02 2.369711662336842529e-03
3.807869317368263173e-01 8.482697028495654878e-01 -1.918479184371767732e-01 1.026780294612209161e-02
1.154503118975927833e+00 1.612080374998877408e-01 -5.673091637973712298e-02 3.081869282482214371e-03
1.314613983529959063e+00 2.378793948877466480e-01 -9.601321941836428453e-02 5.759403532194957119e-03
9.889440021434864336e-01 1.819499723005336134e-01 -4.267927594131905311e-02 2.491335913794991835e-03
1.245996267213802744e+00 1.703605300807222236e-02 -2.406873800002890321e-02 1.560564615487692892e-03
4.382679398801718196e-01 5.393926083223887780e-01 -8.075345063152840341e-02 2.587588812743417312e-03
8.423799427359081049e-01 4.544351825503678555e-01 -1.155281057452884202e-01 6.471253406548708488e-03
8.463105946625997245e-01 1.381783086755251633e-01 -2.452557556726572829e-02 5.144926636671404152e-04
7.607316919278666045e-01 4.092359172768610942e-01 -1.070873013170013655e-01 6.131378154146477528e-03
6.950369519374927085e-01 5.134524849016570691e-01 -1.234312957904622060e-01 6.531080907592711794e-03
1.205372205743956426e+00 3.753531667150200035e-01 -1.481708751736000307e-01 9.576787744792224222e-03
6.577668239792745508e-01 6.177225242826263063e-01 -1.370049416784383245e-01 6.496590948593305472e-03
1.162411601563339891e+00 2.310500795318127243e-01 -8.297433989073753346e-02 5.141872355629491589e-03
7.860349427037198744e-01 4.097421308958916208e-01 -9.990425997892111998e-02 5.149835061825791191e-03
8.558854451071600256e-01 3.309319059849689659e-01 -8.281386286876984970e-02 4.368904551146623842e-03
7.377277822390038153e-01 3.736757643780638238e-01 -8.998103010186163375e-02 4.601655508510906628e-03
8.209364155290127529e-01 7.401581045740596165e-02 2.816791195132197639e-03 -9.230306822426568225e-04
3.730101912155924238e-01 8.445071903120158208e-01 -1.927013863539897287e-01 1.049840781937111042e-02
6.302617944638366776e-01 4.674414223919052258e-01 -7.785225546999856305e-02 2.822919535748813057e-03
1.011842240188883135e+00 4.203006116968507899e-01 -1.056052456061779138e-01 5.224123341257279167e-03
3.056014437286257435e-01 5.057994817067821280e-01 -7.084435857227541766e-02 2.376583666536916193e-03
8.173400103361657676e-01 3.174743638032084259e-01 -6.616386141134256160e-02 2.807590799139621663e-03
7.946787880829395689e-01 6.418755999529013323e-01 -1.854679241381419486e-01 1.102236875318333975e-02
1.018179214415520395e+00 2.904858004937113658e-02 -9.320931497520701034e-03 3.383408733252440070e-04
9.851870065298723445e-01 3.153444596965958024e-01 -9.846679046424140769e-02 5.861911198734444731e-03
1.453462548029419654e+00 -1.391736201494499225e-01 4.916489334653204903e-03 3.163521905026259857e-04
8.869513047666732763e-01 2.023831783461040867e-01 -2.741475159357626562e-02 5.287640962495296490e-04
5.889285160892591131e-01 5.322781854982544525e-01 -1.202748653877630386e-01 5.821661396024370091e-03
9.141587376201139037e-01 1.481272327628321284e-01 -2.605435629086798321e-02 3.738121761023124249e-04
7.801888379285240038e-01 5.467187251709646478e-01 -1.473449617829047098e-01 8.407793696839341649e-03
3.487254969094724655e-01 8.018617068552819083e-01 -1.687074581056376699e-01 8.211738487914453308e-03
8.399969408714622610e-01 3.030592385050048798e-01 -7.499427914883673163e-02 4.183993004464064969e-03
8.642259972921081390e-01 3.747433488650999123e-01 -1.073774359208715251e-01 6.241781336922142161e-03
4.028009401344032625e-01 3.846599050998557034e-01 -4.421707114199004834e-02 5.833817055235676315e-04
3.842348960763379839e-01 8.373772647434765126e-01 -1.860906737325407068e-01 9.591773883372322826e-03
1.299415248455447536e+00 -1.461677795662977286e-01 4.036216646812835346e-02 -3.264847994798618022e-03
1.039634681726506304e+00 1.142974408350030807e-01 -2.066772111704441237e-02 6.032752670081569174e-04
7.642932806675025725e-01 3.177302152482502362e-01 -5.575559058625250558e-02 2.562017843111335288e-03
5.078077784184499288e-01 2.475262554506454937e-01 -2.599236113999689110e-02 5.554024724211926393e-04
4.157951769722559310e-01 6.841660648595401240e-01 -1.273913758141289876e-01 5.696476741045918002e-03
5.506353204789624645e-01 5.490275066283292205e-01 -1.131159072969989965e-01 5.212487261970751538e-03
1.315545515045802416e+00 -8.148405534175558185e-02 -3.007512082077011800e-03 5.252987796732515226e-04
6.008700005327639593e-01 5.261856842866177164e-01 -1.171324194256749135e-01 5.665817107994032195e-03
5.093989784434779233e-01 6.981502359966950122e-01 -1.513257646510868804e-01 7.540998094542433923e-03
6.662561093430878767e-01 2.650441009348767363e-01 -3.109072219779944468e-02 1.724704191599981946e-04
5.069875397057428401e-01 5.888724055439773508e-01 -1.237691870360639462e-01 6.314472651382453845e-03
1.049268091168231054e+00 4.316080639924639306e-01 -1.199331876989976203e-01 7.113972006993064638e-03
7.611773937128152312e-01 2.960401381150176703e-01 -5.163926422865529331e-02 1.877041720514984781e-03
9.897986860590257674e-01 -5.884280244869363741e-02 2.966734400677296934e-02 -2.679942588198834085e-03
2.848807736983627881e-01 6.666404694256873320e-01 -1.181473900958852769e-01 4.799133976879333199e-03
5.574567265875548516e-01 5.313769747862790993e-01 -1.062612944747714228e-01 5.152251417901762727e-03
1.499837308393316082e+00 -6.820231564801357282e-02 -1.066702286079948027e-02 7.703675764763278202e-04
1.224218758387247252e+00 6.004402496595500488e-02 -3.204328341325341639e-02 1.963906533696499826e-03
1.335841683107691802e+00 -2.493943659335992880e-01 5.400760860504168204e-02 -3.536013880505083085e-03
5.242287873537128107e-01 5.675212750970989317e-01 -1.242308495744812447e-01 6.611805324181128235e-03
6.778375396696243449e-01 4.314632505745874536e-01 -9.999415561651854578e-02 5.581874349874637632e-03
5.029982177103619057e-01 4.505754076842925504e-01 -8.258420367970874254e-02 3.995580141039779126e-03
1.153923597811685520e+00 2.070768542494934861e-01 -7.261116941832915228e-02 4.183568724257537980e-03
9.191009183380972614e-01 2.928458522345595560e-01 -6.942033563166374877e-02 2.947096208436370771e-03
1.408033016387882475e+00 -2.922208187691995862e-01 5.757217079596373133e-02 -3.216576745998996588e-03
1.076661205267813282e+00 5.009140181427481492e-02 -3.901739241604708884e-03 -4.165784549336441637e-04
8.945401706647363449e-01 1.227762958769745005e-01 -8.922685967506541541e-03 -6.245265254229399963e-04
1.241869357620608350e+00 2.300669855868821279e-01 -6.430886637787493199e-02 2.787691829734562001e-03
1.035231968629553467e+00 1.193599546464754468e-01 -3.200121239780654575e-02 1.537345919765712885e-03
7.095373346766065126e-01 5.581127031816844886e-01 -1.460519629859293733e-01 8.575139451063213542e-03
1.213437229483281143e+00 1.853495088938203472e-02 -1.791358476260088844e-02 7.840293240403053282e-04
7.651244329569094615e-01 3.334819691678141407e-01 -4.958682969124528911e-02 1.423119751744961886e-03
1.200041335932997111e+00 6.384986662126682089e-02 -2.466097558344507862e-02 1.687955126657557153e-03
1.353663486899866264e+00 -9.100730391927151774e-03 -2.102201419459290288e-02 1.481070698700692051e-03
8.034108527822781953e-01 2.181947719500172689e-01 -3.623895629607151725e-02 1.273421938752943060e-03
1.036452621111032757e+00 2.304638702671094053e-01 -7.457304698279058897e-02 4.443457168040324326e-03
8.207935620523407749e-01 1.806085016719738423e-01 -2.134438979660311514e-02 2.028603740807303872e-04
1.203680176320984341e+00 2.780330859081487915e-01 -1.163167625065941180e-01 7.636955380817004625e-03
1.327777096387311895e+00 2.527926626500642260e-01 -1.034684287932738367e-01 6.203892571584724777e-03
9.247618814919790209e-01 2.659251576718470456e-01 -7.393362461166054500e-02 3.609057765304356930e-03
1.011945545559018056e+00 3.135644893076562911e-01 -8.549165588508048086e-02 4.228683170042831820e-03
1.179406413312735102e+00 7.181002255232149523e-02 -3.983332106896941144e-02 2.165040114182531939e-03
1.007994836766486380e+00 3.838233771302166364e-01 -1.249916678845131579e-01 7.897424538487808274e-03
8.751371690216497301e-01 4.703223027991356719e-01 -1.274361559801913679e-01 6.841014133061928092e-03
2.846516748246677442e-01 6.276585440862177956e-01 -9.772939575029880588e-02 3.805719284605795904e-03
6.805189090340209024e-01 5.228598641170985051e-01 -1.204167569715990233e-01 5.751116023777119723e-03
5.037376307906574757e-01 6.139767889083110886e-01 -1.133601221282387606e-01 4.874715539385875325e-03
2.201044061444880906e-01 5.211002697311647447e-01 -7.032335581817938941e-02 2.009849354527101003e-03
1.184051136868299103e+00 -7.031735954474037376e-02 1.166824088653989518e-02 -7.749583172117010957e-04
1.187528100353424376e+00 9.473294044847273244e-05 -2.874052406136617163e-03 1.267000961383929177e-05
6.556790630644573348e-01 6.412954578364575831e-01 -1.759375857022561496e-01 1.047181601105061192e-02
2.175008886498138450e-01 9.292768148538426143e-01 -2.041793851290463202e-01 1.089998516568961053e-02
1.356104694718896386e+00 -1.433548024520367170e-01 1.925445784208183742e-02 -7.402252432600935550e-04
9.785785176952176423e-01 9.319139498682782463e-02 -1.631171657795729701e-02 3.654215556905469594e-04
9.567726499227421355e-01 3.801428336129236696e-01 -8.167895757560739156e-02 3.953060542856826759e-03
1.238076488738534264e+00 -9.029032140928248962e-02 8.398210880228466207e-03 -2.017280156992074815e-04
2.852536415688906590e-01 9.519009031127896314e-01 -2.247738604167772714e-01 1.235677836586670381e-02
6.588245352333454985e-01 6.290813289661172369e-01 -1.552128243060216795e-01 8.387872848218590194e-03
1.231045003967804252e+00 7.577327219932906976e-03 -1.322373541310828925e-02 7.700077469222691134e-04
5.349695771865512484e-01 5.538671826637657780e-01 -1.201459963498098388e-01 5.977704930303964423e-03
1.109406704379387820e+00 -1.994868943702945638e-02 1.672905740988228293e-02 -2.080751470335557435e-03
1.140987034872990691e+00 -4.998709770022437271e-02 -1.146143470828631800e-04 4.771945906858915962e-04
5.183102690649573629e-01 6.523839459480129666e-01 -1.499380840709332863e-01 8.177667410234483111e-03
7.231471148010819583e-01 5.012223672058175872e-01 -1.063003365735540051e-01 5.126034348201214189e-03
3.126162183016460427e-01 6.924523558485873309e-01 -1.232695938111758732e-01 5.942341259702437796e-03
8.689246753073974761e-01 2.580831093255296915e-01 -5.610944213452017520e-02 2.638268668597983872e-03
1.167084186317531636e+00 -5.810670960294561649e-02 1.919443313818972735e-02 -1.913239585866372732e-03
4.820963377805024819e-01 3.790615478110945791e-01 -5.813421821401322520e-02 2.216303004348604139e-03
3.999216741869724978e-01 4.814963274573150209e-01 -9.073288247996812161e-02 4.593571034456793607e-03
2.322972240127091914e-01 6.975268834164106702e-01 -1.169908942968041210e-01 5.044506003168059381e-03
1.033500589525272684e+00 2.866673671606870810e-01 -8.633742366248574329e-02 4.650163306597506624e-03
4.272708975176341406e-01 8.760096869407087983e-01 -2.133693365127108665e-01 1.202979690198173468e-02
8.920348473529694511e-01 2.600783061976355004e-01 -5.262447933310986092e-02 2.109458184933768205e-03
9.120809071443954918e-01 3.797631211560216213e-01 -8.972446594527429264e-02 4.958404781742630288e-03
1.434150954676082668e+00 -5.299923201691014718e-02 -1.717721613205947656e-02 1.282879959825489495e-03
1.234524832559249496e+00 -1.549920432212758409e-03 -2.294766587463154331e-02 2.012101237255867810e-03
1.270207738450571000e+00 -4.759590686666073656e-02 -4.460331804113036244e-03 5.932612086930452505e-04
7.959525223308668851e-01 3.705788984711751444e-01 -9.084630000236364189e-02 4.404140864675140481e-03
1.210498799712850015e+00 -4.645896591852377577e-02 1.060126646077613581e-02 -8.223140137066686003e-04
3.826033386844865380e-01 4.982168065243796073e-01 -8.647676493557134025e-02 3.968110194918108083e-03
1.193448111612839924e+00 2.285927307611507198e-02 -2.301734316787078932e-02 1.707794755052123147e-03
1.061940132714463969e+00 1.044070285530578068e-01 -3.853904969346284848e-02 2.333282271688511423e-03
7.017382132067779832e-01 3.740937362249520670e-01 -6.217253743873894095e-02 1.996915045581807140e-03
1.127753542720796087e+00 9.319971012139975641e-02 -3.832352274270416775e-02 2.066290913448727389e-03
1.053877401327442342e+00 2.873832852023650575e-01 -8.354029520849654000e-02 4.243795085287198170e-03
6.209127147405414382e-01 2.655309198100208601e-01 -3.821477421126148744e-02 1.399967595212952718e-03
6.336553239939120008e-01 1.728268078212921166e-01 -8.307105822710549384e-03 -9.886519198067859719e-04
1.129739550114752022e+00 6.663202122889713697e-02 -2.532859718888623435e-02 8.083045737806530137e-04
9.136145008060106987e-01 2.965598102286528537e-01 -7.523736502612707322e-02 3.500663294046568556e-03
7.825931830906222020e-01 1.014286031886826867e-01 2.242008742775296326e-03 -1.427541030521127128e-03
5.685330923390365943e-01 2.599394636404704917e-01 -3.037514328559349358e-02 3.912378339437028933e-04
9.071860541213571105e-01 3.978233874994515085e-01 -9.388242085188723551e-02 4.629857272414971900e-03
4.142922090858768835e-01 3.445772619033751205e-01 -3.842313464785241522e-02 6.827023712618509980e-04
8.012998878866395280e-01 2.672362150077441378e-01 -3.582828518407082247e-02 6.401865461473577523e-04
6.036278356699645853e-01 2.004578114559849300e-01 -1.889448896665114896e-02 1.264739411601842854e-05
4.702020237107254474e-01 5.784145608987478759e-01 -1.083300623085592801e-01 5.341866643040655248e-03
5.350801616893532398e-01 3.847408922075143400e-01 -6.009078170093344606e-02 1.809238979048683176e-03
8.535928126098504265e-01 7.748955055936268543e-02 5.258223672680389926e-03 -1.652595571676108771e-03
1.448765982823202014e+00 -1.016172629068295419e-01 -1.344290073197219187e-02 1.299888381105309548e-03
7.487685433269886115e-01 2.825271125386524251e-01 -4.366750024188275486e-02 1.517951481921175514e-03
4.385664993716218429e-01 7.050141832501791717e-01 -1.487360498541756282e-01 7.885275178120194559e-03
7.754400315286321677e-01 4.597802144833025850e-01 -1.182241976300837938e-01 6.133806343460908479e-03
1.040811939251219620e+00 -3.535983884918699437e-03 -3.213827467420284599e-03 8.733613273355920244e-05
2.853868736655736371e-01 8.321625237602610081e-01 -1.673604285815744330e-01 8.173402974032616466e-03
7.573455350317347401e-01 2.262313349998430478e-01 -3.782473224362895708e-02 1.436062282574218467e-03
1.456000867967665924e+00 -1.107918507468420022e-01 -4.272455489460319153e-03 1.078979958043454367e-04
5.384683494706216100e-01 4.718708463878668602e-01 -8.627086072913257853e-02 3.542704141496461068e-03
4.408052394124331030e-01 5.264126477455133291e-01 -9.570461623982984278e-02 4.229135545311076862e-03
5.812571314153517354e-01 3.789829887366713002e-01 -5.625231984252272721e-02 1.641692219928961262e-03
3.922765273154184551e-01 6.524190011929337230e-01 -1.270044352226198658e-01 6.058891013018596894e-03
1.356514243120557017e+00 7.653785687222640355e-02 -5.658452489470143509e-02 3.176723020239916300e-03
6.545849087150411583e-01 4.064391124407615297e-01 -7.720109357239167414e-02 3.759741719841911377e-03
1.046897725317625039e+00 8.873575825305177189e-02 -2.105009206861260806e-02 1.219114961550617866e-03
1.266940675297990815e+00 -3.249774935744306759e-02 8.904719918492782008e-03 -1.453946679107791500e-03
1.425702701969267183e+00 -2.382632416735612838e-02 -1.281959119058302329e-02 2.373684881220796024e-04
1.009939750272103920e+00 -3.870429351744593405e-02 1.719612701933178125e-02 -1.471787754154293059e-03
1.433644373657761539e+00 1.745264012156021866e-02 -2.520537743273851966e-02 1.370678321576912408e-03
1.318509233294656635e+00 8.689978638736982341e-02 -4.999529371224233076e-02 3.466315361199122889e-03
1.471034731494829106e+00 -1.605968025330828663e-01 1.739764226171452641e-02 -1.362650144887772759e-03
3.125215046712255806e-01 7.938280475063442809e-01 -1.747215505820033654e-01 9.597696331633320810e-03
6.324245613253055565e-01 5.527586835815081479e-01 -1.124621532415570752e-01 5.021287447452227326e-03
1.108997676786905640e+00 2.031539320838089691e-01 -7.305338202055948471e-02 4.314519102426631579e-03
8.382606731405413125e-01 3.324660870722995765e-01 -6.889071184293224515e-02 2.973829069400052861e-03
7.646841611901774582e-01 4.416838944322779015e-01 -9.164057125244559621e-02 4.119942997045116309e-03
7.967471358914990365e-01 3.634621807173283314e-01 -7.061773385031738792e-02 3.675027240435171320e-03
6.868681755299566039e-01 4.040243396496209782e-01 -7.139649684912370564e-02 2.938913750320259945e-03
1.055397427569754853e+00 1.630044013535843495e-01 -5.453313811544608508e-02 2.614363563337259843e-03
6.707646708752297293e-01 2.115856720985231920e-01 -2.716146373390799715e-02 3.334625952970652501e-04
1.103696322945746822e+00 1.544091630106227998e-02 -2.455048780218998389e-03 -7.532449289334956907e-04
9.451900846046451532e-01 2.231827760114902526e-01 -4.995435095132927383e-02 2.459322717176043276e-03
1.254381784993684246e+00 4.159900588894693829e-02 -7.848610583969474128e-03 -1.765376362145818791e-04
1.406264228834618102e+00 -2.343257254541324663e-01 5.560325201898254355e-02 -3.983401671337202105e-03
3.320702717661564440e-01 8.438999424664540561e-01 -1.812492438961199881e-01 9.250276251358664770e-03
8.299349879756876547e-01 2.315559122064863584e-01 -2.995793047151995570e-02 2.519443776887618155e-04
2.464349381517478288e-01 7.207063145401748638e-01 -1.278702677353765194e-01 5.516485117660009999e-03
5.776315323474979779e-01 2.617636343330826398e-01 -2.522469009990264965e-02 -9.666486486177123746e-05
6.054099794575062976e-01 2.980547829327790388e-01 -3.717383251542304839e-02 7.754548266464369229e-04
5.933777310514667391e-01 3.658901475498360645e-01 -5.434277510184609000e-02 1.537376764982951137e-03
5.463738181458326348e-01 4.858711383302666276e-01 -8.148311723876182355e-02 3.087215446601863922e-03
4.860394666628885529e-01 6.275065852220639284e-01 -1.358732871641851470e-01 6.989474774492450068e-03
1.404136842889734726e+00 -2.331744854872507683e-02 -2.580721590054248921e-02 1.574858125659667945e-03
1.393376801617830285e+00 -8.905481958498458195e-02 -1.345375348931474035e-02 1.409084775390567409e-03
5.106071222746868532e-01 4.794060705084843832e-01 -7.193413311549964884e-02 2.310578136874993742e-03
2.494953991972985174e-01 5.080577325667008370e-01 -7.575671539056294534e-02 2.663009754517896548e-03
6.791845090782376859e-01 1.669422857680585015e-01 -1.397206696138402794e-02 -3.604518471489191246e-04
4.806044706126705868e-01 6.555519541759593505e-01 -1.297205748773066769e-01 6.060595074185546813e-03
6.249259639907928099e-01 2.841904743878085338e-01 -3.104086737514729494e-02 9.166503763767272028e-05
1.327216021626349551e+00 -7.708615178123518798e-03 -2.754194580047991670e-02 1.627655661575472777e-03
3.362395048717250479e-01 4.622797676437755965e-01 -6.034684081498570274e-02 1.645075012834777911e-03
1.085931741242392334e+00 1.479117696267977511e-01 -5.117847259419387729e-02 3.405828801648548825e-03
3.615233144201188131e-01 7.885861826489385384e-01 -1.694949930529061066e-01 8.369986035202323094e-03
1.070775320924260088e+00 1.555182273086808398e-01 -4.136007009338812934e-02 2.542560442932941325e-03
1.036488127474479937e+00 1.080004859332948375e-01 -3.131839691073705356e-02 1.485642564073046427e-03
1.181389826250111241e+00 -1.441744915341094772e-02 -4.240018583499420568e-03 4.211468794291025751e-04
9.671188259540688392e-01 2.524485459151947220e-01 -4.806268879632404761e-02 1.794482535809920759e-03
8.076139617998937537e-01 5.169780426889287739e-01 -1.173158490384166863e-01 6.327054721684116471e-03
9.059034784077001357e-01 3.172696974750122134e-01 -6.523952011840820908e-02 2.657294383976199510e-03
1.232069289550485225e+00 5.683966991684157033e-02 -3.414883211839920413e-02 2.291902985535790305e-03
7.285145452348144035e-01 4.495542751227254996e-01 -1.075092135827779155e-01 5.251693502567402611e-03
1.329044449633168368e+00 2.120990399119229708e-02 -1.887560252787632079e-02 5.731608698197161126e-04
8.883937098894179041e-01 3.308481660896344656e-01 -7.172190539530744202e-02 3.932407348752367006e-03
1.465871200179985845e+00 -1.144329475930040002e-01 5.257901393999643395e-03 2.494122050158442704e-04
5.893814158108352519e-01 4.572376223465712819e-01 -8.346213295136953314e-02 3.518345504790479795e-03
8.561659031190451685e-01 3.189655577335481773e-01 -6.420307700662009065e-02 2.456582744385542479e-03
9.272628584939273111e-01 4.020951230698516787e-01 -8.352848384053458697e-02 4.154273637864685544e-03
1.238477413483469958e+00 -1.912748461475652917e-01 4.541411463632835654e-02 -3.353402956125158332e-03
1.172248445515072346e+00 1.832589409685317638e-01 -7.496118736790285952e-02 4.225718169076569421e-03
5.996246158240188251e-01 6.724272080049366052e-01 -1.604844446349961151e-01 8.608313264348696828e-03
1.065904185426503448e+00 1.004474975006913462e-01 -2.662993211941283578e-02 1.161721735473279825e-03
8.444042054223374061e-01 5.271700300797508287e-01 -1.374227112929491124e-01 7.605262822739177787e-03
2.953761029875147104e-01 6.388053633643037132e-01 -1.115604515535637969e-01 4.545262770616663797e-03
7.437859793187071578e-01 3.403987084595019863e-01 -6.444148114920281167e-02 2.910160670924311077e-03
9.115368406418931091e-01 2.542253087744202888e-01 -5.669309056862328888e-02 2.529234005713310030e-03
6.912134704964124632e-01 4.400106617714591994e-01 -8.411847235908737064e-02 3.416720548278782011e-03
5.537917929648552562e-01 5.991157323718032668e-01 -1.276540309254660388e-01 6.363925116105330522e-03
9.118538186035265447e-01 1.203405186439848867e-01 -1.942880899751346299e-02 8.777263107042558403e-04
1.115458232996340504e+00 4.442062683292081759e-01 -1.487738224327511960e-01 9.262922918348787463e-03
1.007852205817695523e+00 3.279752314577615291e-01 -9.912247679234588438e-02 5.729547966686496241e-03
9.613595483786081530e-01 1.118126952819996356e-01 -2.647483004430408945e-02 1.206287945146017988e-03
9.186788631770225200e-01 1.408709713187565604e-01 -2.551733773748521630e-02 1.285200564289103523e-03
5.064588075382753241e-01 4.360948412496947202e-01 -7.281288543435776583e-02 2.493480150524073416e-03
1.013901211125569635e+00 7.606034748296579273e-02 -1.426047313744241603e-02 7.232412416023401404e-04
8.731692254311630430e-01 1.424417561284349043e-01 -2.509919018217762060e-02 1.184011392947664863e-03
1.146476081633439614e+00 7.453018792617219224e-02 -1.822905942480929076e-02 4.247831558929044630e-04
1.011954572193601853e+00 3.363306732185173398e-01 -7.197524110721377488e-02 3.712877577024335275e-03
8.018192303674358534e-01 4.381166667728053077e-01 -1.178320074552952068e-01 6.907239404736498570e-03
1.109662920538706077e+00 2.132581746517701535e-02 -1.925049151645483875e-02 1.623892259709021910e-03
1.098298481257602655e+00 3.808025610539788608e-01 -1.278562565984295574e-01 7.636829825798785616e-03
6.878203604788324377e-01 6.501880813528965186e-01 -1.609759147975254878e-01 8.573813419958945664e-03
1.042762204953140870e+00 3.674553987622263262e-01 -1.127970369752213653e-01 6.464030585434214944e-03
5.823387006855107462e-01 6.548687955557869200e-01 -1.644383207833507443e-01 8.909790939228976608e-03
8.458354401857017812e-01 4.451631674153904150e-01 -1.206549093212455348e-01 6.544427301546213577e-03
7.676485226885292334e-01 5.287713754836320668e-01 -1.224157306616906749e-01 6.218237223716280467e-03
6.157352973445561206e-01 5.703706444095373307e-01 -1.179761681579285931e-01 5.879645061688801820e-03
7.633748363961621042e-01 4.486013788500001764e-01 -1.144391672498177165e-01 6.707546905332185949e-03
3.083111804712830306e-01 4.044670572536325781e-01 -5.248954552188163369e-02 1.780978652892743026e-03
1.241175446696066498e+00 2.771348970499624698e-01 -1.027725854315172244e-01 6.473300032198511626e-03
1.140863645190844267e+00 3.302038335000155589e-02 -1.248868512746617587e-02 9.173640843837244487e-04
1.280684602749843970e+00 5.057116532544145282e-02 -3.316109162479063954e-02 1.697920428143621149e-03
9.598229497166099744e-01 2.709826074921024008e-01 -6.494495341867717597e-02 3.058748626647251473e-03
1.119035291426666356e+00 1.838392217232695247e-01 -6.719564361845374589e-02 3.668960606857247803e-03
3.201478101887456629e-01 7.713003589438434116e-01 -1.590033543649158054e-01 8.057289369575709043e-03
5.921483703517215202e-01 4.634463082173570503e-01 -8.065153367714850141e-02 3.055767608293748737e-03
8.562441190690883719e-01 3.101016019070002017e-01 -8.597073450647756132e-02 4.800242235537104281e-03
1.394486910073794883e+00 -2.394413359245498862e-01 4.802823667261196805e-02 -3.119620151910098248e-03
8.001813818960489266e-01 3.902903685991205851e-01 -9.922726560092728909e-02 4.882558062926636508e-03
7.292457040396717050e-01 1.715477944457799164e-01 -1.439001935105574392e-02 -1.410517118849972690e-04
6.088890768430875733e-01 4.802575081579869010e-01 -9.737600466625463691e-02 4.843539107219857996e-03
1.213959404741453918e+00 1.825043249241187215e-01 -5.832136149282944604e-02 2.820024452996328784e-03
4.969678135896744009e-01 4.062452271486419186e-01 -7.145813019194462157e-02 3.014512617760837718e-03
3.283290081184078169e-01 5.952518565952950036e-01 -1.012883894653063971e-01 4.509034877998471108e-03
4.398878065173008056e-01 5.668456296434001285e-01 -1.099855910886999993e-01 5.402098142289116396e-03
3.951189388161717719e-01 2.688229188793097024e-01 -1.281236504776561529e-02 -1.180082305901796781e-03
1.383119169187067898e+00 -1.933431849643783285e-01 3.822209641593839191e-02 -2.559589895642494332e-03
1.387112535138123492e+00 -1.913377502345443293e-01 3.564332103046879280e-02 -2.514672503213805609e-03
1.347837465307577531e+00 -1.584456692542169087e-01 2.488118115484139192e-02 -1.846305204871377149e-03
7.693337511636353376e-01 4.815256078756495750e-01 -1.269702756346152428e-01 7.241944138445035109e-03
1.501130487030873928e+00 -3.262559919844982281e-01 7.077612406860656069e-02 -4.674616523685152895e-03
1.403421062580522349e+00 -2.632538243078651474e-01 5.842951388783913097e-02 -3.886323786023876750e-03
1.198890178006096319e+00 -1.487676388480128620e-01 3.921660966383521546e-02 -2.874193851760913684e-03
8.725688196811565156e-01 4.351019876245961759e-01 -1.161422565414055169e-01 6.901766221580657619e-03
1.098677668801143703e+00 1.401241417020823166e-01 -2.065807190915644465e-02 9.368750729164402105e-05
1.408245037467144689e+00 -3.119841044476139857e-01 6.529942219049995888e-02 -3.926013203339039082e-03
8.062300163359324978e-01 4.386116798608076794e-01 -1.016266038730785637e-01 5.620476411792070179e-03
9.254218557478656182e-01 3.751354561770077756e-01 -9.248880922994892617e-02 5.323024586350414387e-03
7.159078513366514684e-01 5.028128046643984828e-01 -1.278474236283825283e-01 6.985148208651525796e-03
1.011858875322676710e+00 4.318079762263499904e-02 -2.371369990229970845e-03 -7.677371357483406267e-04
1.129530377851345690e+00 4.873166755680425483e-02 -2.476950953547691226e-03 -7.449403353433760398e-04
1.132107336478289206e+00 -6.300203352812379365e-02 2.474946489692668103e-02 -2.326043080497624919e-03
9.336409931054726608e-01 2.894032621985876963e-01 -8.040469335304702148e-02 4.498592454216621822e-03
1.208898730683775069e+00 1.077163335776548242e-01 -4.035597577652656753e-02 2.114632697088130245e-03
6.172889493309963171e-01 6.666503995254989823e-01 -1.724946976025510670e-01 9.586209630885999741e-03
8.629766202131111674e-01 4.826253875320368758e-01 -1.232543207234865212e-01 6.701898985029873176e-03
7.217088311371756548e-01 4.439320129344375143e-01 -8.951412874878396375e-02 4.171721021614393198e-03
1.477812852240213859e+00 -1.938892327228682738e-02 -2.782842322385299660e-02 2.135235238537479784e-03
1.490936023516575837e+00 -2.861587185075779582e-01 5.840864529854687681e-02 -3.659814601333348082e-03
9.796688586361878004e-01 2.261259010665237490e-01 -5.195989078327625105e-02 2.696736542165159047e-03
9.974790600439926713e-01 2.762571123589147581e-01 -8.292810786149787394e-02 4.696606419937689528e-03
4.785862442113320570e-01 7.117934211056581306e-01 -1.622776383634711717e-01 9.012627962709667678e-03
8.124012640049750322e-01 5.136141426117067921e-01 -1.217683622012021016e-01 6.010570112756905177e-03
1.158667392807909868e+00 1.348293169418852688e-01 -4.382106592519748045e-02 2.431739760887412140e-03
6.915591058836890737e-01 3.821762997073738233e-01 -6.736026135780340263e-02 2.883193575918772348e-03
3.204369430195384005e-01 5.655606884380146582e-01 -9.589819745725144950e-02 4.178127654234376973e-03
1.022180333672497499e+00 1.798916172113301237e-01 -4.886257950927212768e-02 2.186054904968632358e-03
1.469600656051763821e+00 -9.609642896627478004e-02 -8.027862885452654099e-03 7.953831656019337342e-04
9.724335408472918330e-01 1.791882044852181055e-01 -3.764791910685074544e-02 1.663274945395842083e-03
2.207045119587892068e-01 5.238228289846723618e-01 -7.152906237649662990e-02 2.147472577940293375e-03
8.365331603760294277e-01 2.004428483354276092e-01 -4.192400705048528187e-02 2.355041375689210202e-03
8.899347045490414443e-01 9.061006612581234965e-02 -3.747386760075841795e-03 -8.068242268700622725e-04
9.682373456508479581e-01 2.130239280322743511e-01 -3.680628133041491390e-02 8.130564648446867663e-04
5.360511138850363455e-01 4.942370903462017795e-01 -8.958782252130872981e-02 3.824110393992663937e-03
1.129718068460642710e+00 3.086750636094083844e-01 -9.931418594657757948e-02 5.266031484931312998e-03
1.219392803204272013e+00 2.078417615656201478e-01 -7.473647716609756186e-02 4.562881350465521589e-03
4.294093364651667133e-01 6.000755724672081071e-01 -1.168545524252569134e-01 5.971588433309199181e-03
9.651701021102679912e-01 6.623858032542623286e-02 7.753807203255400939e-06 -7.889588016349421062e-04
7.992551036893007499e-01 2.721580592122784248e-01 -5.891411566383060461e-02 3.297016237043597694e-03
1.347573341016081505e+00 -7.283723597119609594e-02 4.360928831087839200e-04 4.931517067492522700e-04
1.223851469875868014e+00 1.119185686721510808e-01 -4.585871354061574201e-02 2.786159228589068105e-03
5.578089070489820056e-01 5.091238087353490149e-01 -1.008974661063284373e-01 4.913031297202134426e-03
1.041751846643817592e+00 1.727856047174548271e-01 -3.866997502834730593e-02 1.910414031321023935e-03
8.520441336637468721e-01 1.792834218266290414e-01 -4.342863225116660314e-02 2.584593548520032827e-03
1.033728302660121168e+00 2.178024633952315992e-01 -7.259054829809800935e-02 4.271130899609015472e-03
8.172858236727166270e-01 2.646330867100080142e-01 -5.193453197551349543e-02 2.660379843081679165e-03
9.692931088678528040e-01 2.869544831178831856e-01 -9.085846550849548120e-02 5.519797402044921558e-03
5.450164128211224535e-01 4.246668566106648890e-01 -8.206952492088419315e-02 4.257803603341328395e-03
1.125788324172569910e+00 1.599709503664455829e-02 -9.419475950349507493e-03 2.769595731559074624e-04
6.266981435785334842e-01 3.308056256927571770e-01 -5.818138790263967242e-02 2.476515171637279789e-03
1.381619582751788311e+00 -5.468501332552783145e-02 1.227222734583359454e-02 -1.625125620694041137e-03
1.127767954642495907e+00 5.250280304002925141e-02 -1.842303155065657533e-02 3.312495369733562279e-04
2.720513898298895783e-01 7.618034226820150634e-01 -1.444375583939051244e-01 7.090334737727155626e-03
9.574905804852585911e-01 3.255022808468311935e-01 -9.249309548882592158e-02 4.916757357732959473e-03
1.199639893486049935e+00 7.530713039330140524e-02 -3.628787290601351301e-02 1.593782164599285558e-03
8.666177049561797352e-01 3.799397469971320107e-01 -9.604327653915373242e-02 5.390121173056213778e-03
1.324384335466810780e+00 -2.405169673907025726e-02 1.626274993934629298e-03 -3.764364718468468716e-04
1.147951189735454403e+00 3.652523048646309778e-02 -4.076720711858756660e-03 -3.045521402712655576e-04
9.683373080852911707e-01 5.654621928036442091e-02 5.995943981266927195e-03 -1.601604649053926886e-03
2.624842694668739207e-01 5.822411354200944800e-01 -1.004239187758612650e-01 4.279778090638028908e-03
1.224975306631730376e+00 1.807236064871749481e-01 -5.941188246253487071e-02 3.621179996163353607e-03
8.150307252278017334e-01 2.449059032509633693e-01 -4.430460090178599264e-02 2.038425300167492384e-03
7.651533467922270182e-01 3.695657051134333404e-01 -7.616081309169657476e-02 3.167556374948289621e-03
5.902931790292450520e-01 3.575277336927264460e-01 -6.242276972147412645e-02 2.343017351024452750e-03
4.486320585510820691e-01 5.165335054277309101e-01 -1.011702903344069981e-01 4.642525843418995879e-03
3.804860292260561772e-01 5.419561799924647039e-01 -9.761972631962108349e-02 4.608871504704681321e-03
1.270273633784914091e+00 -1.762161081695085008e-01 3.062405107416464947e-02 -1.335182251861643816e-03
6.454338631203561105e-01 5.410128739703113920e-01 -1.381273887469930406e-01 7.704646497400182564e-03
1.163057648433971858e+00 2.101552956464666500e-01 -5.217188034125502111e-02 2.976004125627795902e-03
9.810438427880191492e-01 5.158514143538532951e-03 5.794109494917225670e-03 -6.365445773366320160e-04
6.523676942350145058e-01 2.530717293798493417e-01 -3.299906258472118381e-02 7.812141525838572432e-04
7.614793235639888414e-01 4.287941226546228557e-01 -1.066074647838771011e-01 5.477128481776368310e-03
1.230512770280399515e+00 -1.926403776496892761e-01 4.385523142988492773e-02 -2.960564997557744039e-03
3.220154618242656031e-01 6.040908243644904640e-01 -9.243909695483862321e-02 3.296597421283949635e-03
6.120950968435662221e-01 5.986361683924911192e-01 -1.208692884980723803e-01 5.334128098720889583e-03
6.388155171900804508e-01 5.992873086068045696e-01 -1.363651991436536370e-01 6.758386060851615321e-03
8.672609026727307047e-01 4.565491635094441336e-01 -1.094731676488805427e-01 6.152859883221111804e-03
2.373039379129875948e-01 3.716694115552585664e-01 -3.085111391486740004e-02 -2.047191204281823896e-04
6.203280964381439055e-01 7.196472168390055657e-01 -1.762964331921291206e-01 9.310166489131233708e-03
7.954026641663529684e-01 5.846417846112189620e-01 -1.591540250871023021e-01 8.788160170201913049e-03
1.377410222527358341e+00 -3.181193167824364343e-01 7.046050754645216685e-02 -4.612648692582477054e-03
1.115764383512134028e+00 -1.203930417522718760e-01 3.696675793860169923e-02 -2.824248244770559847e-03
6.456870029974651759e-01 1.220124507365982353e-01 4.068138958467624501e-03 -1.602475103656450300e-03
8.052513146864057614e-01 5.777337713640368078e-01 -1.443685804835675990e-01 7.613077793528082865e-03
9.310748434039487487e-01 3.811736562992937838e-01 -1.097185333434076426e-01 5.770366081359856215e-03
6.998366974668653873e-01 4.450994010163871750e-01 -9.029482737414984417e-02 4.241879294597579453e-03
4.124936789423262473e-01 4.302608226257817470e-01 -5.932810868263716647e-02 1.649193548407091627e-03
5.811268427323342811e-01 4.279811817898357407e-01 -9.034385723368483501e-02 4.979521430742988794e-03
7.429677557248508535e-01 5.011011091538802864e-01 -1.308376413469658495e-01 7.422841254997906806e-03
9.747133865679311615e-01 4.172296893593053779e-01 -9.913234070661390562e-02 4.955254141285339413e-03
3.105894648211712239e-01 7.901964473284257551e-01 -1.653800404449045081e-01 7.895147953078371361e-03
8.799861593087269229e-01 4.105224653071363194e-01 -1.024866587802533563e-01 5.133739333338467083e-03
3.471245535828786366e-01 5.657507008118348724e-01 -1.005147023084791147e-01 4.614909475735728961e-03
4.716180595186920121e-01 6.785029856389062086e-01 -1.389499328773426690e-01 6.740816155900522695e-03
7.094835594696593528e-01 3.679392132695900597e-01 -6.920438976026900557e-02 2.648738291532870201e-03
2.444812626504661301e-01 7.369035991144320397e-01 -1.376036742518144673e-01 6.411898749303117893e-03
4.044227801762563801e-01 7.974720255286028570e-01 -1.704241623328730526e-01 8.428789478517400083e-03
3.561215511230775288e-01 6.034477685480017506e-01 -1.149135458094806550e-01 5.482912912755585032e-03
7.219540689508423537e-01 5.293154339962913291e-01 -1.268837848199649010e-01 6.652124868315219784e-03
6.394349035170157070e-01 4.294409879065185787e-01 -6.726646900169074017e-02 2.307966197601804114e-03
1.121661778948898736e+00 -7.917159114081917526e-03 1.307526346662562025e-02 -1.857636455188156014e-03
3.109394868846769855e-01 9.421478023847361660e-01 -2.195030132316737881e-01 1.212658114542481194e-02
8.204201417664419571e-01 5.396625033334935262e-01 -1.383596299705663335e-01 7.572489880897742727e-03
5.433649927634151000e-01 6.431985159952867681e-01 -1.428130482700294690e-01 7.227607069753020676e-03
3.475472925837939098e-01 9.173126094371203409e-01 -2.150186149645361700e-01 1.192098253590163914e-02
7.190234529650507689e-01 3.138716931708048219e-01 -6.923390808784476991e-02 3.745640758656258208e-03
8.178895583637223465e-01 4.167866475992128561e-01 -1.003939353685916053e-01 5.486671936685350200e-03
2.175550339784585729e-01 8.178788428954089085e-01 -1.652630069959575843e-01 8.297938087268726462e-03
1.174674209640242273e+00 -1.169928913669685162e-02 -1.000796809086321529e-02 8.220375252579978668e-04
2.679625240685460930e-01 7.332717971597421114e-01 -1.525902859987693094e-01 7.840451494792786621e-03
4.407437914371633569e-01 7.179933389765915663e-01 -1.490423032920724922e-01 7.641554317876588821e-03
3.849009161693368042e-01 7.117852412049372468e-01 -1.571674532364253085e-01 8.553318660268502058e-03
1.229315431848984730e+00 -1.043830261110421653e-01 2.226578245548672952e-02 -1.868203835822059705e-03
2.985377314114072700e-01 8.028710711421814805e-01 -1.600749888302564761e-01 8.201560344499843683e-03
1.412585402238416332e+00 -5.504788678916180955e-02 -2.402082829519934515e-02 2.015569642740152809e-03
9.914749723337945575e-01 2.515399573199280647e-01 -7.049748754124267325e-02 3.972643925111588557e-03
1.376051688618818325e+00 -2.233123707253233461e-02 -1.775044203306401849e-02 5.909963945113726712e-04
8.871822758792643482e-01 1.111887765035274034e-01 -1.477949381232550319e-02 2.456314306445532818e-04
8.185065084969337379e-01 2.023356289257205731e-01 -2.621825884285177224e-02 4.715920773278238390e-04
1.038798085633150459e+00 1.798226622287204535e-01 -2.416335623199925703e-02 7.961134754429232980e-05
1.017568925189952234e+00 4.160724332242193846e-02 1.061872757448710340e-02 -1.898144431731434503e-03
3.165340501963480602e-01 8.072290823505026136e-01 -1.666921162707099835e-01 8.653024754383634165e-03
3.228327160586800804e-01 6.220422112960428684e-01 -1.172258140578965185e-01 5.829385522221329843e-03
5.091286808937761643e-01 5.558232956955926340e-01 -1.027701518472213804e-01 5.056667441955965681e-03
6.347575626841734930e-01 4.703515232277665770e-01 -9.168917032591443472e-02 4.161350365987446370e-03
5.542040069310115724e-01 4.557533275068287870e-01 -9.081660075713710034e-02 4.324936748767001238e-03
7.739518664254834146e-01 4.482036841390645843e-01 -1.207102155112255992e-01 6.812815563435527244e-03
8.793092479971631459e-01 3.366029763814570308e-01 -8.219808766845645986e-02 4.445757303373252568e-03
1.250101377168968630e+00 -7.585824735594988433e-02 1.914295972637715046e-02 -1.940198191927592491e-03
2.829227440227154444e-01 6.602884879823657238e-01 -1.081575975888266206e-01 4.539558449933405598e-03
5.885994212441223450e-01 5.336514756883977695e-01 -1.058068498420160208e-01 5.079108214815920841e-03
4.398218575522316875e-01 7.163082996940373093e-01 -1.532308124178495545e-01 8.030032754957183022e-03
4.894450985360369599e-01 6.072525695647147392e-01 -1.283966777897045664e-01 6.297327202658055401e-03
5.287711686467025940e-01 5.134059909679057343e-01 -8.779343193363560449e-02 3.844040199992937532e-03
4.196612308483320120e-01 6.162607307067600182e-01 -1.316174832797235017e-01 6.816805347859306030e-03
5.547127414024695113e-01 4.110968037899669358e-01 -7.177177023525838084e-02 3.626594390292133593e-03
3.163718345906273433e-01 6.048281563830361085e-01 -1.059751584101155941e-01 5.247822220793940499e-03
9.340663766823629199e-01 3.912228812789188548e-01 -8.287480980449277168e-02 3.835396156272804190e-03
5.571784014335708912e-01 6.316394396908757702e-01 -1.343022632975363895e-01 6.990700376635664362e-03
2.556233717718390253e-01 8.643369932531662636e-01 -1.846195661740588079e-01 9.235854592721410086e-03
2.734966594096401304e-01 8.493089234273309973e-01 -1.705422258556976711e-01 7.899511977700271123e-03
1.162757083967863592e+00 -7.897167961154231974e-02 1.684082156081575729e-02 -1.273756626188139989e-03
6.175587835454660057e-01 5.077858273891268093e-01 -9.471791083256028698e-02 4.235968568963725638e-03
6.916303643611305674e-01 4.497098843242647859e-01 -9.336584201165304409e-02 4.276228168590376875e-03
4.459669092413569569e-01 5.058245552430006287e-01 -1.040153080074212449e-01 5.592012995813390452e-03
2.381611316349812879e-01 5.364931719573278190e-01 -8.676649111890494259e-02 4.084444271650185428e-03
1.420619859562000320e+00 -2.298191769705107967e-01 4.968411922186954238e-02 -3.273415683385276758e-03
9.223113298247983538e-01 3.738836468878881658e-01 -9.856611626192866848e-02 4.849159318900585214e-03
2.366777251002933902e-01 9.651100981645840404e-01 -2.170900889718078708e-01 1.152099369663635818e-02
2.674456716834882064e-01 9.649357742385640258e-01 -2.209870998880132664e-01 1.203499943486145002e-02
2.937232629912067128e-01 9.017053955388232289e-01 -2.072354362043162535e-01 1.110646712374020739e-02
1.467010268922553262e+00 3.207738567955879111e-02 -5.147588020484394206e-02 3.558318757656142237e-03
1.455351022215568335e+00 2.817053298726764771e-02 -4.796490998385953552e-02 3.335377536506524149e-03
1.425223381541381507e+00 -1.774480278229135510e-01 1.572218200576999333e-02 -2.705677790473043007e-04
9.128155372203331508e-01 2.456357600635974414e-01 -6.148813868831527751e-02 3.034812103725760633e-03
8.948733300657576439e-01 4.556394491174511341e-01 -1.333042120606492409e-01 7.725728370222903832e-03
1.490819657431542655e+00 -1.287916722274185521e-01 -9.269051555589489719e-03 1.207963534613454033e-03
1.493314785162713987e+00 -3.540313328843181645e-03 -4.759658784041907037e-02 2.867360636603948597e-03
1.433706141991581307e+00 1.386437108077702082e-02 -5.143663100098116309e-02 3.345596425229354492e-03
5.483447475722715847e-01 7.761737992198221026e-01 -1.899468499929734266e-01 1.025874674872978391e-02
1.111187717994456703e+00 2.894648762784460261e-01 -8.883466033676101770e-02 5.205869862169171247e-03
1.018299314852561643e+00 2.726533761681924073e-01 -8.062050220195536576e-02 4.784326032937154076e-03
1.263933039078734000e+00 -1.123189682384717197e-01 2.872845376129908382e-02 -2.132979905741756027e-03
5.895570561158726131e-01 6.765294028820235672e-01 -1.743629313316849005e-01 9.883930795327615371e-03
7.153595134392656263e-01 5.723712868155649280e-01 -1.412225264791512613e-01 7.218017445229230403e-03
3.619205693836096693e-01 4.940532126060098173e-01 -8.016869438369735035e-02 3.502974838032385085e-03
1.370855037656927067e+00 3.503143040142539522e-02 -1.230163826147711442e-02 3.195731474656973389e-04
1.065881279486533106e+00 3.039175981382897795e-01 -9.392111459367848136e-02 5.774294724460741525e-03
9.584877141057206451e-01 3.232669761088166061e-01 -6.683615751679472528e-02 2.717629607459988612e-03
6.701996215768841747e-01 5.801188315620584568e-01 -1.476824193803516205e-01 7.898506604590705207e-03
1.374477190157889828e+00 -1.764913799441569231e-01 3.067969813428782916e-02 -1.632956732819928732e-03
8.747944181043819656e-01 3.429155063757765021e-01 -8.701424301045820875e-02 4.563866037356189946e-03
5.952499102650952167e-01 7.841497207238049549e-01 -2.126703974677403297e-01 1.252934735521685043e-02
5.709239779605420617e-01 4.826982356147581643e-01 -9.736566007974220560e-02 5.007306194481167712e-03
1.378800156856403669e+00 -1.625747412530919311e-01 2.772933910915196046e-02 -1.901639051439571676e-03
1.406213073477168063e+00 -2.129880358163578971e-02 -3.677231399268772460e-02 2.926396757057182513e-03
6.599727726034404496e-01 4.760596450469784524e-01 -8.812044216603136249e-02 4.038938648154348499e-03
1.194306787093761146e+00 2.418372637232608924e-01 -7.526091988645725039e-02 4.465476966714281883e-03
3.812278161957515232e-01 7.334664159749298973e-01 -1.605976279364940695e-01 8.063743637485989296e-03
1.271539900800990219e+00 1.970949032580196492e-01 -8.065666182568673181e-02 4.738816250847474598e-03
2.625105688868156761e-01 8.407417679524371579e-01 -1.834497030457567235e-01 9.622370210785761990e-03
1.401372272650056372e+00 -1.850384948622895709e-01 2.128733033304201772e-02 -5.461669304528219424e-04
9.503588001782371508e-01 1.731559707997991915e-01 -4.333170520526143793e-02 2.207453240683730604e-03
1.073334167239415882e+00 1.012483644381890202e-01 -3.155274265825255831e-02 1.430003625308927037e-03
8.004687090556199536e-01 2.822618766792044931e-01 -6.572777124059982212e-02 3.427312267707961334e-03
1.404287751379003524e+00 -1.268541339580389893e-01 1.802703722692433619e-02 -1.180822685953447897e-03
1.021005024616459478e+00 2.358189766069997695e-01 -6.244479909295014980e-02 3.254747522727128185e-03
1.251955733774870350e+00 -6.953831346270641922e-02 1.958736124717517721e-02 -1.690749976487214293e-03
6.751942654793315901e-01 4.715964674232139275e-01 -8.810142500307106828e-02 3.704028490476068882e-03
7.385719831089349041e-01 3.413946343180860876e-01 -5.508576780185129446e-02 1.752479985266895994e-03
1.387837542677551550e+00 3.151538086412904865e-02 -3.160762460847756083e-02 2.311552204840179245e-03
1.214348604441322754e+00 -3.603436773970469104e-02 -1.096896628441179286e-03 6.368380285333351764e-05
1.300240458183908654e+00 -6.786672745340956159e-02 4.265807243490927873e-03 -3.274884908449247293e-05
1.362008857590532696e+00 1.292615595895861003e-01 -7.332105390813699330e-02 4.730721690515521730e-03
1.156457979858737994e+00 8.468974137807812330e-02 -2.335879688285578959e-02 1.164625971747171307e-03
7.385777067283453290e-01 2.223706567358006703e-01 -4.148387126505608674e-02 1.985984443904883438e-03
8.199002820801979396e-01 1.258566825112116816e-01 -1.969075741288331752e-02 1.078407890958834247e-03
4.382225355215659257e-01 6.003360826879631240e-01 -1.199916241715261039e-01 5.918817374770487909e-03
2.515638804675411899e-01 7.393189587941599861e-01 -1.318658367553989241e-01 5.509565642490993689e-03
2.230857163623116701e-01 7.279018461948874030e-01 -1.220711171325066235e-01 4.757247695212083252e-03
4.338845219027280264e-01 4.918696404307140169e-01 -8.529527096743309833e-02 3.711855861282353612e-03
4.078014308284392264e-01 5.397923505542413514e-01 -8.670518964254707306e-02 3.263201301049218402e-03
6.023318161685021765e-01 2.842967906912725606e-01 -2.823485928143023085e-02 -9.614434695322223508e-05
3.237328794724093628e-01 8.371751718544367948e-01 -1.833169139310082685e-01 9.236076328795623722e-03
9.171973466093782390e-01 1.475970364108226685e-01 -3.690307961697499028e-02 1.737016699320117520e-03
5.241973978811121926e-01 3.593913566435163465e-01 -4.987639526219593555e-02 1.455837416140500721e-03
4.409054291842970930e-01 6.732822920953289714e-01 -1.513096308447996474e-01 7.936084489764932970e-03
6.002315322487207228e-01 4.999268946908867473e-01 -1.075262379728552375e-01 5.115065892823414395e-03
5.598322986585489991e-01 5.227515986052412300e-01 -1.044322418843234429e-01 4.942422074607840006e-03
4.389803347542443057e-01 3.808042980669759103e-01 -5.105868417482044286e-02 1.314843774513373142e-03
2.467532521948415936e-01 8.843019963091852675e-01 -1.992814841016637695e-01 1.078006774166878276e-02
1.100684328774821585e+00 -1.627329765370351677e-01 4.588860266212575062e-02 -3.324833067806775948e-03
1.399882495701906260e+00 -7.079650589617397793e-02 -4.519254768631236242e-03 -3.800288702476704628e-05
2.901047534602014255e-01 7.619584150469225214e-01 -1.512747047628060781e-01 7.051974696458556541e-03
1.316377347872488501e+00 5.239038796228984163e-02 -4.265855280747950229e-02 2.669433590049598726e-03
2.520423525943327747e-01 8.015920962439984088e-01 -1.578363825083432259e-01 7.299487594993030008e-03
1.158484337755955496e+00 -1.232971507243297571e-01 3.270836125272858635e-02 -2.381203655742191588e-03
1.316065770370730359e+00 1.102148130157066808e-01 -6.811460370735158976e-02 4.135557866432960743e-03
6.458886036453279633e-01 3.312475285543394210e-01 -5.114591588055047294e-02 1.828429367348455596e-03
6.770324721246295807e-01 4.978267527134576098e-01 -1.180952539430748238e-01 6.348372674845665156e-03
1.347024518707706342e+00 -9.203779034994627462e-02 -1.284696707173221125e-03 5.025781521471984299e-04
9.235581071827833055e-01 3.174227588721452720e-01 -8.075477777204492780e-02 4.209031622199712122e-03
6.179249029231232981e-01 4.086690595197828846e-01 -7.938213199653676444e-02 3.223936356182081388e-03
5.189497160255300834e-01 3.227279123297767116e-01 -4.222440954283947223e-02 1.241235808609491469e-03
7.918711685509489673e-01 4.355340444517067922e-01 -8.806712372739740335e-02 4.085563795308933682e-03
9.124249656066359959e-01 2.025301982302837311e-01 -3.557251423051176892e-02 1.467341603641520711e-03
1.057105969197491557e+00 2.649716597845226396e-01 -8.133114796617468834e-02 4.955343704207845756e-03
1.144301472246177953e+00 1.428782898833264384e-02 2.237520114360267137e-03 -1.054088982171191499e-03
4.175322579052379024e-01 5.171270974708425117e-01 -8.195535272215065392e-02 3.259681699005042167e-03
2.816061796058719757e-01 8.762695387509380485e-01 -1.919096043471464896e-01 1.015526016840342764e-02
2.485161043285475935e-01 6.393512138050094773e-01 -1.078527199647881657e-01 4.201109387045721608e-03
4.678839773570721006e-01 5.281062255287255480e-01 -8.605664155509072655e-02 3.551632825687856074e-03
8.268133211677596295e-01 2.145211559873750340e-01 -5.248740370704819275e-02 2.970557357486245005e-03
3.362274498793152988e-01 5.937583751825552536e-01 -1.106461480705650258e-01 4.780657056555250722e-03
3.725140350123900546e-01 8.043730155226006540e-01 -1.730251080997010082e-01 9.139090267013486729e-03
1.342106892344337554e+00 -4.721075340059424641e-02 -7.425077837319174479e-03 8.760957330121633578e-05
4.022428495836067874e-01 7.407874767646036585e-01 -1.496183354545930488e-01 7.345512155318045973e-03
2.378127405264817695e-01 8.563015146982883019e-01 -1.733142868247983526e-01 8.966276817412658848e-03
2.616699628397440858e-01 7.651079127553711556e-01 -1.426737566721948125e-01 7.160290469614230026e-03
1.096376217475018233e+00 8.889505697897093217e-02 -3.290068876725153052e-02 2.260219539548868634e-03
7.157663838552024149e-01 5.342572161733921687e-01 -1.312285585505717500e-01 6.693669548829748323e-03
9.450322182520962677e-01 1.576041584133916484e-01 -3.142778098228225098e-02 1.599940380300752260e-03
3.542531332794148224e-01 6.071326383613451227e-01 -1.020691864815530397e-01 4.001358349527075683e-03
9.986476541705122667e-01 1.064553542625789190e-01 -2.134193025806328456e-02 9.878838809113160615e-04
1.503923874844924846e+00 -2.804130407539437431e-01 5.265834998979541937e-02 -3.219822710505848389e-03
9.774529209935043372e-01 1.500225583132514529e-01 -4.209776367796411178e-02 2.066427764150341115e-03
1.238189899207912337e+00 -1.361764845596573903e-01 3.294087049703216946e-02 -2.529886289498243807e-03
9.392455049490175956e-01 2.147177930100258314e-01 -5.646844626227770503e-02 2.673630758056977624e-03
6.982263405670655620e-01 3.956896374546028938e-01 -7.767444815655881463e-02 4.036126927216101765e-03
8.143010986368307558e-01 2.304796326438770526e-01 -4.510312061448046306e-02 1.765387152843482434e-03
1.476585963661025902e+00 -1.952581745982413519e-01 3.318879476549377316e-02 -2.222522076008258927e-03
8.201522400726958262e-01 4.324357260105545775e-01 -8.439066745105808232e-02 3.658696358229529717e-03
7.131671404717846441e-01 5.235007188797294875e-01 -1.184447171996838438e-01 5.668888388509195700e-03
5.041251363635587124e-01 6.763613151290925884e-01 -1.459648844999746065e-01 7.642720872081593987e-03
9.167424699215148687e-01 4.456809759534924864e-01 -1.044521342387182417e-01 4.822167836403884120e-03
1.165299475125088691e+00 8.463451096597110479e-02 -4.172529145585383847e-02 2.570563126875443846e-03
5.228987576044179519e-01 5.822088105486323828e-01 -1.125816746929814011e-01 5.443352330389997738e-03
4.580838282326379907e-01 4.694446232391784601e-01 -7.351076269765838278e-02 2.810047409780200203e-03
7.684445868105139743e-01 3.685956703937108836e-01 -6.963811066565508967e-02 2.840616683598244652e-03
1.376189049497720696e+00 -1.824509578996572068e-01 2.982261425065563937e-02 -2.224239634062404828e-03
7.773898806244942117e-01 5.850866555682119330e-01 -1.440911279403164491e-01 8.063596572052540018e-03
8.730325886303444971e-01 2.570276912692356919e-01 -6.328792796536682197e-02 3.507641770505436074e-03
7.878858590632237258e-01 2.384779474161858870e-01 -5.024560113047076698e-02 2.777078581388661704e-03
8.818526153259357292e-01 4.441922717453372083e-01 -9.701784296591856038e-02 5.274598161074900080e-03
1.337086220661048319e+00 -6.243858276287591463e-02 2.265615946535081120e-03 -6.889586813560807542e-04
8.026983449909717017e-01 4.886759619085233597e-01 -1.138036512033216846e-01 6.101322911759225580e-03
1.442338541388933804e+00 6.210794051735480520e-02 -7.224162400737535461e-02 4.910124965819452278e-03
1.054989597090506770e+00 7.027008818864671769e-02 -1.380338762841017662e-02 3.862091430182334204e-04
1.255553545663429027e+00 1.717439473225226276e-01 -7.324326482957177475e-02 4.871919207229053958e-03
1.008626202501353708e+00 3.607137391397800541e-01 -1.144845122843953650e-01 7.128322631519240851e-03
1.288691756975898217e+00 1.523930981766450643e-01 -5.646414053007486195e-02 3.117393168979386026e-03
1.206528234564115509e+00 -1.788430799276100880e-01 3.337897466371095995e-02 -1.642122544793711862e-03
1.194413649990220705e+00 6.442981733030479774e-02 -1.627359730461401185e-02 5.254962939987584689e-04
7.252481752559926109e-01 2.591657516743259837e-01 -3.825075940381760659e-02 1.282764380847557957e-03
1.082018900493946667e+00 2.063953435288984062e-01 -6.498641918375797077e-02 3.355965752042249037e-03
1.163097188534747417e+00 -1.969976179892710122e-01 4.825405042140845646e-02 -3.152954148111571098e-03
9.413488752876076893e-01 1.481191330294389097e-01 -2.311072782438714293e-02 7.801003374861148346e-04
3.761807117720937788e-01 6.019349516055839677e-01 -1.124674702593909531e-01 5.498488385643137376e-03
7.746859196786294310e-01 4.514156631033648948e-01 -1.084918309086257554e-01 5.900781066188154692e-03
5.602615736253403478e-01 6.540952440422960201e-01 -1.525422833935382028e-01 7.807667682063264281e-03
1.184592827763469414e+00 1.776320766746553592e-01 -6.248853193539688489e-02 3.126635151128849457e-03
8.274446820465819474e-01 4.293188653344337524e-01 -1.146907322301773252e-01 6.581368906607893560e-03
6.546475956749011615e-01 5.507982250297924764e-01 -1.074732435464799546e-01 5.229439701728866643e-03
6.494657224769573300e-01 4.800772668384977737e-01 -1.114397391618467820e-01 6.245558301388591180e-03
8.034436730832800189e-01 3.314359268544448955e-01 -6.685237709189642552e-02 3.046891937741359746e-03
7.642364967688536348e-01 5.993157409741104447e-01 -1.479732300215617080e-01 8.206538080389704642e-03
6.571145855776884259e-01 4.682245861425404776e-01 -9.347879430299735337e-02 4.521341907653363829e-03
6.637055501147355319e-01 4.783397745314111882e-01 -9.382358430018351847e-02 4.492231301403589762e-03
1.178486133241797518e+00 3.110303978837912764e-01 -1.167088591723477037e-01 7.586448234771630064e-03
1.176428962894375596e+00 2.865309405289960809e-01 -1.124761066338556548e-01 7.192955371600496042e-03
2.780759899681184977e-01 9.330381602705215549e-01 -2.085070061215072712e-01 1.073961641693326786e-02
1.111078315405378492e+00 2.130298141317002458e-01 -7.615842792931286354e-02 4.850364596503764156e-03
1.110077767339762822e+00 2.025593346446371568e-01 -7.200206849120106833e-02 4.397902472594784895e-03
6.914592805200656667e-01 2.478784279653268030e-01 -3.520831428793698425e-02 8.185101717300781237e-04
8.913697492225689523e-01 4.993060534449971222e-01 -1.266171957850179275e-01 6.349943552882339123e-03
3.154474633305041076e-01 6.995119077795408646e-01 -1.253597563856600761e-01 5.794328947950061828e-03
8.294616662048385214e-01 3.488526975973192390e-01 -7.326477287886892786e-02 3.879012399532348870e-03
8.563455412751076468e-01 4.915849488363785436e-01 -1.364456640444546009e-01 7.660215642145549141e-03
7.114732501992151459e-01 3.538596766111000713e-01 -6.811339564208893083e-02 3.442079802651459852e-03
5.379176468323444427e-01 5.627965126191032397e-01 -1.231812209603164454e-01 5.930622843112468706e-03
7.326959320300120426e-01 4.365081266557570561e-01 -1.089227262997880252e-01 5.871156161393845975e-03
9.017954237172326470e-01 5.082166314931088058e-01 -1.578794037489609225e-01 9.678755170934151206e-03
8.266462115750041750e-01 5.541868460437007204e-01 -1.433622196676707095e-01 7.479852432848054650e-03
7.516154515875782538e-01 4.946081532773825562e-01 -1.293140498193532661e-01 7.406736132730722816e-03
5.944717324576949125e-01 6.704593013475083074e-01 -1.632679088019868274e-01 8.791279597643811977e-03
8.693473575119337049e-01 3.276731625888290034e-01 -7.230765106586319046e-02 3.003327854514353454e-03
7.810919731446787084e-01 4.802845336420695221e-01 -1.172780528322826810e-01 6.016474894514121582e-03
8.696428403387153061e-01 3.677219031850996189e-01 -1.098668168392187561e-01 6.807608317276915393e-03
9.170143280698499488e-01 3.045403250583019195e-01 -6.610347354326599756e-02 3.451695856283676627e-03
4.328940964440275430e-01 7.006192985622350378e-01 -1.542296866698747992e-01 7.725398011688982755e-03
5.772361390470631681e-01 6.592271850781739051e-01 -1.538682481008245839e-01 8.354635463037708015e-03
1.477377305238853689e+00 -1.561539068172363154e-01 2.159678472391519249e-02 -9.279340471452784001e-04
5.845615914444787231e-01 4.313095607808617449e-01 -8.707943050438768373e-02 3.913430539966234779e-03
1.036101202530193444e+00 -4.502525245723028313e-02 6.955756090722831596e-03 -3.481225512600380229e-04
1.118398103967392698e+00 1.985650674581959929e-01 -7.126693243423683211e-02 3.757822097254363922e-03
1.260953768223974425e+00 -2.947384860253465452e-02 -9.932364549831760800e-03 3.705460161316021027e-04
5.919333746676415098e-01 3.670444505153621639e-01 -6.246665838801316456e-02 2.681541138214565620e-03
8.057335733139309175e-01 2.376316368128668088e-01 -3.869414717598868708e-02 9.997019431070809040e-04
6.393568702215810529e-01 3.243297325578152202e-01 -5.822277471077472871e-02 2.553628480507126770e-03
1.033192365674415303e+00 1.475374640662917847e-01 -1.829082319711499566e-02 -8.639806940503164372e-05
1.432405054333043104e+00 -1.356989633717612109e-01 1.199612957906997547e-02 -2.121235344667792802e-04
1.258086098122669139e+00 -8.620647328553825151e-02 1.561821508370150879e-02 -1.236793363704872780e-03
5.113538572905065305e-01 7.247674284954892521e-01 -1.743433186015354297e-01 9.801552320604896631e-03
8.001486139978184475e-01 2.630257736347300090e-01 -4.901256128476368101e-02 2.275700715176745374e-03
9.087667695137103818e-01 2.732443319670065374e-01 -5.582398064609903066e-02 2.735137503599475821e-03
2.949588548593706783e-01 4.237706310138612542e-01 -4.710126183886935436e-02 6.440799978540848267e-04
8.928622179523212354e-01 2.340882560380785071e-01 -3.824778090816644688e-02 9.647563177929768200e-04
7.589887474437948534e-01 2.833494592126670764e-01 -4.654895437262383806e-02 1.864788410017698865e-03
9.849263493390200130e-01 3.276356392914638316e-01 -5.978176591157689790e-02 2.173586091795064960e-03
1.066555945488083967e+00 2.172885512256718388e-01 -7.114535817973467735e-02 4.031990014843612503e-03
9.407741832782294811e-01 3.702278339905010207e-01 -1.052663613242915269e-01 6.279233307670580369e-03
6.160259596664414694e-01 5.015272637346975815e-01 -1.045650316509690869e-01 5.250513309950037046e-03
1.068226259432323078e+00 2.544393724145821434e-01 -7.734495139900364469e-02 4.809821296564929446e-03
9.703320472554322063e-01 3.440338063962127824e-01 -9.388840475249059236e-02 4.883119821761468769e-03
7.482187574330690927e-01 5.361177656311423290e-01 -1.113091746129434428e-01 5.469489602422613651e-03
5.410862296049731013e-01 6.615850180150355531e-01 -1.515339357779365848e-01 7.942851317592349025e-03
1.177665030257637913e+00 1.840278747790476677e-01 -7.147966825648392752e-02 4.064284959762885958e-03
8.018643266777467637e-01 5.233053113189416461e-01 -1.220740086598434415e-01 6.615101567813179255e-03
9.057022529280122081e-01 4.206975878643164912e-01 -1.187526843720062841e-01 6.811251901483596910e-03
2.439045818606956073e-01 6.810277499940805557e-01 -1.189580301578558041e-01 5.215908769457498588e-03
9.285973111536173219e-01 4.568966227189096840e-01 -1.218374556804519143e-01 6.256433798238159212e-03
4.238904876550114165e-01 6.361245885290264246e-01 -1.290900700236956300e-01 6.357976678708729401e-03
5.676791495907450580e-01 4.204608709497496544e-01 -6.929953012975820226e-02 2.475692753205382002e-03
4.161402144377255308e-01 6.945040812038865141e-01 -1.438089095090294423e-01 6.813134760335905551e-03
5.831530621432049477e-01 4.523555575578057653e-01 -9.336624682512892348e-02 4.742396175789784056e-03
8.055798296370269007e-01 3.697509774662369741e-01 -8.063238952749846034e-02 4.433957577656012089e-03
7.819577502940147085e-01 3.978939395703751103e-01 -9.508219784899250848e-02 5.485242095403559601e-03
5.526971150067423455e-01 5.261763245648498621e-01 -9.730688577529064687e-02 4.862792683050415170e-03
1.328822690270820450e+00 -7.602530534665011275e-02 -2.493769628908656770e-03 -1.470064267978272315e-04
3.557648903944838903e-01 5.333646173260966350e-01 -8.196452297942638521e-02 3.208128196092083738e-03
1.238375608386933946e+00 2.548891440876465200e-02 -2.043899753967218236e-02 8.654929497518242107e-04
3.917704900379152533e-01 6.372756035695993360e-01 -1.268952006066695892e-01 6.696649434155900298e-03
6.332494435533941868e-01 4.782844388057247986e-01 -1.090163687908317358e-01 5.602028789506361545e-03
2.526963759333618054e-01 6.067603761920167260e-01 -8.916010277790489824e-02 2.907872212514548641e-03
1.305497018598235526e+00 9.652057332331276385e-02 -3.803646663665232602e-02 2.346895688938136892e-03
3.583760670374249724e-01 5.269043756222249186e-01 -8.069832556568094784e-02 2.634759163107990194e-03
3.752444494306265699e-01 5.560754375144878470e-01 -8.944588246668493114e-02 3.137380753246135547e-03
6.863918035869107648e-01 3.506890256454850419e-01 -4.702532288726903736e-02 9.033062618381497823e-04
4.192419056549761547e-01 6.894403151202501689e-01 -1.309533569440105849e-01 5.910016148908188438e-03
1.466334218274419898e+00 3.567812321086133442e-02 -6.406953450235711167e-02 4.923663357982281837e-03
4.150920804870391057e-01 6.087244937528806243e-01 -1.035982463946376331e-01 4.012525928219345429e-03
1.412117632253738320e+00 -2.531640830912679774e-01 4.334651479856586193e-02 -2.690808297578101745e-03
8.231452129835009623e-01 4.489524875144412785e-01 -1.025759319727626850e-01 4.716241424698495478e-03
1.051161889594539822e+00 1.040950760385359053e-01 -1.968405734173555438e-02 5.909949601167556986e-04
1.280526770151979576e+00 4.485859530796045685e-02 -3.673273640151580866e-02 2.680436818796300309e-03
1.218453379690258354e+00 2.267127407688132867e-01 -9.347241298022739009e-02 6.242910045138175268e-03
4.348651840706989624e-01 6.116528731990257262e-01 -1.102223906323758218e-01 5.298949630302971121e-03
8.367037732981201792e-01 3.377576775213736449e-01 -8.891973418773839455e-02 4.712030782458060882e-03
1.009890807553333492e+00 2.747347337008674770e-02 8.425071199970622648e-03 -1.451132353118278267e-03
7.249545133716728262e-01 3.372957789776638293e-01 -5.393536017376010516e-02 1.694914602288905220e-03
6.295434865378594091e-01 2.048896737152076375e-01 -1.998769017572998852e-02 9.998259286089532444e-05
8.074226468627421216e-01 3.888783436765603785e-01 -6.626197962855528978e-02 2.379382755542354139e-03
1.130092217130745924e+00 1.153892592781450427e-01 -5.109661285159845800e-02 3.470534425780684093e-03
1.325644250099880850e+00 5.785407891917559997e-03 -2.267782713897151942e-02 1.574278506225965145e-03
4.426728138699855264e-01 4.089795715955876210e-01 -6.099239927957268714e-02 2.150855048984004914e-03
1.344264587183870763e+00 -1.126463805998173667e-01 3.105775765244885370e-02 -2.725546461161498443e-03
1.115428694799120768e+00 2.488820396255805312e-01 -9.548080736169879679e-02 6.248828411627184269e-03
9.181518814124243200e-01 2.986953317307513012e-01 -7.210303185041810892e-02 3.488579700086296559e-03
1.473438157486756106e+00 -2.238313919643254712e-01 4.614508669400856772e-02 -3.174095120945539215e-03
7.353601419511313075e-01 2.999979889963791946e-01 -4.783132956912545392e-02 1.371694033865531164e-03
1.169976185808389024e+00 6.160725734958869687e-02 -3.080551078891111474e-02 1.438031062706213040e-03
2.884652231979015768e-01 6.180345366675034091e-01 -1.031892359314327823e-01 4.619729353029857453e-03
8.946138348844752120e-01 4.297856092313164650e-02 1.335728212703696238e-04 -3.800108739029233493e-04
1.127603328034833430e+00 1.735438363499280101e-01 -6.848099347274498594e-02 4.507943162501767617e-03
3.606228010857913668e-01 5.492633814423291128e-01 -9.446878559037472090e-02 3.710539798548831338e-03
1.025219163168184844e+00 3.140436276274656269e-01 -1.020249021193754407e-01 6.131052200601170774e-03
5.052263029668847549e-01 5.231209607867678413e-01 -1.067860806986138666e-01 4.778598005010984036e-03
1.084499416785721815e+00 6.352018602534133251e-02 -2.366024844354157330e-02 1.524947014394883961e-03
1.043505341132829445e+00 3.034168851186336835e-01 -9.995031378630804542e-02 5.554089457445177992e-03
5.606026964816767100e-01 6.031707722565021745e-01 -1.404193103995463043e-01 7.298925056583293117e-03
9.537872124190953649e-01 3.513158358160651251e-01 -1.117741832116384837e-01 6.972915493555294393e-03
1.398163502185899576e+00 -2.178930467617722355e-01 3.403693215003775890e-02 -1.408451920607347099e-03
4.158882289969416668e-01 8.045946558158344475e-01 -1.911499188428807949e-01 1.050890057229435584e-02
7.644629716293841470e-01 1.011431527385151241e-01 2.926831130131990217e-03 -1.368628864018434695e-03
5.578869145301028620e-01 5.078011717902797262e-01 -9.661809825139756891e-02 4.819168916908435872e-03
4.860492645403479139e-01 4.282672100991652964e-01 -8.118523532096445783e-02 4.216614461367473345e-03
5.147772974103823618e-01 7.695099731982737445e-01 -1.916375873966186805e-01 1.090224740650492380e-02
4.678086349941372180e-01 5.491953036837045055e-01 -1.123955068934945623e-01 5.850897257652949192e-03
8.443843209642203362e-01 3.097319862149806591e-01 -6.840796779925553683e-02 3.069597548327026009e-03
1.374750061464107276e+00 -7.651147822739205739e-02 5.203131362540583220e-03 -5.260455090875573161e-04
1.004897910801379579e+00 8.084995672063745309e-02 -7.431117495961382310e-03 -2.419612683937548761e-04
9.006740359665941220e-01 1.688719718400164271e-01 -3.749469422456561118e-02 1.860282436593998796e-03
3.409646232532295151e-01 7.402979564010923053e-01 -1.602046935812035111e-01 8.027878346859204997e-03
6.120952409295971064e-01 3.621838314683367144e-01 -6.968069066877730089e-02 3.367978971500375576e-03
4.747499455340584706e-01 7.377121971256771493e-01 -1.741840773856399294e-01 9.249181122898787050e-03
6.834908470151167537e-01 5.217601715036619403e-01 -1.327308863330206312e-01 7.297119748914457707e-03
6.833996691120559630e-01 1.514844985554268386e-01 -1.421814255703101118e-02 2.691694803327149385e-04
1.301063529338998270e+00 -4.376888211870897522e-02 -5.420309606260720336e-03 8.180612196201128669e-05
4.462691304670575176e-01 5.532681127925868081e-01 -9.758833500893676627e-02 4.713563978272401062e-03
1.270810957445307698e+00 3.856529363551669531e-02 -6.332465714769068381e-03 -5.079527429781261708e-04
4.868915131521932005e-01 7.149111733583259909e-01 -1.706687354417966707e-01 9.516879994040080074e-03
1.119595705158082488e+00 5.046182452810676206e-02 -2.284693514438977321e-02 9.600915405737330682e-04
2.392738068465656009e-01 8.123873129555928552e-01 -1.736426456819913922e-01 9.193947337074494242e-03
3.917719301691791056e-01 7.521618328884895899e-01 -1.701582041674854218e-01 8.661710376258333066e-03
7.276098434893265576e-01 6.272144506411609921e-01 -1.652666095018344439e-01 9.673979650266640098e-03
1.495880975487132059e+00 -2.945776972621350631e-01 5.305272482021324704e-02 -2.997418025712860618e-03
7.653898481500746032e-01 4.085004651335812920e-01 -1.034123681068327000e-01 5.976036019744232833e-03
7.151899717083097796e-01 5.100140307342236889e-01 -1.301672262666568880e-01 7.404515895774008323e-03
4.770795417827537466e-01 7.222418031917680059e-01 -1.669899283912128773e-01 9.000745308449265361e-03
1.062336704771020601e+00 3.306870077680323927e-02 5.541516287980473906e-04 -1.081530419281784457e-03
9.573345623224791545e-01 4.473053872409895049e-01 -1.207317244177308763e-01 6.868381815052683990e-03
9.320268682377532699e-01 4.484293278072135069e-01 -1.093882487699116002e-01 5.603141991348584670e-03
1.084107631987366371e+00 2.207392742524152129e-01 -7.013962195325182392e-02 4.358150736709212603e-03
2.731512312245289453e-01 8.098902209097789129e-01 -1.749949287413342380e-01 9.165366352041248027e-03
1.484970884248189238e+00 -2.709409539027092251e-01 4.390811123626292556e-02 -2.045443858224227016e-03
7.345704430907578075e-01 5.352929558081320760e-01 -1.172928192848329138e-01 5.482885079697633751e-03
3.967585811127015138e-01 6.800023090225217892e-01 -1.331214624140203417e-01 6.249647555943382143e-03
5.231650899366622198e-01 4.164940491068118145e-01 -6.129172322385995075e-02 2.207748877367154885e-03
1.168798865005766796e+00 -4.130226236997615839e-03 -9.133615133367059893e-03 3.464305622644520133e-04
1.134872814743512315e+00 -1.072204396372700846e-02 -1.195676947067725662e-02 8.987500501782684677e-04
1.206901467000774275e+00 9.413864617734700457e-02 -2.980454192684333162e-02 1.626740190904611130e-03
6.925369224267404755e-01 4.806810075665235993e-01 -8.839555431677809105e-02 3.748174282859531321e-03
1.328642735706168310e+00 -4.341762021636144664e-02 3.693779714182960608e-04 2.421405992318356292e-04
3.082950131552026352e-01 4.759051662533148597e-01 -7.214895101741822248e-02 3.012052151977636944e-03
6.274491549672164270e-01 5.620371020876163692e-01 -1.160438420383095581e-01 5.884540838410634057e-03
3.795923846881773533e-01 6.084144956667901782e-01 -1.151572827938712601e-01 5.878999179982678271e-03
8.120309268339044317e-01 4.224445743199642389e-01 -1.128998902460804366e-01 6.487690211038576321e-03
1.074354465131017067e+00 2.558960511008865346e-01 -7.010903357783396239e-02 4.047427552038762068e-03
1.029582445733560281e+00 2.459961793419730702e-01 -6.426730742440596444e-02 2.964897272693068839e-03
6.404571147467105208e-01 6.805182110537509876e-01 -1.868905068459653651e-01 1.099845064811682399e-02
6.964014155592397337e-01 6.510573852217336199e-01 -1.811625480922242071e-01 1.055995563672617286e-02
7.320374117305474826e-01 6.847030409583968469e-01 -1.921780774161320759e-01 1.123216318233373479e-02
6.192255667920885109e-01 6.841053022045435750e-01 -1.744446537730899582e-01 9.881942370958048463e-03
4.256950303705038241e-01 5.805256555598510282e-01 -1.095326928950289824e-01 5.039695118220020864e-03
5.465572854774891631e-01 5.473475729532061296e-01 -1.176604813714306058e-01 5.431184095909858539e-03
1.457224969975601914e+00 -2.573592442613846787e-01 3.454765475618166992e-02 -1.468211454939008856e-03
8.226210574795314034e-01 4.321804548970022419e-01 -1.175481567597388005e-01 6.678210219424024485e-03
1.477732607592052272e+00 -4.043712442032575960e-01 7.877927592576113025e-02 -4.134870940062363581e-03
1.028613135097707021e+00 2.159597900917875624e-01 -7.134927141807846651e-02 4.421613806715346019e-03
5.215955737173904039e-01 5.955959294261271575e-01 -1.271714470971641309e-01 6.368471989350320966e-03
1.485884166718781207e+00 -3.904682863423379890e-01 7.555686067850866938e-02 -4.075345422118256331e-03
1.489691892890679492e+00 -1.105820374782713750e-01 -1.463165273440476463e-02 1.872071548259097301e-03
6.100517456513994130e-01 3.195935137163482542e-01 -4.223988659618708313e-02 9.173201449024896443e-04
8.673031803185945465e-01 5.349065538164585742e-01 -1.445608867014984422e-01 8.301478328293466352e-03
7.735734641207521189e-01 4.437467520846156144e-01 -8.016604850054408204e-02 3.254057942953701536e-03
7.417419817642687541e-01 4.075888377082599878e-01 -7.758367407148077100e-02 3.153734262551590329e-03
5.112821764072236208e-01 7.585597761089650781e-01 -1.931292098332202112e-01 1.116417180848958482e-02
1.280451991051926308e+00 -6.552710115258050805e-02 9.970635355716407980e-03 -9.438005600596675437e-04
6.957888055016593354e-01 6.815054406173222112e-01 -1.681912913406947430e-01 9.414277422705239276e-03
4.005254381751096604e-01 8.513363489240333148e-01 -1.956636273964335870e-01 1.069684183833422009e-02
5.631632913937829610e-01 5.941032766168001800e-01 -1.140487963244617570e-01 5.639774254871465255e-03
1.457024693423865092e+00 -2.109390999631672314e-01 3.883753531682829913e-02 -2.561876668686156617e-03
3.234020718367591196e-01 7.022476888200387402e-01 -1.304403195815722616e-01 6.242723626946064877e-03
6.933137950309008479e-01 5.683420318676155603e-01 -1.306309348586963959e-01 6.491767619523849606e-03
3.712843956823423386e-01 7.429005510586915717e-01 -1.603466149074019853e-01 8.045676957250131461e-03
5.604518319314520935e-01 7.901300567381827067e-01 -2.019191666465527946e-01 1.167252352359529968e-02
5.323279577282009623e-01 5.486811524841703758e-01 -1.245733916123113044e-01 7.009362493867024417e-03
7.821951113030692904e-01 1.972850387381777648e-01 -2.259565813359278030e-02 1.652184626427893833e-04
6.246081706434500891e-01 4.316292501017998662e-01 -7.707117988895695326e-02 2.926467937312770239e-03
1.445621066022663825e+00 -2.703193944514739946e-02 -2.660652055002573832e-02 1.369225937918626618e-03
5.272642023383637966e-01 6.247035573576965595e-01 -1.388543680027433946e-01 7.690636442502803323e-03
4.380986330520068028e-01 6.775704879393049662e-01 -1.475844811482991403e-01 7.414917999085772482e-03
8.456905340204963206e-01 2.976796985692282127e-01 -6.262643175936308260e-02 3.311865913618671810e-03
4.104021484196656577e-01 6.922459887693361846e-01 -1.530163628909869122e-01 8.060615755406458013e-03
2.955449484192118614e-01 5.309080178706739872e-01 -7.408979444054625274e-02 2.329097267482902606e-03
8.368965845032330098e-01 5.335326983876013118e-01 -1.430994749117701081e-01 8.001550003580919918e-03
6.914165021934016719e-01 4.361290371708309577e-01 -9.344824763788814326e-02 4.662443275033036766e-03
6.919428649989540769e-01 4.054550474960891271e-01 -1.003167824650743195e-01 5.865214582722677941e-03
5.218581598296779811e-01 6.839956040173583718e-01 -1.671227533459528902e-01 8.919119799737897092e-03
1.016314894615200082e+00 2.072822259438513171e-01 -5.231290156340523412e-02 2.873563385384912770e-03
1.123300234586600332e+00 -2.257036492912493225e-02 6.075630875256943578e-04 2.123794862671751066e-04
4.566202126404126926e-01 3.405843937940178368e-01 -4.278567919878576570e-02 1.142004855450464871e-03
7.090218028360897318e-01 4.878076551421074436e-01 -1.198068888172986735e-01 6.690649725772743889e-03
2.864787045178786573e-01 9.336821994193603702e-01 -2.187785616545327994e-01 1.215029240590898875e-02
3.347989572723060192e-01 8.336188372082713460e-01 -1.884727407915411934e-01 9.956324650478371591e-03
7.992702310986870007e-01 4.801166582346514389e-01 -1.245257473877403043e-01 6.761657526387860294e-03
7.483578827186067040e-01 4.824773657650177072e-01 -1.225639495254085137e-01 6.213264708234159280e-03
2.249469062089052007e-01 7.623847192893703495e-01 -1.575319231081331872e-01 8.126008877947664757e-03
2.726577163391560310e-01 6.408709061123027961e-01 -1.074349989844080450e-01 4.081215511942398212e-03
1.046672100001213579e+00 1.501298727138918321e-01 -5.044967144210320970e-02 3.078775093355049560e-03
5.868493370123671893e-01 6.092713338310358218e-01 -1.433054750700347713e-01 7.330154296221881409e-03
4.564470950812106187e-01 5.867874601029778869e-01 -1.216262596171130139e-01 6.333603641396824691e-03
1.365806817739817491e+00 -3.620000195915777375e-01 8.180384752643710122e-02 -5.052010295307896200e-03
1.304477298769076254e+00 -3.522408085285527179e-01 8.185794399079464323e-02 -5.153980599726122776e-03
4.224678344302034150e-01 5.720267766767921369e-01 -1.056009737683552413e-01 4.835722430004085921e-03
7.297670428038866008e-01 3.941022957115560277e-01 -8.306244530660625291e-02 3.596651694964016210e-03
1.004460060799177601e+00 1.367079786654523121e-01 -2.278940849763754287e-02 8.599124319693523264e-04
8.507904995042400165e-01 1.789716331456165099e-01 -2.332778474418222350e-02 4.843255831640735313e-04
1.254882504643630048e+00 -9.263321287179288044e-02 1.691003929785458645e-02 -9.602701255052602030e-04
1.142000951345087500e+00 1.370035595582554805e-02 -8.914911645899574466e-03 3.012423724719972152e-05
1.062239285256031174e+00 1.958542379734298788e-01 -5.811679638590793590e-02 3.434898706477884471e-03
8.739053163732958263e-01 2.821317955515287856e-01 -6.079350413148135873e-02 2.964731385355977560e-03
1.312805374040848072e+00 -1.570094159507572640e-01 3.304571136048002622e-02 -2.568737659170990985e-03
9.975960001421440015e-01 4.222181991967372539e-01 -1.195224858700083548e-01 6.264660817244117885e-03
4.108431713904095450e-01 6.037302649379071573e-01 -1.009092781830965985e-01 4.211147643467307369e-03
4.065828815488080061e-01 5.823339430901715019e-01 -1.186508305570753152e-01 5.932282587816227644e-03
6.113359117521244279e-01 5.945388192286212847e-01 -1.188383165965437027e-01 5.733068799549276631e-03
1.002690089977599674e+00 1.725021020126407678e-01 -3.650815185597620915e-02 1.445606239931594445e-03
8.961235711298196627e-01 2.715449768622312243e-01 -6.103080675370664565e-02 3.240061507630988703e-03
7.917845070521914996e-01 4.516902655210411899e-01 -8.466973265157257122e-02 3.693629627491848769e-03
3.137312387582062989e-01 7.077073060505738589e-01 -1.516367401613931132e-01 7.700016285276094045e-03
1.245836467922223800e+00 4.103255939922530182e-02 -3.054770443036050956e-02 2.069599476049128160e-03
1.080929660897323563e+00 -1.963129426834371583e-02 1.553634080604130233e-02 -1.612844865037604261e-03
1.050104794772079186e+00 1.249879977560630628e-01 -3.203854648167631797e-02 1.407449262299284359e-03
6.944942445501171013e-01 5.613046860601627053e-01 -1.305255314536851452e-01 7.067689720142259456e-03
8.053626807253345676e-01 5.732472405839535989e-01 -1.639900703601963883e-01 9.733719030740739867e-03
8.333989984672909301e-01 5.001401950985577827e-01 -1.376846486687092752e-01 7.744488623215190284e-03
2.412305659404292701e-01 5.509939073825282918e-01 -8.029508937344678743e-02 2.606525542410087926e-03
5.795502322427809050e-01 4.394315164523393547e-01 -8.847967725941471850e-02 4.692560106254500991e-03
1.091602047965546829e+00 1.854035142265179070e-01 -4.529302795018567973e-02 1.685506088191907580e-03
7.201558486569509254e-01 3.755567152783592655e-01 -8.430019472479526044e-02 4.253306748446895706e-03
1.213855319358726037e+00 3.074895500325410813e-01 -1.103236133022285625e-01 6.336220361724876661e-03
1.178609310253377673e+00 5.048407941592759213e-02 -2.304831244110826238e-02 1.446336421681316056e-03
1.066015865447939692e+00 -4.312435692657411862e-02 1.107129757022272919e-02 -7.150567371461859353e-04
5.539521772685889189e-01 5.090528210990766800e-01 -9.750741347378312496e-02 5.006416429896547692e-03
4.359331572721680259e-01 5.313454467485656529e-01 -8.528461908672657632e-02 3.330769122034920714e-03
3.008313871363010872e-01 5.832086937915168523e-01 -8.601915228636738964e-02 2.790106499742748148e-03
2.960021874972288969e-01 6.019886904638684921e-01 -9.455869261614592569e-02 3.342256494275402771e-03
5.297753287002154865e-01 6.086381317108685574e-01 -1.325849640986518918e-01 7.146652615431834700e-03
1.345383738425950826e+00 8.174921774641349947e-02 -6.077929092987032628e-02 3.907186901994239708e-03
7.327535121354021852e-01 4.208293045974372815e-01 -7.305995033481806067e-02 2.579744561877899810e-03
2.980891877198080797e-01 7.913060479862821239e-01 -1.565929191204983029e-01 7.417590578184285986e-03
2.716525089957908534e-01 9.388510320479394045e-01 -2.109111469442072895e-01 1.115363788591754342e-02
1.335691071319325296e+00 1.077888600030585536e-01 -4.754962713174106653e-02 2.768750497720399561e-03
2.970502518129690128e-01 6.593239801687091894e-01 -1.220058556063486760e-01 6.014608973850252456e-03
9.599146869244328251e-01 2.737413524983716706e-01 -8.709379827372390470e-02 5.477491117886827167e-03
3.260534841527572003e-01 8.994634863410589931e-01 -2.038861486879538498e-01 1.058917097809503050e-02
1.496016726120177553e+00 -6.047051545747644807e-02 -8.726165769457254126e-03 6.471672510776970777e-05
1.101197542606154212e+00 2.792815089722536781e-01 -9.632484258803122867e-02 5.657359305092592508e-03
1.476381084820170830e+00 -1.854217797852992511e-01 4.240849537902124239e-02 -3.284853298569448583e-03
1.304895195354338844e+00 1.608810802840130449e-01 -7.115092467475972460e-02 4.321470890243839583e-03
1.086837917308234758e+00 -6.765310530558518720e-02 3.003328534293931221e-02 -2.742673616366875233e-03
4.511495312963444970e-01 7.934357172606727460e-01 -1.814683152379835962e-01 9.520926974897888848e-03
1.438976973346431931e+00 -1.609817847492094889e-01 1.379075299839697955e-02 -7.325862508901795312e-04
5.964598373179156310e-01 6.877732384100384566e-01 -1.772167407169370490e-01 1.013037579644690718e-02
1.289380783400858821e+00 4.111350513372169502e-02 -3.765484973895629611e-02 2.191819808469908006e-03
1.300151542196331667e+00 -7.724666959063830607e-02 8.136503962089137315e-04 5.088730289298923001e-04
6.316541433584249576e-01 6.468664169723292723e-01 -1.625225693248371905e-01 9.107197588617534090e-03
7.311214507176632127e-01 6.506495511576272373e-01 -1.723556454936754356e-01 9.574899158170540464e-03
7.145472962841614706e-01 5.855518906521747224e-01 -1.543332403968270539e-01 8.982348744618800021e-03
8.942373311467330943e-01 3.912911485719925420e-01 -9.650390349071359675e-02 5.237700231523419875e-03
5.528255104008311660e-01 6.963198986900883680e-01 -1.697341941603114079e-01 9.573744395681864361e-03
8.353210822696353066e-01 2.909781143638969780e-01 -6.447358304254557915e-02 2.681519830568481009e-03
1.002402651436270720e+00 2.006752338880221642e-01 -5.938598646883699178e-02 3.188450376981314879e-03
9.417036062447426970e-01 3.413303472460688659e-01 -7.933025218640353537e-02 3.987115885408238324e-03
1.045827310808173261e+00 3.107899131839978457e-01 -7.301040528576009658e-02 3.394815343616772868e-03
9.150744755693902555e-01 4.765669250544335989e-01 -1.414237490398757846e-01 8.354572686886016161e-03
5.428155111781897135e-01 7.774735660748177679e-01 -1.910099239496751145e-01 1.036426230864864392e-02
5.990427432958057574e-01 4.468181541622089359e-01 -8.933892417935432317e-02 4.223342932825871823e-03
1.093162050088800852e+00 4.908809982424020696e-02 -6.624181410138626006e-03 -9.609742752197734494e-06
1.451606052014942749e+00 -2.595431651299656695e-01 5.396783747841060741e-02 -3.372280035279917078e-03
1.019570089389503442e+00 2.527128430726308661e-01 -8.747148958779073225e-02 5.617821212135756283e-03
1.140479162487858078e+00 1.943688675840069685e-02 -1.442012897390149845e-02 5.277247719741447966e-04
1.240113284883922251e+00 4.568930555121260284e-02 -2.434671327701241547e-02 8.493077630894780997e-04
9.573767065961855671e-01 1.894531442037307167e-01 -4.158641100943686469e-02 1.704058711443909909e-03
7.503874823888451173e-01 2.941011136897961342e-01 -5.958809983558451678e-02 3.241331308317223821e-03
6.139946199988129960e-01 5.256445788553804066e-01 -1.149478180945514016e-01 5.538518046422671350e-03
6.887546978174333701e-01 3.544994728640147863e-01 -6.258122006659415371e-02 2.682071300288246373e-03
1.377381509555738903e+00 -2.724008548202781071e-02 -2.251763217552184976e-03 -3.971225886516433498e-04
1.263022812624486013e+00 1.914514623297592366e-01 -6.888588575225031152e-02 3.937588906306792313e-03
1.444299120709325868e+00 -1.857165129116278846e-01 3.091014578781044880e-02 -2.138849905741620119e-03
4.354172113094848529e-01 7.795322559493841341e-01 -1.817245433360800688e-01 9.742731192440332033e-03
6.130888769619516898e-01 4.501320586451015293e-01 -9.271674461741050144e-02 4.103966984856791296e-03
1.162268505288968745e+00 1.801116913572962108e-01 -6.890482097929249983e-02 4.136536910145876753e-03
7.227537574427702616e-01 3.715267083041879359e-01 -7.896224981755985139e-02 3.821138035579816836e-03
8.055176212608895492e-01 2.859320975549085042e-01 -4.594162238691224670e-02 1.666733885632086434e-03
9.187081365230912455e-01 2.693376401474533721e-01 -7.359963243979696090e-02 4.463446988706957705e-03
6.856024476069320084e-01 3.522871445477916974e-01 -6.876829738728840180e-02 3.287234846990184142e-03
3.852951142248626226e-01 5.462916047592687452e-01 -9.806818326062161084e-02 4.151812204682319221e-03
8.920810156560998738e-01 3.529508836726175103e-01 -9.162202351845807891e-02 4.825097887685174045e-03
6.054892730801991751e-01 3.731448314751938389e-01 -5.695262856230474263e-02 1.847037713010758015e-03
1.009366014744603302e+00 2.888472433805250872e-01 -6.367528459076407521e-02 3.054959499122201355e-03
1.165554133132163273e+00 2.870016612565670089e-01 -9.171063220981712227e-02 5.128948227193719928e-03
1.027473925080946371e+00 3.920773717851754325e-01 -1.079181238857125635e-01 6.430872434883983663e-03
1.072948243675477809e+00 2.194149577614638302e-01 -7.471254477168610963e-02 4.102058459252872283e-03
3.496929758900380047e-01 5.582692101509677540e-01 -9.848926188708698182e-02 4.061796715981119341e-03
7.125169169787701762e-01 3.126572848676754113e-01 -5.363114391557478183e-02 2.549934003043774228e-03
2.581513022028610327e-01 6.562320538472512510e-01 -1.261413627857409514e-01 6.388273685808660597e-03
4.113943161754580191e-01 5.266854498889058656e-01 -9.403344574437567938e-02 4.656791754676108466e-03
4.436579507544348155e-01 8.080416149946142435e-01 -1.999931802459814500e-01 1.126903513157916439e-02
2.490336558584649584e-01 8.042159812931609641e-01 -1.653037774811704497e-01 8.148456673515797055e-03
4.653836601082447788e-01 3.690997433996328625e-01 -6.100205152213763332e-02 2.837936138164315163e-03
3.753501918273164928e-01 7.035515039417216121e-01 -1.466446173310811119e-01 7.880797610002921588e-03
4.869262476928727379e-01 6.268878752299877899e-01 -1.395777065339078860e-01 7.157890439067307771e-03
5.390294967098147039e-01 5.064795344202301930e-01 -7.872766940386440038e-02 2.571184956007048928e-03
2.897819531955708738e-01 7.093308435808481915e-01 -1.236701834850887360e-01 5.282271707585225497e-03
5.891640921398395569e-01 3.080613562578768394e-01 -4.755363925696401428e-02 1.569766567417245134e-03
5.137756737967128506e-01 6.864190641060171627e-01 -1.597198250158793076e-01 8.603845649438147947e-03
8.438047949230849110e-01 1.634711574075448093e-01 -1.919104340226696070e-02 -2.008113542453824707e-04
9.342176701653486237e-01 9.452511354619504147e-02 -5.286673249766318285e-03 -5.114492311116329527e-04
5.369373375581981689e-01 5.090190769691329553e-01 -1.069816287344971667e-01 5.161390145883704497e-03
5.074217328069438038e-01 3.428685695878117001e-01 -4.452075987273392682e-02 8.048134630462195661e-04
3.776166725519457534e-01 5.475512172809300360e-01 -9.137296231662234147e-02 3.417182430983151022e-03
5.111223439280559999e-01 3.974149256033759903e-01 -5.471974645339377358e-02 1.273807804718244795e-03
5.628780501623168453e-01 5.536622211735031662e-01 -1.051765056818806943e-01 5.190885591134879878e-03
1.280690802658301264e+00 -1.175353397095527247e-01 8.859395151238515578e-03 -5.004633060924569728e-05
2.449171693425672702e-01 7.944480184194429029e-01 -1.521396226662736773e-01 7.787726424295811183e-03
7.155444046547120296e-01 4.768081820088169720e-01 -1.037917769741917018e-01 4.680524192435381141e-03
1.093663918269071056e+00 3.858294479879449401e-01 -1.322617871752040097e-01 8.378095823374870355e-03
1.298340726816724411e+00 -9.498877840278652229e-02 5.515216372760558400e-03 1.281152760616790392e-04
3.342407983634351210e-01 7.452526490135629178e-01 -1.491724209948012692e-01 7.447714440188627112e-03
2.847021797499331153e-01 6.245500713237043255e-01 -1.224976296457892799e-01 6.422904858705409843e-03
6.061414552593328287e-01 3.543593733550328695e-01 -5.645828480542730565e-02 1.933851065783377112e-03
2.502756550275662129e-01 7.658087298137665755e-01 -1.617598186317898423e-01 8.649404723705777023e-03
4.563516343847239254e-01 5.070960879835469948e-01 -9.858832024984631737e-02 4.577493248333977700e-03
3.624003090077160261e-01 7.454178456267830377e-01 -1.456403195815121066e-01 6.750898766937562037e-03
2.721386843999830107e-01 5.238132241122237520e-01 -8.250326128978527351e-02 3.049828964213583196e-03
2.882217079789192171e-01 7.372289711515577215e-01 -1.469401321963104690e-01 7.683488825724665329e-03
1.310799423270565089e+00 9.844627319582324038e-03 -3.739075570754555461e-02 2.896282290183821440e-03
1.373810783845781591e+00 -4.690863398248439758e-02 -2.544867727223753748e-02 2.257024346712446349e-03
1.294990498705416604e+00 6.230511930686686781e-03 -1.490372786267309124e-02 3.756445357050427277e-04
1.371668922786539291e+00 -1.131026608425713259e-01 6.825834882994919611e-03 1.596304080117647971e-04
1.291217515167119245e+00 6.508282318616601114e-02 -4.383887107215889145e-02 2.979090567497312807e-03
1.296363738083882389e+00 8.761963400785598155e-02 -6.047118223671224535e-02 4.397432349621712387e-03
1.484733735820277900e+00 -1.470699371479693707e-01 1.419552263726824373e-02 -5.408511348453233459e-04
7.050115381298500683e-01 6.599684830090255527e-01 -1.738624045117813655e-01 1.011543966500991557e-02
9.423540221737152223e-01 1.378780299290251199e-01 -3.438054659639640936e-02 1.622487505571764289e-03
1.107968329216785008e+00 6.727997516265127320e-02 -2.885747691128087711e-02 1.129315635394267242e-03
2.228616975856879956e-01 7.707669563445113114e-01 -1.626066192139835054e-01 8.539625523020930725e-03
8.107740360924883261e-01 3.742935496568232656e-01 -8.597320840380758000e-02 4.561747154478457481e-03
5.280695426005563853e-01 3.566270728621580566e-01 -5.383485999670954703e-02 1.794462549840667061e-03
4.231079345155769333e-01 5.787626120555753317e-01 -1.118509865041456552e-01 5.821629271278723483e-03
4.398794594753804854e-01 5.101062630716657331e-01 -9.074212671150914955e-02 4.073585787821978020e-03
6.681739465155479563e-01 2.859107988396456523e-01 -4.151507305054447788e-02 1.563658679999645239e-03
6.817727549236793916e-01 3.890967092322836218e-01 -8.292437797845918224e-02 4.425938826085401394e-03
6.051991481869127831e-01 4.906607759420053561e-01 -8.866339351496510535e-02 4.094301018925819956e-03
7.417045419403084372e-01 1.446702668542510783e-01 -5.241011444225892463e-04 -1.520038886899611943e-03
1.228196196043061184e+00 -2.116664661803732694e-01 3.841429860005373537e-02 -1.736909945022929291e-03
5.193320024580347916e-01 7.538931930041840035e-01 -1.915608631474982337e-01 1.097798061415980464e-02
9.420245439881311800e-01 1.209712764819589059e-01 -1.509323059504714785e-02 -1.669540597859375678e-04
1.205625658027182689e+00 -1.097644198288385414e-01 2.992310150095598559e-02 -2.513098224288501468e-03
1.370496523831590263e+00 -2.295777959395585155e-01 4.847064260578207162e-02 -2.904269674847949779e-03
9.232880886380109287e-01 1.094684723608428667e-01 -1.013977305526787658e-02 -1.087122407908412848e-04
1.266650552344165570e+00 -2.444033280278192777e-01 4.523219592272680750e-02 -2.044247042829871932e-03
8.144898798223193515e-01 2.244901626757096480e-01 -4.258982098940615468e-02 2.229831029772792565e-03
4.625684789884331183e-01 8.009300857641649118e-01 -1.902173350900777660e-01 1.016459982990285636e-02
2.640411338287688703e-01 9.143367888686690925e-01 -2.062911058837864908e-01 1.118129848569310476e-02
9.971036399557839935e-01 1.091544770497860362e-01 -2.914913425296228669e-02 1.595689869973384743e-03
5.680460889234792976e-01 6.899992893989027598e-01 -1.686118069646529438e-01 9.616251958946634912e-03
1.450436290315677557e+00 -2.659788963732168110e-01 4.350007564414650613e-02 -1.962495355724104117e-03
1.235214158599135859e+00 -1.230950382442948382e-01 2.248264926814761214e-02 -1.236291798554577104e-03
2.260251284042275599e-01 8.633466756788411578e-01 -1.805927896405562505e-01 9.381049048152314412e-03
2.255843194168923871e-01 8.157017009244673655e-01 -1.610005359522852786e-01 8.143529997110328378e-03
1.314326165797877533e+00 -7.360798822725006518e-02 -9.210506734337532871e-04 4.857142487403144702e-04
5.005202728861981587e-01 6.139453605407173553e-01 -1.148762532558274541e-01 5.656226376596074079e-03
1.148134849972997973e+00 1.009342610661696782e-01 -4.374990316840524779e-02 2.713765512182431811e-03
6.664323678831498565e-01 5.300527704563287035e-01 -1.037568518945774648e-01 4.671554125507989923e-03
3.769618056561636066e-01 6.666926189851560824e-01 -1.222384002064310360e-01 5.567241601628337977e-03
2.082442753169618521e-01 9.125915159114482700e-01 -1.914869748164471919e-01 9.805572912069699526e-03
5.516930029078583875e-01 5.660575091952549931e-01 -1.230026082177994862e-01 6.113430512668255497e-03
3.411715795977792176e-01 5.333055090716291025e-01 -8.727048988655060346e-02 3.653022774284653013e-03
6.668358474390814195e-01 7.675196914279718285e-01 -2.064560208695248311e-01 1.192451511525020880e-02
7.095570727076701001e-01 5.426635209757667555e-01 -1.139764093056474664e-01 5.859290241871280454e-03
6.185380561423730050e-01 2.699951318142640444e-01 -4.051745057074782747e-02 1.042922382105115073e-03
3.553741515472101375e-01 7.649845719414670731e-01 -1.575621121429723048e-01 7.441620396647394969e-03
9.990530772460431974e-01 2.865816677975984161e-01 -7.194154406758895837e-02 4.101400331995195929e-03
9.167018923529566266e-01 1.980560892303814269e-01 -4.661673409985588740e-02 1.936466232452958326e-03
7.598487014110258952e-01 3.066783553253732975e-01 -5.672295489090638937e-02 2.856041957634092819e-03
3.617743638619120849e-01 6.203264374948480597e-01 -1.195078255201282025e-01 5.269868498029227702e-03
3.129722790905308805e-01 5.750500346142969343e-01 -1.049177662798070065e-01 5.055570852424078922e-03
3.933045042861684215e-01 6.161649497541111797e-01 -1.163031230455253834e-01 5.789919008760540178e-03
3.805156922839142974e-01 6.754079202264343662e-01 -1.263124700966294089e-01 5.616757088615783981e-03
8.363020643666158049e-01 3.283274138371035100e-01 -6.990140865982209795e-02 3.833855645362879185e-03
1.384195532310789956e+00 -2.009713548347231982e-01 3.086215274555016014e-02 -1.251872328616403848e-03
1.249988499465542358e+00 1.347038403959639474e-01 -4.665333156394468883e-02 3.041791922247954073e-03
1.018400017397957047e+00 2.467244338033463269e-01 -6.994020020962107842e-02 3.474982603987314747e-03
1.360373793503645512e+00 -1.649148672566013996e-01 3.078506606396506570e-02 -2.419178650859480587e-03
1.137302889240126902e+00 2.664629995279156893e-01 -8.496225981576641106e-02 4.894559648305298050e-03
1.264866483810958897e+00 1.593143263674375310e-01 -6.315792692771855787e-02 3.717786407401892871e-03
1.103407098540408304e+00 1.635397085555228003e-01 -5.584155813822284237e-02 3.120960920711673015e-03
7.087150710555877309e-01 6.963988536556129372e-01 -1.823503712767181872e-01 1.014008738522752771e-02
6.585044233640600098e-01 7.203555692099612440e-01 -1.782708680241941457e-01 9.982727942044909361e-03
1.201800604345638845e+00 1.640595984455853196e-01 -7.385210644133265168e-02 5.087318219119881489e-03
8.759455468037904424e-01 2.765365260229195044e-01 -6.966202251367688281e-02 3.640939893306243801e-03
8.641766706335021198e-01 5.754168841245219657e-01 -1.685160227589964366e-01 9.927831037681533050e-03
1.431637219419997553e+00 1.415851360854501403e-02 -1.788767399814842826e-02 4.757417049429684850e-04
5.302451276206695541e-01 4.840606042048071211e-01 -9.110649924142839862e-02 4.635938448864138604e-03
1.218569885072597891e+00 9.141471571025079623e-02 -2.065797992326167884e-02 1.491439624059900709e-04
7.324702982027713194e-01 3.024503324185671138e-01 -4.040615742363697777e-02 7.795469590931529804e-04
1.465348919858299404e+00 3.263031107899314054e-02 -5.606674694925350283e-02 3.418938042852965806e-03
1.251554940009625527e+00 2.703908051154126357e-01 -1.171107771533763803e-01 7.367781824363075528e-03
7.579125072042249833e-01 4.699608449101047025e-01 -9.989673509738924984e-02 4.538103749077350424e-03
1.437560801398418686e+00 1.083419147019631240e-01 -8.357472817780256524e-02 5.621324602495927740e-03
4.133651668474508933e-01 5.157405513874575576e-01 -9.695588755949116622e-02 4.019206149003064221e-03
4.677477158830277704e-01 7.456519546113310470e-01 -1.672858035431145640e-01 8.448643125890883260e-03
1.206347417579528347e+00 -3.006743566313023128e-02 -3.234696003998208461e-03 -1.920323499318429903e-04
3.416712754474958147e-01 7.413676602156260564e-01 -1.477875136540062750e-01 7.289721045382828446e-03
4.835901894425441716e-01 7.446421117570313220e-01 -1.720553641886885254e-01 9.253334117562791311e-03
1.421230972978567486e+00 -1.198488249935943939e-01 1.466511476612027479e-02 -5.107223303266314116e-04
1.487180519672769430e+00 -3.355178942992195767e-02 -2.451374624783928674e-02 1.438082905849966033e-03
1.216420395799769238e+00 9.178260626812929923e-02 -4.097751583342620213e-02 2.587234541695662172e-03
5.906165657534788727e-01 6.268347410345356252e-01 -1.411890626812283001e-01 6.992342187746753389e-03
1.018108596627536722e+00 1.557139395923209102e-01 -4.539235593206392833e-02 2.215550739433062247e-03
7.963796915704253188e-01 3.005759746692631129e-01 -6.063887959372019770e-02 2.602687896707170552e-03
6.588430920707437632e-01 4.080909566296508917e-01 -7.385314384983822367e-02 2.975524831422451076e-03
