1.258925411794171360e+17 3.172887573582941911e+01 3.172931151861558163e+01 3.172959094842663674e+01
1.262266775442936000e+17 3.173080475690500890e+01 3.173128297654484697e+01 3.173214982801910011e+01
1.265617007536896640e+17 3.173242274763780557e+01 3.173391900228197215e+01 3.173705657813999181e+01
1.268976131614164480e+17 3.173398686482078546e+01 3.173655560065967052e+01 3.174196332826090483e+01
1.272344171275293120e+17 3.173555098200376179e+01 3.173919356065011499e+01 3.174687007838181430e+01
1.275721150183485920e+17 3.173711509918673812e+01 3.174183152064055946e+01 3.175177682850272731e+01
1.279107092064740960e+17 3.173867902185511269e+01 3.174446948063099683e+01 3.175668357862362257e+01
1.282502020708060000e+17 3.174024193441768915e+01 3.174710744062144130e+01 3.176159032874453203e+01
1.285905959965552640e+17 3.174180484698026206e+01 3.174974540061188577e+01 3.176646362831409220e+01
1.289318933752635040e+17 3.174336775954283141e+01 3.175238336060232314e+01 3.177124819785787224e+01
1.292740966048230080e+17 3.174493067210540787e+01 3.175502132059276761e+01 3.177602977212125168e+01
1.296172080894872640e+17 3.174649358466798077e+01 3.175765928058321208e+01 3.178085702996336082e+01
1.299612302398919840e+17 3.174805649723055367e+01 3.176029724057365655e+01 3.178569750639864822e+01
1.303061654730700160e+17 3.174961940979312658e+01 3.176293520056409392e+01 3.179053798283391430e+01
1.306520162124725280e+17 3.175118232235569593e+01 3.176561699391247373e+01 3.179537872372718965e+01
1.309987848879796800e+17 3.175274523491827239e+01 3.176830076461162378e+01 3.180022667356368515e+01
1.313464739359208800e+17 3.175430814748084174e+01 3.177098453531076672e+01 3.180507068754161182e+01
1.316950857990950720e+17 3.175587106004341820e+01 3.177366830600992031e+01 3.180989894488769210e+01
1.320446229267815360e+17 3.175743397260599110e+01 3.177635207670907391e+01 3.181472720223376882e+01
1.323950877747613600e+17 3.175899688516856756e+01 3.177903584740822396e+01 3.181955545957985265e+01
1.327464828053325280e+17 3.176055979773113691e+01 3.178172207274849725e+01 3.182438371692591517e+01
1.330988104873315520e+17 3.176212271029370982e+01 3.178442668705814711e+01 3.182920668244175033e+01
1.334520732961443200e+17 3.176371081337019575e+01 3.178712900189483292e+01 3.183390427445812421e+01
1.338062737137267520e+17 3.176535747265743836e+01 3.178983131673151163e+01 3.183867233257065976e+01
1.341614142286255040e+17 3.176700413194468453e+01 3.179254164332248678e+01 3.184339445333591456e+01
1.345174973359888800e+17 3.176865079123193425e+01 3.179525836228932079e+01 3.184808865906713038e+01
1.348745255375887680e+17 3.177030289356421733e+01 3.179800861921787458e+01 3.185278052603931442e+01
1.352325013418360000e+17 3.177196605434020782e+01 3.180073184118658602e+01 3.185747239301148781e+01
1.355914272638023840e+17 3.177360961761118574e+01 3.180348238891574297e+01 3.186212531136364134e+01
1.359513058252317760e+17 3.177525318088216011e+01 3.180624850693902772e+01 3.186674699434007962e+01
1.363121395545610720e+17 3.177689674415313092e+01 3.180901658368522789e+01 3.187136867731650014e+01
1.366739309869413440e+17 3.177854030742410529e+01 3.181178466043143871e+01 3.187599036029293842e+01
1.370366826642489760e+17 3.178018387069507966e+01 3.181455273717764953e+01 3.188065782350098942e+01
1.374003971351079360e+17 3.178182743396605758e+01 3.181732081392385680e+01 3.188536667342675557e+01
1.377650769549055040e+17 3.178347099723702485e+01 3.182008889067005697e+01 3.189000007571267048e+01
1.381307246858146400e+17 3.178511456050799922e+01 3.182285696741626424e+01 3.189459324985081068e+01
1.384973428968053280e+17 3.178675812377897358e+01 3.182562504416247506e+01 3.189916178113046641e+01
1.388649341636659520e+17 3.178840168704994440e+01 3.182841737094958745e+01 3.190373031241010437e+01
1.392335010690247840e+17 3.179004525032091877e+01 3.183125664367881669e+01 3.190833117959662601e+01
1.396030462023613600e+17 3.179168881359189669e+01 3.183409591640804592e+01 3.191293237297439234e+01
1.399735721600291680e+17 3.179333237686287106e+01 3.183693225151161599e+01 3.191753356635215511e+01
1.403450815452716640e+17 3.179497594013384187e+01 3.183976170358580049e+01 3.192213484191399786e+01
1.407175769682451200e+17 3.179668074894618712e+01 3.184259115565998854e+01 3.192668071228538906e+01
1.410910610460300320e+17 3.179840228567424987e+01 3.184542060773417660e+01 3.193118019882637881e+01
1.414655364026530240e+17 3.180012382240230195e+01 3.184825005980835755e+01 3.193567968536735435e+01
1.418410056691087520e+17 3.180184535913036115e+01 3.185107951188254916e+01 3.194017917190834410e+01
1.422174714833713600e+17 3.180356689585842034e+01 3.185390896395674076e+01 3.194467865844933385e+01
1.425949364904177440e+17 3.180528843258647953e+01 3.185673841603092882e+01 3.194917814499032360e+01
1.429734033422437600e+17 3.180700996931453162e+01 3.185956811013812029e+01 3.195367763153129914e+01
1.433528746978875520e+17 3.180873150604259436e+01 3.186247865624079623e+01 3.195814535561204650e+01
1.437333532234411680e+17 3.181045304277065000e+01 3.186540464840481945e+01 3.196258359466988352e+01
1.441148415920728960e+17 3.181217457949870564e+01 3.186833776330154322e+01 3.196718143087283082e+01
1.444973424840494400e+17 3.181389611622676483e+01 3.187127087819827409e+01 3.197183120254145905e+01
1.448808585867478720e+17 3.181561765295482402e+01 3.187420062109972463e+01 3.197648097421009084e+01
1.452653925946790080e+17 3.181733918968288322e+01 3.187711444984859810e+01 3.198113074587871907e+01
1.456509472095041600e+17 3.181904767299767300e+01 3.188002827859745736e+01 3.198578051754733309e+01
1.460375251400587520e+17 3.182075769818099076e+01 3.188291909010371583e+01 3.199042055193665135e+01
1.464251291023642880e+17 3.182247479131559587e+01 3.188577693622966436e+01 3.199505528137849097e+01
1.468137618196509440e+17 3.182421223255024145e+01 3.188867824377799920e+01 3.199969001082031994e+01
1.472034260223803520e+17 3.182594967378489415e+01 3.189159363151605575e+01 3.200424453504773226e+01
1.475941244482575680e+17 3.182767917280406778e+01 3.189457926829354761e+01 3.200865038142199381e+01
1.479858598422550720e+17 3.182947978474806661e+01 3.189756721541788664e+01 3.201305622779626248e+01
1.483786349566296960e+17 3.183128096227647674e+01 3.190048604456853099e+01 3.201746207417050982e+01
1.487724525509467520e+17 3.183308213980489398e+01 3.190336940938574628e+01 3.202184733100582292e+01
1.491673153920922560e+17 3.183488331733330767e+01 3.190625277420296513e+01 3.202619375611153885e+01
1.495632262542958080e+17 3.183668449486172136e+01 3.190921197970794765e+01 3.203059429803250424e+01
1.499601879191539840e+17 3.183848567239013860e+01 3.191219118059006377e+01 3.203515090341456073e+01
1.503582031756423360e+17 3.184028684991855584e+01 3.191516192723191381e+01 3.203970750879662432e+01
1.507572748201400640e+17 3.184208802744697309e+01 3.191813267387375674e+01 3.204426411417868081e+01
1.511574056564470400e+17 3.184388920497538678e+01 3.192106875547612788e+01 3.204882071956072309e+01
1.515585984958085120e+17 3.184569038250380046e+01 3.192399853030401857e+01 3.205337294493396172e+01
1.519608561569275200e+17 3.184749156003222126e+01 3.192694557374646180e+01 3.205790471648808193e+01
1.523641814659882880e+17 3.184929273756062784e+01 3.192986243810431546e+01 3.206254116806972121e+01
1.527685772566798720e+17 3.185109391508904864e+01 3.193277930246217267e+01 3.206714045399647262e+01
1.531740463702086080e+17 3.185289780590240483e+01 3.193579441249451634e+01 3.207172602913215087e+01
1.535805916553230080e+17 3.185470522354948386e+01 3.193881987423820945e+01 3.207631160426783623e+01
1.539882159683312960e+17 3.185651264119655934e+01 3.194184533598189546e+01 3.208089717940349317e+01
1.543969221731265600e+17 3.185832005884363838e+01 3.194487079772558857e+01 3.208547585870924479e+01
1.548067131411992320e+17 3.186015915521074859e+01 3.194789625946928169e+01 3.209004212597398720e+01
1.552175917516611200e+17 3.186209528636666377e+01 3.195092172121296770e+01 3.209460839323871539e+01
1.556295608912693440e+17 3.186403141752258605e+01 3.195394718295666081e+01 3.209917466050347201e+01
1.560426234544391360e+17 3.186596754867851189e+01 3.195699537186094119e+01 3.210360401204831504e+01
1.564567823432691520e+17 3.186790367983443417e+01 3.196008520419216481e+01 3.210789209134136968e+01
1.568720404675593280e+17 3.186983981099034935e+01 3.196317503652338132e+01 3.211218017063439589e+01
1.572884007448364480e+17 3.187177594214627163e+01 3.196626486885460139e+01 3.211646774160308837e+01
1.577058661003670400e+17 3.187371207330219036e+01 3.196935470118582145e+01 3.212070563933711753e+01
1.581244394671815680e+17 3.187564820445811264e+01 3.197244453351703442e+01 3.212507080909153245e+01
1.585441237860992000e+17 3.187758433561403137e+01 3.197553436584825803e+01 3.212954498792709757e+01
1.589649220057404480e+17 3.187952046676995366e+01 3.197862419817948165e+01 3.213401916676266268e+01
1.593868370825532480e+17 3.188145659792587594e+01 3.198171403051070527e+01 3.213849334559822779e+01
1.598098719808309440e+17 3.188339272908179467e+01 3.198480386284191468e+01 3.214296752443377869e+01
1.602340296727385920e+17 3.188532886023771695e+01 3.198792985056484284e+01 3.214744102299695783e+01
1.606593131383257280e+17 3.188726499139363924e+01 3.199121836144854569e+01 3.215189672432113355e+01
1.610857253655514880e+17 3.188920112254955441e+01 3.199452109560389346e+01 3.215634306136781362e+01
1.615132693503092800e+17 3.189113725370547670e+01 3.199782382975924833e+01 3.216078939841450790e+01
1.619419480964401920e+17 3.189314954598901508e+01 3.200112656391461030e+01 3.216523573546120218e+01
1.623717646157591680e+17 3.189518994449808531e+01 3.200442929806996517e+01 3.216968207250789646e+01
1.628027219280736320e+17 3.189723034300715199e+01 3.200773203222530583e+01 3.217412840955457654e+01
1.632348230612099840e+17 3.189927074151622932e+01 3.201103476638067491e+01 3.217857394147821282e+01
1.636680710510269120e+17 3.190131114002530310e+01 3.201432145255174788e+01 3.218298249219410678e+01
1.641024689414406400e+17 3.190335153853436623e+01 3.201759411408751532e+01 3.218736122528368782e+01
1.645380197844504960e+17 3.190539193704344356e+01 3.202088491809929849e+01 3.219173995837328306e+01
1.649747266401520960e+17 3.190743233555251734e+01 3.202419349715223973e+01 3.219611869146287120e+01
1.654125925767644160e+17 3.190947273406158757e+01 3.202743583693440144e+01 3.220049742455246644e+01
1.658516206706484800e+17 3.191144372772240345e+01 3.203067817671656314e+01 3.220487615764204747e+01
1.662918140063345280e+17 3.191336786197701514e+01 3.203392051649872485e+01 3.220925489073163561e+01
1.667331756765354880e+17 3.191529458695120525e+01 3.203716285628088656e+01 3.221362799807167931e+01
1.671757087821727680e+17 3.191722131192538825e+01 3.204040519606304116e+01 3.221797533137907266e+01
1.676194164324021120e+17 3.191914803689957836e+01 3.204364753584520997e+01 3.222232266468648731e+01
1.680643017446273920e+17 3.192107476187377202e+01 3.204688987562737168e+01 3.222666999799388776e+01
1.685103678445277760e+17 3.192300148684796213e+01 3.205013221540953339e+01 3.223101733130129531e+01
1.689576178660770880e+17 3.192496241720162331e+01 3.205339543961876103e+01 3.223536466460869576e+01
1.694060549515712960e+17 3.192695296859045229e+01 3.205669984849287601e+01 3.223971199791610331e+01
1.698556822516423360e+17 3.192894351997928126e+01 3.206000425736699810e+01 3.224405348341717570e+01
1.703065029252842560e+17 3.193093407136810669e+01 3.206334557649296357e+01 3.224837083248590375e+01
1.707585201398798400e+17 3.193292462275693566e+01 3.206679009127091717e+01 3.225267947975725491e+01
1.712117370712142080e+17 3.193491517414576464e+01 3.207023460604885656e+01 3.225698812702860607e+01
1.716661569035030080e+17 3.193690572553459361e+01 3.207356021071215935e+01 3.226129677429995724e+01
1.721217828294117440e+17 3.193889627692341548e+01 3.207675653385922487e+01 3.226560542157129419e+01
1.725786180500838720e+17 3.194088682831224446e+01 3.207995285700629040e+01 3.226991406884264535e+01
1.730366657751550400e+17 3.194287737970107344e+01 3.208314918015336303e+01 3.227422271611399651e+01
1.734959292227795840e+17 3.194486793108989531e+01 3.208647670400713992e+01 3.227852023534953219e+01
1.739564116196576320e+17 3.194685848247872784e+01 3.208989549787679607e+01 3.228279592962498157e+01
1.744181162010490560e+17 3.194890974606692424e+01 3.209331877444206071e+01 3.228707162390042384e+01
1.748810462108020800e+17 3.195098290925871609e+01 3.209679111626461179e+01 3.229134731817587323e+01
1.753452049013730560e+17 3.195305607245049728e+01 3.210029200111343073e+01 3.229562301245130840e+01
1.758105955338551040e+17 3.195510592546856188e+01 3.210377807889975088e+01 3.229989870672675067e+01
1.762772213779925440e+17 3.195706677445209820e+01 3.210715409713689183e+01 3.230417440100219295e+01
1.767450857122078720e+17 3.195904759627730130e+01 3.211053011537403279e+01 3.230844980909903086e+01
1.772141918236294400e+17 3.196102841810251149e+01 3.211374609609276831e+01 3.231269861794178411e+01
1.776845430081057280e+17 3.196301143324766159e+01 3.211707982894873226e+01 3.231694112586212242e+01
1.781561425702342720e+17 3.196500785649163490e+01 3.212045645033592223e+01 3.232118363378246784e+01
1.786289938233820800e+17 3.196712705427961865e+01 3.212383307172311220e+01 3.232542614170279904e+01
1.791031000897145920e+17 3.196926926033461669e+01 3.212725657250303612e+01 3.233014022101329488e+01
1.795784647002104000e+17 3.197142734607771075e+01 3.213079694611343484e+01 3.233438695880664682e+01
1.800550909946890240e+17 3.197358543182079771e+01 3.213433731972382645e+01 3.233858962416586991e+01
1.805329823218386240e+17 3.197574351756389177e+01 3.213783523685533794e+01 3.234272308753369174e+01
1.810121420392309120e+17 3.197790160330698583e+01 3.214126042670343963e+01 3.234683426951403362e+01
1.814925735133504960e+17 3.198005968905007990e+01 3.214468561655154843e+01 3.235101697167137047e+01
1.819742801196157120e+17 3.198221777479317041e+01 3.214811080639963592e+01 3.235523644291575351e+01
1.824572652424080320e+17 3.198437586053626447e+01 3.215150441102927914e+01 3.235945591416014366e+01
1.829415322750872320e+17 3.198653394627935853e+01 3.215486918308080533e+01 3.236367538540454092e+01
1.834270846200194240e+17 3.198871925532064964e+01 3.215823395513231731e+01 3.236790246226802026e+01
1.839139256886056640e+17 3.199096807445723556e+01 3.216159872718384349e+01 3.237229632723113326e+01
1.844020589012967040e+17 3.199322056624830779e+01 3.216488427261690219e+01 3.237667264447781434e+01
1.848914876876233280e+17 3.199549269348135994e+01 3.216820795156332480e+01 3.238131623271877402e+01
1.853822154862171200e+17 3.199776482071440142e+01 3.217154183810626478e+01 3.238558143912586473e+01
1.858742457448408640e+17 3.200008986393643795e+01 3.217487572464922607e+01 3.239005731250856712e+01
1.863675819204036800e+17 3.200244850677695041e+01 3.217820961119217316e+01 3.239454755985885015e+01
1.868622274789897280e+17 3.200480714961744155e+01 3.218155366697587283e+01 3.239903780720912607e+01
1.873581858958872320e+17 3.200716579245794691e+01 3.218507327180081035e+01 3.240352833169422553e+01
1.878554606556037760e+17 3.200952443529844516e+01 3.218867573899547097e+01 3.240805326997647740e+01
1.883540552518968320e+17 3.201188307813895051e+01 3.219227820619013869e+01 3.241276528204323881e+01
1.888539731877952000e+17 3.201412504941318815e+01 3.219588067338479220e+01 3.241747729410997891e+01
1.893552179756299200e+17 3.201629149122549478e+01 3.219943640273989161e+01 3.242218930617674744e+01
1.898577931370495040e+17 3.201845793303780141e+01 3.220290548460766900e+01 3.242690131824350175e+01
1.903617022030510400e+17 3.202063912335626839e+01 3.220648462732037842e+01 3.243161333031026317e+01
1.908669487140018240e+17 3.202287731951936678e+01 3.221006377003308074e+01 3.243632638384323741e+01
1.913735362196704000e+17 3.202511551568246517e+01 3.221365501073088922e+01 3.244103566859432419e+01
1.918814682792422720e+17 3.202735371184556357e+01 3.221729105880321953e+01 3.244567616079191907e+01
1.923907484613494080e+17 3.202967709600918056e+01 3.222092710687554273e+01 3.245025470480607055e+01
1.929013803441002880e+17 3.203200358614133592e+01 3.222456315494788015e+01 3.245483324882022913e+01
1.934133675150953600e+17 3.203433007627348417e+01 3.222805589171696994e+01 3.245941179283439482e+01
1.939267135714570880e+17 3.203657778549052892e+01 3.223146203828626710e+01 3.246399033684854629e+01
1.944414221198599680e+17 3.203881888318584004e+01 3.223470835780059929e+01 3.246856741247597000e+01
1.949574967765463360e+17 3.204105998088115825e+01 3.223793388422441097e+01 3.247313452301661130e+01
1.954749411673581120e+17 3.204330107857646937e+01 3.224146790863076717e+01 3.247769769809261931e+01
1.959937589277591360e+17 3.204554217627177337e+01 3.224492997800993521e+01 3.248226087316860600e+01
1.965139537028671040e+17 3.204778327396709159e+01 3.224842479004932727e+01 3.248682404824461400e+01
1.970355291474694720e+17 3.205003301446564734e+01 3.225192072169753033e+01 3.249138722332061491e+01
1.975584889260557120e+17 3.205228948057986571e+01 3.225541665334573338e+01 3.249572930798278492e+01
1.980828367128396800e+17 3.205461652176063581e+01 3.225891258499393643e+01 3.249990665444971683e+01
1.986085761917919680e+17 3.205694569028863583e+01 3.226240851664213949e+01 3.250407016444437147e+01
1.991357110566561280e+17 3.205927485881662875e+01 3.226619591201676940e+01 3.250828703177990775e+01
1.996642450109793280e+17 3.206160402734462167e+01 3.226996219446974123e+01 3.251290250992428099e+01
2.001941817681434880e+17 3.206393319587262170e+01 3.227371873602832864e+01 3.251751798806866844e+01
2.007255250513813120e+17 3.206628097949828771e+01 3.227743263666064877e+01 3.252210404498165275e+01
2.012582785938092480e+17 3.206866644309465642e+01 3.228114007265568830e+01 3.252631813221821488e+01
2.017924461384502400e+17 3.207105190669101802e+01 3.228485360906921642e+01 3.253053221945476281e+01
2.023280314382666560e+17 3.207343737028738673e+01 3.228856714548275875e+01 3.253509494670380064e+01
2.028650382561769280e+17 3.207582283388375544e+01 3.229228068189628686e+01 3.254012366609963891e+01
2.034034703650866240e+17 3.207820829748011704e+01 3.229599421830981498e+01 3.254515238549547007e+01
2.039433315479202240e+17 3.208059948753379587e+01 3.229970775472335021e+01 3.255018110489130834e+01
2.044846255976376000e+17 3.208300186448104085e+01 3.230362220996937594e+01 3.255504887469361819e+01
2.050273563172673280e+17 3.208544145308897555e+01 3.230752697645058191e+01 3.255980149874865504e+01
2.055715275199300480e+17 3.208793336596894363e+01 3.231137724283858148e+01 3.256454403761856753e+01
2.061171430288720960e+17 3.209042527884891882e+01 3.231525432046092305e+01 3.256921735645858007e+01
2.066642066774820480e+17 3.209291719172889401e+01 3.231913139808327173e+01 3.257388672301856047e+01
2.072127223093228800e+17 3.209540910460885499e+01 3.232300847570560620e+01 3.257855608957852667e+01
2.077626937781640640e+17 3.209790101748882307e+01 3.232688555332795488e+01 3.258322545613850707e+01
2.083141249479983680e+17 3.210039293036879826e+01 3.233076263095030356e+01 3.258785070955995877e+01
2.088670196930758400e+17 3.210288484324877345e+01 3.233463970857264513e+01 3.259226940938619066e+01
2.094213818979275520e+17 3.210537675612874153e+01 3.233834929661051660e+01 3.259654749137412466e+01
2.099772154573999680e+17 3.210786866900871672e+01 3.234190785648218025e+01 3.260080502034964667e+01
2.105345242766716800e+17 3.211036058188868481e+01 3.234549483646121359e+01 3.260504661542300653e+01
2.110933122712863040e+17 3.211285249476865289e+01 3.234908181644023273e+01 3.260928821049635218e+01
2.116535833671849920e+17 3.211535071706477140e+01 3.235266879641926607e+01 3.261351575555184468e+01
2.122153415007236480e+17 3.211791673281742732e+01 3.235625577639829942e+01 3.261774208226594851e+01
2.127785906187076480e+17 3.212052555933662745e+01 3.235966226884283969e+01 3.262196840898006656e+01
2.133433346784159040e+17 3.212313438585582048e+01 3.236324300696644940e+01 3.262619473569416328e+01
2.139095776476357760e+17 3.212574321237502062e+01 3.236688309008354025e+01 3.263058904349011158e+01
2.144773235046804800e+17 3.212835203889422075e+01 3.237016428831033465e+01 3.263515299355812260e+01
2.150465762384221120e+17 3.213096086541340668e+01 3.237344531934928682e+01 3.263971626047902674e+01
2.156173398483251840e+17 3.213356969193260682e+01 3.237673337530944195e+01 3.264427952739993799e+01
2.161896183444640320e+17 3.213617851845181406e+01 3.238002271269479593e+01 3.264884279432085634e+01
2.167634157475579840e+17 3.213878734497101419e+01 3.238331205008014990e+01 3.265340606124177469e+01
2.173387360889962560e+17 3.214139617149020012e+01 3.238668034210019187e+01 3.265796932816267883e+01
2.179155834108731520e+17 3.214400499800940025e+01 3.239037193795385861e+01 3.266252956247975447e+01
2.184939617660059840e+17 3.214661382452860039e+01 3.239406353380751113e+01 3.266700271080378570e+01
2.190738752179687680e+17 3.214924297291268118e+01 3.239753746943473800e+01 3.267147295772839755e+01
2.196553278411262400e+17 3.215194330309509496e+01 3.240080509019087174e+01 3.267594320465301649e+01
2.202383237206516480e+17 3.215464363327751585e+01 3.240407271094700548e+01 3.268041345157762834e+01
2.208228669525626560e+17 3.215734396345992252e+01 3.240734416437128118e+01 3.268488369850225439e+01
2.214089616437464960e+17 3.216004429364232919e+01 3.241077629266612803e+01 3.268935183232406416e+01
2.219966119119961600e+17 3.216274462382474297e+01 3.241439648991272549e+01 3.269362187975950462e+01
2.225858218860283200e+17 3.216544495400716386e+01 3.241801668715932294e+01 3.269755421430873810e+01
2.231765957055178560e+17 3.216814528418956343e+01 3.242163688440591329e+01 3.270147658490400744e+01
2.237689375211324160e+17 3.217084561437197721e+01 3.242548671924930659e+01 3.270539895549929810e+01
2.243628514945505920e+17 3.217354594455439099e+01 3.242953674839574063e+01 3.270932132609458165e+01
2.249583417984985280e+17 3.217624627473681187e+01 3.243358677754217467e+01 3.271324369668985810e+01
2.255554126167754560e+17 3.217894660491921144e+01 3.243763796653895781e+01 3.271735923335657503e+01
2.261540681442905600e+17 3.218167667464514636e+01 3.244172849081598287e+01 3.272142871481048587e+01
2.267543125870813440e+17 3.218446795367281510e+01 3.244543257728960839e+01 3.272549807707921588e+01
2.273561501623488000e+17 3.218725923270046962e+01 3.244933108820941925e+01 3.273008309453027920e+01
2.279595850984923840e+17 3.219005051172813126e+01 3.245329594534868534e+01 3.273512850889606085e+01
2.285646216351288320e+17 3.219284179075579999e+01 3.245759895898580538e+01 3.274007660234449446e+01
2.291712640231292800e+17 3.219563306978346162e+01 3.246190197262292543e+01 3.274498347783879382e+01
2.297795165246453760e+17 3.219842434881111615e+01 3.246620498626002416e+01 3.274928695224265596e+01
2.303893834131467200e+17 3.220121562783878488e+01 3.247051773041224720e+01 3.275336633263786013e+01
2.310008689734396480e+17 3.220400690686644651e+01 3.247488265281074860e+01 3.275744481143950537e+01
2.316139775017030400e+17 3.220679818589410104e+01 3.247924757520923578e+01 3.276150369123470796e+01
2.322287133055240640e+17 3.220958946492176977e+01 3.248361249760773717e+01 3.276542291800073059e+01
2.328450807039171200e+17 3.221238074394943141e+01 3.248797742000623145e+01 3.276930588605324601e+01
2.334630840273617920e+17 3.221524587336860890e+01 3.249186314115197405e+01 3.277336961081125821e+01
2.340827276178294400e+17 3.221812733241462468e+01 3.249569099304214603e+01 3.277795924413810980e+01
2.347040158288213760e+17 3.222100879146066177e+01 3.249945989452977813e+01 3.278254887746496848e+01
2.353269530253879680e+17 3.222389025050669176e+01 3.250303731578716082e+01 3.278713851079182717e+01
2.359515435841650240e+17 3.222677170955271464e+01 3.250662248505150842e+01 3.279172261539633126e+01
2.365777918934103360e+17 3.222965316859874463e+01 3.251020765431587733e+01 3.279628263963076762e+01
2.372057023530229120e+17 3.223253462764478172e+01 3.251379282358023204e+01 3.280084266386521108e+01
2.378352793745817280e+17 3.223541608669080460e+01 3.251783897814846114e+01 3.280535637998489307e+01
2.384665273813727040e+17 3.223829754573683459e+01 3.252189962258061939e+01 3.280942336354388544e+01
2.390994508084275840e+17 3.224117900478286458e+01 3.252584452473867316e+01 3.281349034710288493e+01
2.397340541025435520e+17 3.224406046382889457e+01 3.252973578158105283e+01 3.281755733066187730e+01
2.403703417223201280e+17 3.224700172454895153e+01 3.253362703842341830e+01 3.282162340492391905e+01
2.410083181381964800e+17 3.224997238211763317e+01 3.253751269826431525e+01 3.282591210114951963e+01
2.416479878324710400e+17 3.225294303968630061e+01 3.254114486722205868e+01 3.283093928842948372e+01
2.422893552993409280e+17 3.225591369725497515e+01 3.254477703617980922e+01 3.283596647570945493e+01
2.429324250449294080e+17 3.225888435482364258e+01 3.254840920513754554e+01 3.284094701127066429e+01
2.435772015873256320e+17 3.226185501239232423e+01 3.255204137409529608e+01 3.284586124516209082e+01
2.442236894566043840e+17 3.226482566996099877e+01 3.255567354305303951e+01 3.285018798676459539e+01
2.448718931948639680e+17 3.226779632752965910e+01 3.255930571201078294e+01 3.285423986534391361e+01
2.455218173562640000e+17 3.227076698509833363e+01 3.256277564372393840e+01 3.285812650050832673e+01
2.461734665070454400e+17 3.227373764266701528e+01 3.256640215119317361e+01 3.286200232464626936e+01
2.468268452255707520e+17 3.227670830023568982e+01 3.257004701562524218e+01 3.286587814878421199e+01
2.474819581023519680e+17 3.227975430100050147e+01 3.257369487154906551e+01 3.286975397292214041e+01
2.481388097400910080e+17 3.228281296535575962e+01 3.257734272747289594e+01 3.287362979706008304e+01
2.487974047536999680e+17 3.228587162971102487e+01 3.258099058339674059e+01 3.287750562119802566e+01
2.494577477703395840e+17 3.228893029406628301e+01 3.258463843932056392e+01 3.288138144533596119e+01
2.501198434294577920e+17 3.229198895842154826e+01 3.258828629524440146e+01 3.288525600693847650e+01
2.507836963828101760e+17 3.229504762277681351e+01 3.259193415116823900e+01 3.288911683264299057e+01
2.514493112945007040e+17 3.229810628713207876e+01 3.259558200709207654e+01 3.289310800008032487e+01
2.521166928410105600e+17 3.230116495148733691e+01 3.259923393052024210e+01 3.289742809228324205e+01
2.527858457112391040e+17 3.230422361584260216e+01 3.260291839152457527e+01 3.290174818448616634e+01
2.534567746065245120e+17 3.230728228019786741e+01 3.260728724717759519e+01 3.290606827668909773e+01
2.541294842406829120e+17 3.231037776873712630e+01 3.261165610283060801e+01 3.291038836889200780e+01
2.548039793400478080e+17 3.231351673517790601e+01 3.261601954103086598e+01 3.291470846109493920e+01
2.554802646434908800e+17 3.231666200783669751e+01 3.261982185531520173e+01 3.291902727076830359e+01
2.561583449024634560e+17 3.231980728049549612e+01 3.262361963703963141e+01 3.292332833759394362e+01
2.568382248810257600e+17 3.232295255315427340e+01 3.262741741876403978e+01 3.292762669102612705e+01
2.575199093558888640e+17 3.232609782581307201e+01 3.263086609172719932e+01 3.293192504445833180e+01
2.582034031164355200e+17 3.232924309847187061e+01 3.263465974227008815e+01 3.293622339789052234e+01
2.588887109647601920e+17 3.233238837113064790e+01 3.263874927585543162e+01 3.294035756566390205e+01
2.595758377157091200e+17 3.233553364378944650e+01 3.264264481072198976e+01 3.294439216781670865e+01
2.602647881969015040e+17 3.233867891644824510e+01 3.264645382519614003e+01 3.294842676996951525e+01
2.609555672487717760e+17 3.234184619372739178e+01 3.265033997024420387e+01 3.295245500899957136e+01
2.616481797245994240e+17 3.234506614334605246e+01 3.265446358821437656e+01 3.295645477203980533e+01
2.623426304905516800e+17 3.234829642360448076e+01 3.265858720618456346e+01 3.296045453508005352e+01
2.630389244257048000e+17 3.235152670386290907e+01 3.266271196459997839e+01 3.296445429812030170e+01
2.637370664220848000e+17 3.235475698412132317e+01 3.266687229842009543e+01 3.296845406116053567e+01
2.644370613847082560e+17 3.235798726437975148e+01 3.267126054700257498e+01 3.297245382420078386e+01
2.651389142316039360e+17 3.236121754463817979e+01 3.267559756118436098e+01 3.297645358724103204e+01
2.658426298938557760e+17 3.236444782489660810e+01 3.267951968780197092e+01 3.298045320330979280e+01
2.665482133156334400e+17 3.236767810515502930e+01 3.268360123490198532e+01 3.298444967970305441e+01
2.672556694542355840e+17 3.237074776457647118e+01 3.268738875154117807e+01 3.298841410113575989e+01
2.679650032801117120e+17 3.237361205194716263e+01 3.269121736669642786e+01 3.299237852256846537e+01
2.686762197769035840e+17 3.237651253566041021e+01 3.269512302153679428e+01 3.299634294400116374e+01
2.693893239414867840e+17 3.237942347153909139e+01 3.269903423528585051e+01 3.300030736543386922e+01
2.701043207839927680e+17 3.238233440741776548e+01 3.270294544903489964e+01 3.300427178686657470e+01
2.708212153278527360e+17 3.238524534329644666e+01 3.270712939348003090e+01 3.300823620829928728e+01
2.715400126098285760e+17 3.238815627917511364e+01 3.271134232096933658e+01 3.301219870157614622e+01
2.722607176800570880e+17 3.239106721505378061e+01 3.271555524845865648e+01 3.301615992481323048e+01
2.729833356020721920e+17 3.239397815093245470e+01 3.271942228363612060e+01 3.302009584662376085e+01
2.737078714528471360e+17 3.239720021117245352e+01 3.272296830836480552e+01 3.302402446173033468e+01
2.744343303228368320e+17 3.240045648370417553e+01 3.272669501182818408e+01 3.302795307683692982e+01
2.751627173160002560e+17 3.240377855683139074e+01 3.273083712130247136e+01 3.303188169194351076e+01
2.758930375498453120e+17 3.240714108214505274e+01 3.273497949577723887e+01 3.303581030705009880e+01
2.766252961554601280e+17 3.241055292309266633e+01 3.273881730823341485e+01 3.303973852193809790e+01
2.773594982775583040e+17 3.241395780170500984e+01 3.274241695716553124e+01 3.304366383598214441e+01
2.780956490745014400e+17 3.241724999794968198e+01 3.274656991868481271e+01 3.304748764533965755e+01
2.788337537183421120e+17 3.242053591538536494e+01 3.275073796223937705e+01 3.305128311635242255e+01
2.795738173948670400e+17 3.242382183282106212e+01 3.275516314397290785e+01 3.305506093683673186e+01
2.803158453036200000e+17 3.242654448159006364e+01 3.275969807187162530e+01 3.305883875732103405e+01
2.810598426579472960e+17 3.242916170498782691e+01 3.276426290293161969e+01 3.306261657780535046e+01
2.818058146850298880e+17 3.243177892838557597e+01 3.276881859596976199e+01 3.306639439828963845e+01
2.825537666259293120e+17 3.243439615178333923e+01 3.277326973016995737e+01 3.307017221877394775e+01
2.833037037356107200e+17 3.243703455932363511e+01 3.277761056767877790e+01 3.307394806624540706e+01
2.840556312829866880e+17 3.243978059050201068e+01 3.278195140518757000e+01 3.307771739937253130e+01
2.848095545509610560e+17 3.244282337576550646e+01 3.278634106997028397e+01 3.308148447370781042e+01
2.855654788364524480e+17 3.244619600415893501e+01 3.279044228469375355e+01 3.308522058064838234e+01
2.863234094504403840e+17 3.244956863255234936e+01 3.279455296869142700e+01 3.308895668758894715e+01
2.870833517179982720e+17 3.245294136089234627e+01 3.279859828694624468e+01 3.309269279452949775e+01
2.878453109783399680e+17 3.245642974335780906e+01 3.280320011609567388e+01 3.309642890147006966e+01
2.886092925848433280e+17 3.245991812582326475e+01 3.280780194524510307e+01 3.310016500841063447e+01
2.893753019050947200e+17 3.246340650828870622e+01 3.281189695744051704e+01 3.310390111535119217e+01
2.901433443209341440e+17 3.246689489075416901e+01 3.281605982398572507e+01 3.310763722229175698e+01
2.909134252284784000e+17 3.247040470524391509e+01 3.282051360705587228e+01 3.311136551806813344e+01
2.916855500381688320e+17 3.247396562677873533e+01 3.282458008240244851e+01 3.311507357728304157e+01
2.924597241748044800e+17 3.247753528727225358e+01 3.282873805841173009e+01 3.311876774673954316e+01
2.932359530775896960e+17 3.248110494776577895e+01 3.283274799289698365e+01 3.312246191619605895e+01
2.940142422001580800e+17 3.248467460825929720e+01 3.283647990386728566e+01 3.312644341376088875e+01
2.947945970106179200e+17 3.248824426875281546e+01 3.283993662477999464e+01 3.313114819498805730e+01
2.955770229915977600e+17 3.249181392924634082e+01 3.284339334569270363e+01 3.313575563835609472e+01
2.963615256402707200e+17 3.249538358973986618e+01 3.284726813977074755e+01 3.313938132966403316e+01
2.971481104684024320e+17 3.249895325023339154e+01 3.285122804674494290e+01 3.314300592740318052e+01
2.979367830023853440e+17 3.250241377474515758e+01 3.285490507801366533e+01 3.314660574968543472e+01
2.987275487832867840e+17 3.250579599934342667e+01 3.285858188235910404e+01 3.315017997009174167e+01
2.995204133668736000e+17 3.250918958464976782e+01 3.286225940489124753e+01 3.315375419049805572e+01
3.003153823236584320e+17 3.251258316995610187e+01 3.286593692742337680e+01 3.315732841090435556e+01
3.011124612389462400e+17 3.251597675526244302e+01 3.286961444995552029e+01 3.316133539138339614e+01
3.019116557128586880e+17 3.251937034056878417e+01 3.287329197248767088e+01 3.316552083887855673e+01
3.027129713603834880e+17 3.252276392587511822e+01 3.287696949501982147e+01 3.316960639207649564e+01
3.035164138114088320e+17 3.252615751118145226e+01 3.288066827369213030e+01 3.317368664571795023e+01
3.043219887107728640e+17 3.252955109648779342e+01 3.288413138898260968e+01 3.317776634231272226e+01
3.051297017182883200e+17 3.253294468179413457e+01 3.288759358051308368e+01 3.318182685665251341e+01
3.059395585087900800e+17 3.253638281465865845e+01 3.289112864839171380e+01 3.318588737099229036e+01
3.067515647721822080e+17 3.253984373992130941e+01 3.289509544424888787e+01 3.318994788533208151e+01
3.075657262134631040e+17 3.254330485147277585e+01 3.289948366860265594e+01 3.319400839967186556e+01
3.083820485527754240e+17 3.254676596302423519e+01 3.290430583022400413e+01 3.319806891401165672e+01
3.092005375254415360e+17 3.255022707457568742e+01 3.290889160842540662e+01 3.320212942835144077e+01
3.100211988820135680e+17 3.255368818612715387e+01 3.291323181984770230e+01 3.320618994269123192e+01
3.108440383882988800e+17 3.255714929767861321e+01 3.291753826789717152e+01 3.321023644693069343e+01
3.116690618254081920e+17 3.256061040923006544e+01 3.292213366937300378e+01 3.321426821546239694e+01
3.124962749898035840e+17 3.256407152078152478e+01 3.292676496187883828e+01 3.321793012001573686e+01
3.133256836933241600e+17 3.256755799927878314e+01 3.293106069870964348e+01 3.322135868094907352e+01
3.141572937632369920e+17 3.257108538432512290e+01 3.293535643554044157e+01 3.322478724188240307e+01
3.149911110422730240e+17 3.257461276937145556e+01 3.293965217237122545e+01 3.322821580281571840e+01
3.158271413886782720e+17 3.257797278099135951e+01 3.294394790920203064e+01 3.323164436374905506e+01
3.166653906762396160e+17 3.258146014823588388e+01 3.294743265683635514e+01 3.323507292468238461e+01
3.175058647943338880e+17 3.258507851360387519e+01 3.295080647091241843e+01 3.323849916807245819e+01
3.183485696479768320e+17 3.258853245203563631e+01 3.295433228332977649e+01 3.324192060948651317e+01
3.191935111578491520e+17 3.259198639046739743e+01 3.295873536111324142e+01 3.324563740610930296e+01
3.200406952603484160e+17 3.259544032889915854e+01 3.296359899842329355e+01 3.324972014837361911e+01
3.208901279076257280e+17 3.259890760711875402e+01 3.296776678778653036e+01 3.325380289063792105e+01
3.217418150676378240e+17 3.260242033994281030e+01 3.297185460991351391e+01 3.325788563290223721e+01
3.225957627241732480e+17 3.260593527659212043e+01 3.297537879042937448e+01 3.326196837516655336e+01
3.234519768769025920e+17 3.260945021324142346e+01 3.297890297094522793e+01 3.326605111743086951e+01
3.243104635414280320e+17 3.261296514989072648e+01 3.298270066333317629e+01 3.327013061470642441e+01
3.251712287493104000e+17 3.261620404759070624e+01 3.298648878286387287e+01 3.327420848781065388e+01
3.260342785481214080e+17 3.261943803650308382e+01 3.298969328487845587e+01 3.327827034924928995e+01
3.268996190014815360e+17 3.262269114285720661e+01 3.299299249703528147e+01 3.328233221068792602e+01
3.277672561891127680e+17 3.262594424921134362e+01 3.299651368274031427e+01 3.328639407212656209e+01
3.286371962068655360e+17 3.262919735556547352e+01 3.300003486844533995e+01 3.329045593356520527e+01
3.295094451667695360e+17 3.263247605657720385e+01 3.300358713271192812e+01 3.329451779500384134e+01
3.303840091970846720e+17 3.263614309617416609e+01 3.300763151029801890e+01 3.329857943715840918e+01
3.312608944423280640e+17 3.263988959128022316e+01 3.301201628773030450e+01 3.330263749481692770e+01
3.321401070633279360e+17 3.264363608638626602e+01 3.301647164640498033e+01 3.330669306943848085e+01
3.330216532372613760e+17 3.264741227853840400e+01 3.302112717757094629e+01 3.331064284017833188e+01
3.339055391577089280e+17 3.265128790938344849e+01 3.302509609005393543e+01 3.331455632586259696e+01
3.347917710346814720e+17 3.265516354022850010e+01 3.302843070500578904e+01 3.331848447707329797e+01
3.356803550946720000e+17 3.265903917107352328e+01 3.303208623878509798e+01 3.332312229864953679e+01
3.365712975807079680e+17 3.266292205265824578e+01 3.303586748785474470e+01 3.332776012022578271e+01
3.374646047523783040e+17 3.266685633464384608e+01 3.303967447340933461e+01 3.333239794180203575e+01
3.383602828858884480e+17 3.267079314360456266e+01 3.304348145896393873e+01 3.333640858366686643e+01
3.392583382740992000e+17 3.267472995256527213e+01 3.304728604855300489e+01 3.333985243229930262e+01
3.401587772265815680e+17 3.267855556717513821e+01 3.305108202982538046e+01 3.334328438647929005e+01
3.410616060696448640e+17 3.268238870574904098e+01 3.305487192777529515e+01 3.334655677678126295e+01
3.419668311463893120e+17 3.268645441661490736e+01 3.305866182572519563e+01 3.335043594277922097e+01
3.428744588167588480e+17 3.269032263854674625e+01 3.306258389450825064e+01 3.335434901506105376e+01
3.437844954575694080e+17 3.269419086047857803e+01 3.306645578898957183e+01 3.335826208734287945e+01
3.446969474625644800e+17 3.269810675661410215e+01 3.307044116206917295e+01 3.336217515962470515e+01
3.456118212424546560e+17 3.270202982990311114e+01 3.307442653514877406e+01 3.336608823190652373e+01
3.465291232249741440e+17 3.270595290319213433e+01 3.307841190822837518e+01 3.336999469672954177e+01
3.474488598549084160e+17 3.270987597648116463e+01 3.308208352592573931e+01 3.337388206175300098e+01
3.483710375941485440e+17 3.271379904977017361e+01 3.308573446599913837e+01 3.337744403053287812e+01
3.492956629217448960e+17 3.271772212305919680e+01 3.308938540607255163e+01 3.338085364931442456e+01
3.502227423339354240e+17 3.272164519634822710e+01 3.309300320241911209e+01 3.338426326809597811e+01
3.511522823442030080e+17 3.272556826963725030e+01 3.309729592199857962e+01 3.338841674896341516e+01
3.520842894833153280e+17 3.272952578728191497e+01 3.310158864157803293e+01 3.339275830664008282e+01
3.530187702993821440e+17 3.273350039576181558e+01 3.310551992128737453e+01 3.339648108259501669e+01
3.539557313578843520e+17 3.273722034155496630e+01 3.310928527480874095e+01 3.339984547022092443e+01
3.548951792417283200e+17 3.274069186134775578e+01 3.311330294190659629e+01 3.340318644522509572e+01
3.558371205513013120e+17 3.274416338114055947e+01 3.311732865914440538e+01 3.340642441075330993e+01
3.567815619045000960e+17 3.274763490093335605e+01 3.312135437638221447e+01 3.340957705462274419e+01
3.577285099367891840e+17 3.275110642072615974e+01 3.312538009362003066e+01 3.341272969849218555e+01
3.586779713012415360e+17 3.275460271632853448e+01 3.312994739607239580e+01 3.341588234236161270e+01
3.596299526685971840e+17 3.275787372296027655e+01 3.313474552555170760e+01 3.341924401214674134e+01
3.605844607272924800e+17 3.276154847678252935e+01 3.313898749295672985e+01 3.342310026397313294e+01
3.615415021835156480e+17 3.276510025473515242e+01 3.314300868776378195e+01 3.342673455193422427e+01
3.625010837612631040e+17 3.276889606816694567e+01 3.314615829377794398e+01 3.343018198769609484e+01
3.634632122023686400e+17 3.277269188159873892e+01 3.314956911085715063e+01 3.343362491875768683e+01
3.644278942665629440e+17 3.277648769503052506e+01 3.315330816006749615e+01 3.343715831992686560e+01
3.653951367315148160e+17 3.278028350846231120e+01 3.315668953124229290e+01 3.344087841577245257e+01
3.663649463928910720e+17 3.278407932189409735e+01 3.316007090241708966e+01 3.344459851161805375e+01
3.673373300643861120e+17 3.278787513532589770e+01 3.316351029507952575e+01 3.344831860746366203e+01
3.683122945777788160e+17 3.279168392236035601e+01 3.316775507928721822e+01 3.345203623284030670e+01
3.692898467829896320e+17 3.279552845304487363e+01 3.317209250047891800e+01 3.345568616985453758e+01
3.702699935481105280e+17 3.279937559030150140e+01 3.317699330299387839e+01 3.345933610686877557e+01
3.712527417594654720e+17 3.280322272755812918e+01 3.318187666645791722e+01 3.346298604388300646e+01
3.722380983216525440e+17 3.280706986481473564e+01 3.318676002992194185e+01 3.346661494057457986e+01
3.732260701576048000e+17 3.281091700207136341e+01 3.319140686029231091e+01 3.347019863909643789e+01
3.742166642086206080e+17 3.281476413932798408e+01 3.319553677835745020e+01 3.347425438824624422e+01
3.752098874344213760e+17 3.281861127658459765e+01 3.319948346823192509e+01 3.347783087200053131e+01
3.762057468132099200e+17 3.282246150273466867e+01 3.320328200464020085e+01 3.348128665044121277e+01
3.772042493417009280e+17 3.282635363943833795e+01 3.320708054104848372e+01 3.348519576672514120e+01
3.782054020351823360e+17 3.283030132305345461e+01 3.321110813741395873e+01 3.348863576315061152e+01
3.792092119275585920e+17 3.283429911034513538e+01 3.321497375034954302e+01 3.349198084725533420e+01
3.802156860714124800e+17 3.283829689763683035e+01 3.321883936328514153e+01 3.349566675046950337e+01
3.812248315380359040e+17 3.284229468492852533e+01 3.322315143521592518e+01 3.349931996834417447e+01
3.822366554174890240e+17 3.284629247222020609e+01 3.322711239821141049e+01 3.350293127661483084e+01
3.832511648186593280e+17 3.285029025951190107e+01 3.323066392215308440e+01 3.350654258488550141e+01
3.842683668692929280e+17 3.285428804680359605e+01 3.323436486731128525e+01 3.351011905525887613e+01
3.852882687160571520e+17 3.285832789958460864e+01 3.323819547744209046e+01 3.351360508456371434e+01
3.863108775245842560e+17 3.286237277088051201e+01 3.324221500591863787e+01 3.351709111386853834e+01
3.873362004795346560e+17 3.286642002673041674e+01 3.324622923603639890e+01 3.352057714317338366e+01
3.883642447846285440e+17 3.287015520352438358e+01 3.325008911097154396e+01 3.352406317247822187e+01
3.893950176627054720e+17 3.287388958118217630e+01 3.325412254288486480e+01 3.352754920178305298e+01
3.904285263557852160e+17 3.287762395883997613e+01 3.325755106552300333e+01 3.353101091023489033e+01
3.914647781250991360e+17 3.288135833649777595e+01 3.326097958816114897e+01 3.353447017607312119e+01
3.925037802511542400e+17 3.288509271415558288e+01 3.326440811079929460e+01 3.353837406181155956e+01
3.935455400337777280e+17 3.288884338299516941e+01 3.326799912130023529e+01 3.354166329517678236e+01
3.945900647921812480e+17 3.289261836822807794e+01 3.327176136128281314e+01 3.354503507449777544e+01
3.956373618649928960e+17 3.289639336208908560e+01 3.327551185904340514e+01 3.354856080274819874e+01
3.966874386103187200e+17 3.290016835595008615e+01 3.327937149198839961e+01 3.355200150123690150e+01
3.977403024058036480e+17 3.290434064996124874e+01 3.328386528980279024e+01 3.355544219972561137e+01
3.987959606486644480e+17 3.290851499508393374e+01 3.328782359314146788e+01 3.355923871111903622e+01
3.998544207557541760e+17 3.291268934020661874e+01 3.329175253568350712e+01 3.356386129065992918e+01
4.009156901636080640e+17 3.291686368532930373e+01 3.329568147822553925e+01 3.356752259238460567e+01
4.019797763285087360e+17 3.292077060467575222e+01 3.329961042076757849e+01 3.357101893790473213e+01
4.030466867265190400e+17 3.292464985185676341e+01 3.330353936330961773e+01 3.357439839085924405e+01
4.041164288535443200e+17 3.292853057263454986e+01 3.330720224194733703e+01 3.357767558530356666e+01
4.051890102253950080e+17 3.293241129341235052e+01 3.331055309328259284e+01 3.358095277974791060e+01
4.062644383778195200e+17 3.293629201419015118e+01 3.331390394461784865e+01 3.358422997419224743e+01
4.073427208665706240e+17 3.294017273496794473e+01 3.331780567870315224e+01 3.358750716863659136e+01
4.084238652674517120e+17 3.294405345574573829e+01 3.332159361598345981e+01 3.359078382837880383e+01
4.095078791763835520e+17 3.294793417652353185e+01 3.332512201482924752e+01 3.359405665295328447e+01
4.105947702094373760e+17 3.295182158090229763e+01 3.332953343707050209e+01 3.359819706561110308e+01
4.116845460028986240e+17 3.295573674377537543e+01 3.333417764032488151e+01 3.360291262686506286e+01
4.127772142133304320e+17 3.295965695751383606e+01 3.333842101322282758e+01 3.360762818811903685e+01
4.138727825176075520e+17 3.296357717125229669e+01 3.334241438735020324e+01 3.361137330332909556e+01
4.149712586129836800e+17 3.296749738499076443e+01 3.334577973757049563e+01 3.361496150847704456e+01
4.160726502171384960e+17 3.297144879875455814e+01 3.335000885936054260e+01 3.361838467993658952e+01
4.171769650682458240e+17 3.297546259217407538e+01 3.335338999639452595e+01 3.362174727773042093e+01
4.182842109250074880e+17 3.297947638559359262e+01 3.335671305254581398e+01 3.362510229222348102e+01
4.193943955667177600e+17 3.298349214343244284e+01 3.336028126361216550e+01 3.362843970084524869e+01
4.205075267933288320e+17 3.298753992051748440e+01 3.336348401567414612e+01 3.363176543365212012e+01
4.216236124254844800e+17 3.299159201335061198e+01 3.336705884378106646e+01 3.363509116645897734e+01
4.227426603045892480e+17 3.299564410618373955e+01 3.337087684034196400e+01 3.363841689926584877e+01
4.238646782928562560e+17 3.299969619901684581e+01 3.337440029123761320e+01 3.364174263207270599e+01
4.249896742733763840e+17 3.300374829184997338e+01 3.337830732766526864e+01 3.364506836487957031e+01
4.261176561501530240e+17 3.300780038468310806e+01 3.338246238706382485e+01 3.364839409768643463e+01
4.272486318481713280e+17 3.301185247751622853e+01 3.338661744646236684e+01 3.365171983049329896e+01
4.283826093134470400e+17 3.301605587832725064e+01 3.339040794639004162e+01 3.365504447563026957e+01
4.295195965130960640e+17 3.302045961050545486e+01 3.339399554883699750e+01 3.365835797191306966e+01
4.306596014353699200e+17 3.302486334268366619e+01 3.339787320452430208e+01 3.366165090819956163e+01
4.318026320897216640e+17 3.302926707486184910e+01 3.340217324714487290e+01 3.366494003228924470e+01
4.329486965068734720e+17 3.303367080704006042e+01 3.340562307081658844e+01 3.366822915637894198e+01
4.340978027388514560e+17 3.303807453921826465e+01 3.340931753231446066e+01 3.367151828046863216e+01
4.352499588590528640e+17 3.304247827139644755e+01 3.341339429487678103e+01 3.367480740455831523e+01
4.364051729623136000e+17 3.304688200357465888e+01 3.341720027247414748e+01 3.367809652864799830e+01
4.375634531649436800e+17 3.305131097854415145e+01 3.342078309530694469e+01 3.368138565273769558e+01
4.387248076047985920e+17 3.305574899836185665e+01 3.342436591813974189e+01 3.368467477682738576e+01
4.398892444413290240e+17 3.306018701817954764e+01 3.342779602471796352e+01 3.368831677129254132e+01
4.410567718556530560e+17 3.306462503799724573e+01 3.343100385293762145e+01 3.369293881037068417e+01
4.422273980505914880e+17 3.306875024572637756e+01 3.343483093575406428e+01 3.369754757567839931e+01
4.434011312507404800e+17 3.307282180873373534e+01 3.343825239760658974e+01 3.370124423128079627e+01
4.445779797025215360e+17 3.307689337174108601e+01 3.344145309452704851e+01 3.370486307086053301e+01
4.457579516742542720e+17 3.308097218677405493e+01 3.344467646308959985e+01 3.370956636177567844e+01
4.469410554561927680e+17 3.308506205500385278e+01 3.344799482815554370e+01 3.371426965269081677e+01
4.481272993605944320e+17 3.308915639409582354e+01 3.345140901999452865e+01 3.371897294360594799e+01
4.493166917217896960e+17 3.309325073318780142e+01 3.345482321183352070e+01 3.372366897599394520e+01
4.505092408962183680e+17 3.309734507227977929e+01 3.345823740367251276e+01 3.372834392522747038e+01
4.517049552624993920e+17 3.310143941137175005e+01 3.346165159551149770e+01 3.373301887446097425e+01
4.529038432215008000e+17 3.310553375046373503e+01 3.346519690137394321e+01 3.373769382369449232e+01
4.541059131963767680e+17 3.310962808955571290e+01 3.346895068546373864e+01 3.374236877292801040e+01
4.553111736326412800e+17 3.311373125613415880e+01 3.347226575412727101e+01 3.374704372216152848e+01
4.565196329982200320e+17 3.311784236376619361e+01 3.347535548658543547e+01 3.375171772603984266e+01
4.577312997835251840e+17 3.312117689593956271e+01 3.347879251574703119e+01 3.375636151123753592e+01
4.589461825014924160e+17 3.312442780221149263e+01 3.348271116529569724e+01 3.376080696123758429e+01
4.601642896876554880e+17 3.312767870848342255e+01 3.348656799195964595e+01 3.376525241123763976e+01
4.613856299001990400e+17 3.313092961475534537e+01 3.349096328565334346e+01 3.376969786123767392e+01
4.626102117200336640e+17 3.313418052102727529e+01 3.349488188157516788e+01 3.377406365853685344e+01
4.638380437508334080e+17 3.313783229306449130e+01 3.349821733976642690e+01 3.377769816364182276e+01
4.650691346191077760e+17 3.314179846794817763e+01 3.350155877609886090e+01 3.378120982117413718e+01
4.663034929742736000e+17 3.314577560266468481e+01 3.350577082752943880e+01 3.378456728876513182e+01
4.675411274886931200e+17 3.314976794275550986e+01 3.351009390319307357e+01 3.378790006413941427e+01
4.687820468577460480e+17 3.315376070389282859e+01 3.351411488086011303e+01 3.379086281690312177e+01
4.700262597999025280e+17 3.315775346503015442e+01 3.351792944932186202e+01 3.379366922476051371e+01
4.712737750567610880e+17 3.316174622616748024e+01 3.352182507733959937e+01 3.379647563261790566e+01
4.725246013931256960e+17 3.316573898730482028e+01 3.352592534580244887e+01 3.379928204047529761e+01
4.737787475970592000e+17 3.316973174844213190e+01 3.352969841814568497e+01 3.380208844833267534e+01
4.750362224799610880e+17 3.317372450957945773e+01 3.353299068473833699e+01 3.380598275091742977e+01
4.762970348766056960e+17 3.317773364164504102e+01 3.353627831625216515e+01 3.381028588733359896e+01
4.775611936452200960e+17 3.318174988936916492e+01 3.353956594776598621e+01 3.381458902374976105e+01
4.788287076675383040e+17 3.318576613709327461e+01 3.354285357927980726e+01 3.381847958362306628e+01
4.800995858488796160e+17 3.318978303755352499e+01 3.354614121079363542e+01 3.382197917573225965e+01
4.813738371181872640e+17 3.319384006958966893e+01 3.354942884230746358e+01 3.382527311872104292e+01
4.826514704281034240e+17 3.319799205809592735e+01 3.355272653248343318e+01 3.382852510637304277e+01
4.839324947550433920e+17 3.320214404660219287e+01 3.355635605471236715e+01 3.383177709402504973e+01
4.852169190992354560e+17 3.320629617621546714e+01 3.356004093729700344e+01 3.383502908167705669e+01
4.865047524847957760e+17 3.321047015710411188e+01 3.356374090112530695e+01 3.383802253891445133e+01
4.877960039598035200e+17 3.321464413799276372e+01 3.356752366444037250e+01 3.384094493247640401e+01
4.890906825963409280e+17 3.321881811888141556e+01 3.357083406785146451e+01 3.384386732603834957e+01
4.903887974905726720e+17 3.322299279278352202e+01 3.357480643064842241e+01 3.384678971960030225e+01
4.916903577628021120e+17 3.322717125989771603e+01 3.357849494048944905e+01 3.384990276534928455e+01
4.929953725575509760e+17 3.323134972701192424e+01 3.358218345033048990e+01 3.385395361866986974e+01
4.943038510435999360e+17 3.323552819412613246e+01 3.358587196017153076e+01 3.385768120087557520e+01
4.956158024140688640e+17 3.323931729134874047e+01 3.358956047001256451e+01 3.386068303407296298e+01
4.969312358864732800e+17 3.324260624893601346e+01 3.359324897985358405e+01 3.386367377572405246e+01
4.982501607028056320e+17 3.324589520652328645e+01 3.359691911248302176e+01 3.386666451737515615e+01
4.995725861295756160e+17 3.324918416411056654e+01 3.360058462422333037e+01 3.386965525902625984e+01
5.008985214578875520e+17 3.325247402367984506e+01 3.360425013596361055e+01 3.387264600067734932e+01
5.022279760035179520e+17 3.325576726702146146e+01 3.360791564770391915e+01 3.387563674232844591e+01
5.035609591069562880e+17 3.325906051036307787e+01 3.361158115944422065e+01 3.387862748397954249e+01
5.048974801334831360e+17 3.326235375370468716e+01 3.361524667118450793e+01 3.388161489851803765e+01
5.062375484732480640e+17 3.326564699704630357e+01 3.361869010341894182e+01 3.388457910059890565e+01
5.075811735413111040e+17 3.326894024038791287e+01 3.362206491749528681e+01 3.388751249414526256e+01
5.089283647777253120e+17 3.327223482001116395e+01 3.362543973157163180e+01 3.389044588769161948e+01
5.102791316475947520e+17 3.327553638192772922e+01 3.362891251199447851e+01 3.389337928123796218e+01
5.116334836411576960e+17 3.327883925867704562e+01 3.363317191922805449e+01 3.389670459556121074e+01
5.129914302738283520e+17 3.328214490154296357e+01 3.363762909179841643e+01 3.390030953857065299e+01
5.143529810862802560e+17 3.328545054440888862e+01 3.364171621009842283e+01 3.390391448158010235e+01
5.157181456445052160e+17 3.328875618727479235e+01 3.364574135215748640e+01 3.390751942458953039e+01
5.170869335398968960e+17 3.329206183014071030e+01 3.364930022998119341e+01 3.391112436759897264e+01
5.184593543892934400e+17 3.329536747300662825e+01 3.365279949537071502e+01 3.391472685963106670e+01
5.198354178350571520e+17 3.329872990938947908e+01 3.365630015214777160e+01 3.391828833698691170e+01
5.212151335451555200e+17 3.330268891762905525e+01 3.366007861509032040e+01 3.392184186954694525e+01
5.225985112132032000e+17 3.330665861623567281e+01 3.366424929276034561e+01 3.392533019068501687e+01
5.239855605585474560e+17 3.331064102096957669e+01 3.366784579113537745e+01 3.392852426341330130e+01
5.253762913263276160e+17 3.331462342570345925e+01 3.367182741421308378e+01 3.393171833614156441e+01
5.267707132875610240e+17 3.331870815971289801e+01 3.367582374313363403e+01 3.393491240886984173e+01
5.281688362391856640e+17 3.332292071254549626e+01 3.367975179122525731e+01 3.393810648159811905e+01
5.295706700041418880e+17 3.332713326537808030e+01 3.368343229694213647e+01 3.394130055432638926e+01
5.309762244314545920e+17 3.333134581821067144e+01 3.368684796101226908e+01 3.394449462705466658e+01
5.323855093962763520e+17 3.333555837104326969e+01 3.369042555436273290e+01 3.394768171115569544e+01
5.337985347999740800e+17 3.333978612376359507e+01 3.369396625796861144e+01 3.395081466994682273e+01
5.352153105701898880e+17 3.334402136493945790e+01 3.369749143101761035e+01 3.395394389655781708e+01
5.366358466609284480e+17 3.334825660611532072e+01 3.370065102269109758e+01 3.395707312316881854e+01
5.380601530526005760e+17 3.335284569830864854e+01 3.370396002183164796e+01 3.396020234977982000e+01
5.394882397521064320e+17 3.335748235642878967e+01 3.370756787194412141e+01 3.396333157639081435e+01
5.409201167929191040e+17 3.336211901454895923e+01 3.371122317274539171e+01 3.396646080300181580e+01
5.423557942351287680e+17 3.336675567266912168e+01 3.371481165721365869e+01 3.396959002961281726e+01
5.437952821655308160e+17 3.337139708371783797e+01 3.371811342394081379e+01 3.397271925622381872e+01
5.452385906976880000e+17 3.337604558786603093e+01 3.372163709554187960e+01 3.397584125130501320e+01
5.466857299720192000e+17 3.338069423558307136e+01 3.372473889758887822e+01 3.397896319720398139e+01
5.481367101558440320e+17 3.338534288330011179e+01 3.372777930476033248e+01 3.398220966483071948e+01
5.495915414434675840e+17 3.338888320067167825e+01 3.373111778337795386e+01 3.398576454634719823e+01
5.510502340562655360e+17 3.339237351680642973e+01 3.373475949807635743e+01 3.398970062414653626e+01
5.525127982427289600e+17 3.339586383294118122e+01 3.373814090337640437e+01 3.399363670194586717e+01
5.539792442785544320e+17 3.339935414907592559e+01 3.374153643779141731e+01 3.399757277974519809e+01
5.554495824667070720e+17 3.340284902068609796e+01 3.374501847459485759e+01 3.400150885754451480e+01
5.569238231375111680e+17 3.340654654337352270e+01 3.374846096439395637e+01 3.400544493534384571e+01
5.584019766486954880e+17 3.341061801790676355e+01 3.375190345419305515e+01 3.400937444418003963e+01
5.598840533854796160e+17 3.341468949244000441e+01 3.375566780997350946e+01 3.401329509700543952e+01
5.613700637606606720e+17 3.341876096697325238e+01 3.375913047433131453e+01 3.401718595071494633e+01
5.628600182146591360e+17 3.342302400966375586e+01 3.376248035269752279e+01 3.402107680442445314e+01
5.643539272156103040e+17 3.342730834430286535e+01 3.376583023106373105e+01 3.402496027104105991e+01
5.658518012594288000e+17 3.343159267894196063e+01 3.376880732325992085e+01 3.402871347728741824e+01
5.673536508699007360e+17 3.343588821346639861e+01 3.377186116620622869e+01 3.403246668353379079e+01
5.688594865987298560e+17 3.344029428598511799e+01 3.377563390387983588e+01 3.403621988978016333e+01
5.703693190256257280e+17 3.344501775330043358e+01 3.377918564709619886e+01 3.403907673754874708e+01
5.718831587583918080e+17 3.344974122061574917e+01 3.378272508314714173e+01 3.404185262644967480e+01
5.734010164329721600e+17 3.345446468793107897e+01 3.378626451919807039e+01 3.404453909680734824e+01
5.749229027135448320e+17 3.345918815524640166e+01 3.378976815249370702e+01 3.404710040686271100e+01
5.764488282925873280e+17 3.346303459942924974e+01 3.379290373224913679e+01 3.405012383794622366e+01
5.779788038909707520e+17 3.346633570947398084e+01 3.379617496943153299e+01 3.405378767936237239e+01
5.795128402580065280e+17 3.346967642700184342e+01 3.379991051379389688e+01 3.405745152077852822e+01
5.810509481715363840e+17 3.347374539360048118e+01 3.380381701903564817e+01 3.406111536219466984e+01
5.825931384380221440e+17 3.347740890818011650e+01 3.380745483577410226e+01 3.406477920361082568e+01
5.841394218925934080e+17 3.348083394896252685e+01 3.381038050301381759e+01 3.406779721037307951e+01
5.856898093991420160e+17 3.348425898974493009e+01 3.381357546880808229e+01 3.407081209423908774e+01
5.872443118503897600e+17 3.348768403052732623e+01 3.381672426032339729e+01 3.407382691711418232e+01
5.888029401679834880e+17 3.349110907130972237e+01 3.381965841798160000e+01 3.407683506954450792e+01
5.903657053025431040e+17 3.349453411209212561e+01 3.382256754509603525e+01 3.407981200204079641e+01
5.919326182337530880e+17 3.349796190088720493e+01 3.382561330967820368e+01 3.408329566387515541e+01
5.935036899704540160e+17 3.350139819559677079e+01 3.382893373042221441e+01 3.408678664799456470e+01
5.950789315506908160e+17 3.350483531024693207e+01 3.383251736161871293e+01 3.409027763211396689e+01
5.966583540418100480e+17 3.350827242489710045e+01 3.383593546129808516e+01 3.409376861623337618e+01
5.982419685405273600e+17 3.351170953954725462e+01 3.383892397320296652e+01 3.409725960035277126e+01
5.998297861730255360e+17 3.351514665419742300e+01 3.384158716540669332e+01 3.410075058447217344e+01
6.014218180950028800e+17 3.351858376884758428e+01 3.384485940452883312e+01 3.410424112320773560e+01
6.030180754917666560e+17 3.352202088349773845e+01 3.384825641500387405e+01 3.410772938209625238e+01
6.046185695783262720e+17 3.352545799814790684e+01 3.385165663954318660e+01 3.411113181430362573e+01
6.062233115994425600e+17 3.352889551311127292e+01 3.385464369125165263e+01 3.411452159317143185e+01
6.078323128297260800e+17 3.353234356834187224e+01 3.385763018705901573e+01 3.411791137203923796e+01
6.094455845737073920e+17 3.353579162357247156e+01 3.386038266058962165e+01 3.412130115090702986e+01
6.110631381659353600e+17 3.353915743171459241e+01 3.386338603021359717e+01 3.412469092977483598e+01
6.126849849710274560e+17 3.354266404925644451e+01 3.386701193640128338e+01 3.412808070864263499e+01
6.143111363837646080e+17 3.354626457253464622e+01 3.386986235272128454e+01 3.413147048751043400e+01
6.159416038291859200e+17 3.354986509581286214e+01 3.387262088503477742e+01 3.413485850595703397e+01
6.175763987626392320e+17 3.355346561909107095e+01 3.387570005104328175e+01 3.413862380822100562e+01
6.192155326698812160e+17 3.355706614236927976e+01 3.387907428753723593e+01 3.414264128594661685e+01
6.208590170671486720e+17 3.356127429514101124e+01 3.388264450786910231e+01 3.414663186788995830e+01
6.225068635012590080e+17 3.356476285050142394e+01 3.388618793551619035e+01 3.415062244983331396e+01
6.241590835496614400e+17 3.356825297400317965e+01 3.388985956841304414e+01 3.415461303177667673e+01
6.258156888205332480e+17 3.357174309750492824e+01 3.389344055448256654e+01 3.415860361372001819e+01
6.274766909528768000e+17 3.357523322100669105e+01 3.389702154055210315e+01 3.416259419566338096e+01
6.291421016165704960e+17 3.357872334450844676e+01 3.390060252662163975e+01 3.416658477760673662e+01
6.308119325124716800e+17 3.358221346801020957e+01 3.390402882749883418e+01 3.417051326770913988e+01
6.324861953724879360e+17 3.358570359151195817e+01 3.390692872613610120e+01 3.417390429385136486e+01
6.341649019596806400e+17 3.358919371501371387e+01 3.390995768984326730e+01 3.417727164992031419e+01
6.358480640683162880e+17 3.359268383851546957e+01 3.391285727881761147e+01 3.418063900598926352e+01
6.375356935239651840e+17 3.359618146508496750e+01 3.391570605176726616e+01 3.418400636205819865e+01
6.392278021835997440e+17 3.359968214474000092e+01 3.391856058088887949e+01 3.418737371812714088e+01
6.409244019356469760e+17 3.360318282439502724e+01 3.392157633913559778e+01 3.419098840092275537e+01
6.426255047000926720e+17 3.360668350405005356e+01 3.392480673414159753e+01 3.419506960911965621e+01
6.443311224285546240e+17 3.361018418370507987e+01 3.392764352446137366e+01 3.419915081731654283e+01
6.460412671043874560e+17 3.361368486336011330e+01 3.393045131675498283e+01 3.420306944575836638e+01
6.477559507427358720e+17 3.361718554301513961e+01 3.393364951596730350e+01 3.420696876538652020e+01
6.494751853906341120e+17 3.362080303399675785e+01 3.393653565772848424e+01 3.421086047791492035e+01
6.511989831271069440e+17 3.362449594163182098e+01 3.393916142583731954e+01 3.421475219044333471e+01
6.529273560632226560e+17 3.362819531989772059e+01 3.394164993895623184e+01 3.421792213411841033e+01
6.546603163421994240e+17 3.363222198682395003e+01 3.394446603211308400e+01 3.422207318428849732e+01
6.563978761394794240e+17 3.363670306966012191e+01 3.394795017476551635e+01 3.422622423445857009e+01
6.581400476628368640e+17 3.364118415249630800e+01 3.395160302815514797e+01 3.423037528462865708e+01
6.598868431524304640e+17 3.364566523533249409e+01 3.395444625482275569e+01 3.423452633479874407e+01
6.616382748809062400e+17 3.365014631816867308e+01 3.395750356466060538e+01 3.423865025132411688e+01
6.633943551534997760e+17 3.365462740100485917e+01 3.396052744122022204e+01 3.424275043131021334e+01
6.651550963080901120e+17 3.365910977915541480e+01 3.396345745410340555e+01 3.424685061129630270e+01
6.669205107153082880e+17 3.366360199393009367e+01 3.396615137896061754e+01 3.425095079128239917e+01
6.686906107786129920e+17 3.366818811270807998e+01 3.396909133350089860e+01 3.425487939548247596e+01
6.704654089344001280e+17 3.367277284052168795e+01 3.397214629813373676e+01 3.425764562823699322e+01
6.722449176520570880e+17 3.367673876999527494e+01 3.397520126276657493e+01 3.426041186099151759e+01
6.740291494340664320e+17 3.368039138662241072e+01 3.397807694434791870e+01 3.426317809374603485e+01
6.758181168161109760e+17 3.368404400324956072e+01 3.398085004648407903e+01 3.426593831724554917e+01
6.776118323671281920e+17 3.368769661987670361e+01 3.398378337385261716e+01 3.426869576653754734e+01
6.794103086894209280e+17 3.369133839962012900e+01 3.398690567480419134e+01 3.427142362878620219e+01
6.812135584187344640e+17 3.369497066693433140e+01 3.398995916486028790e+01 3.427413436949849057e+01
6.830215942243681280e+17 3.369859905403998823e+01 3.399258335595824576e+01 3.427684511021078606e+01
6.848344288092304640e+17 3.370222737838561500e+01 3.399551668332679810e+01 3.427955585092308155e+01
6.866520749099454720e+17 3.370585570273122755e+01 3.399893929970376405e+01 3.428226659163536993e+01
6.884745452969583360e+17 3.370948402707685432e+01 3.400169796956470236e+01 3.428497733234765832e+01
6.903018527745923840e+17 3.371311235142248108e+01 3.400472887742554917e+01 3.428768552372796563e+01
6.921340101811608320e+17 3.371674067576810785e+01 3.400824217673670091e+01 3.429039279222240566e+01
6.939710303890458880e+17 3.372036900011372751e+01 3.401175269027698533e+01 3.429300023234562644e+01
6.958129263048119040e+17 3.372398685130402640e+01 3.401485800245226443e+01 3.429554690873411715e+01
6.976597108692620800e+17 3.372785228319880702e+01 3.401763638222023189e+01 3.429809358512260786e+01
6.995113970575459840e+17 3.373195381779012791e+01 3.402062687711541145e+01 3.430064026151109147e+01
7.013679978792687360e+17 3.373616471526869987e+01 3.402368586265697559e+01 3.430318693789957507e+01
7.032295263785472000e+17 3.374041385957507799e+01 3.402674484819853262e+01 3.430570726067816167e+01
7.050959956341248000e+17 3.374489510999625708e+01 3.402923736186239978e+01 3.430821269043994448e+01
7.069674187594524160e+17 3.374937636041741484e+01 3.403299366461746445e+01 3.431071812020172729e+01
7.088438089028026880e+17 3.375385761083859393e+01 3.403589578892371037e+01 3.431384716048395944e+01
7.107251792473286400e+17 3.375832703669602353e+01 3.403924872856435968e+01 3.431703672319519427e+01
7.126115430111731200e+17 3.376279315788910651e+01 3.404226335830826145e+01 3.432022628590642199e+01
7.145029134475790080e+17 3.376725927908220370e+01 3.404519733930406744e+01 3.432341584861765682e+01
7.163993038449479680e+17 3.377172540027530090e+01 3.404777600531529202e+01 3.432660541132889165e+01
7.183007275269565440e+17 3.377619152146839809e+01 3.405046411558593888e+01 3.432979497404012648e+01
7.202071978526383360e+17 3.378065764266148108e+01 3.405333570855894720e+01 3.433298453675135420e+01
7.221187282165015040e+17 3.378512376385457827e+01 3.405644050741861406e+01 3.433617288024345271e+01
7.240353320485871360e+17 3.378958034353680517e+01 3.405954530627827381e+01 3.433933642096558003e+01
7.259570228145818880e+17 3.379403047494053425e+01 3.406227700917611401e+01 3.434249996168770025e+01
7.278838140159296000e+17 3.379847954764885998e+01 3.406472268832359873e+01 3.434585604356210808e+01
7.298157191898913280e+17 3.380292862035718571e+01 3.406716836747108346e+01 3.434975814756104739e+01
7.317527519096636160e+17 3.380737769306551144e+01 3.406961404661856818e+01 3.435365747156313176e+01
7.336949257844623360e+17 3.381182676577382296e+01 3.407217012399381417e+01 3.435752778515556827e+01
7.356422544596421120e+17 3.381627583848214869e+01 3.407496429116469017e+01 3.436139809874801898e+01
7.375947516167562240e+17 3.382071576692593595e+01 3.407825526170891806e+01 3.436526841234046969e+01
7.395524309736704000e+17 3.382515094479850148e+01 3.408111261268436465e+01 3.436911561689524319e+01
7.415153062846781440e+17 3.382958148655195174e+01 3.408381936062490070e+01 3.437294629289203840e+01
7.434833913405601280e+17 3.383401166173820229e+01 3.408654633617929619e+01 3.437677696888883361e+01
7.454566999687060480e+17 3.383844183692444574e+01 3.408927331173369168e+01 3.438060764488562882e+01
7.474352460331992320e+17 3.384287201211066787e+01 3.409213593818802224e+01 3.438443832088241692e+01
7.494190434349384960e+17 3.384730218729691131e+01 3.409526525405374997e+01 3.438826899687921212e+01
7.514081061116993280e+17 3.385172442607184706e+01 3.409882099041075776e+01 3.439209967287600733e+01
7.534024480382497280e+17 3.385603693522841695e+01 3.410226351717675186e+01 3.439592582204942772e+01
7.554020832264677120e+17 3.385953609429218858e+01 3.410482089420956697e+01 3.439972327105468963e+01
7.574070257254016000e+17 3.386303008187437769e+01 3.410743694585146812e+01 3.440350579067540338e+01
7.594172896213945600e+17 3.386652406945655969e+01 3.411036218180106516e+01 3.440642546208660946e+01
7.614328890381702400e+17 3.387001805703872748e+01 3.411370835753524489e+01 3.440949311637354668e+01
7.634538381369576960e+17 3.387351204462091658e+01 3.411737758140021981e+01 3.441346314995106326e+01
7.654801511165528320e+17 3.387700603220309858e+01 3.412048746276090583e+01 3.441736740909995262e+01
7.675118422134373120e+17 3.388050001978526637e+01 3.412366701975938810e+01 3.442056776454246858e+01
7.695489257018970880e+17 3.388399367339497559e+01 3.412722249940301822e+01 3.442359466585621419e+01
7.715914158940853760e+17 3.388750821484347853e+01 3.413077797904665545e+01 3.442662094645618964e+01
7.736393271401480960e+17 3.389102438776401982e+01 3.413431856526888453e+01 3.442964251532472275e+01
7.756926738283119360e+17 3.389454056068456822e+01 3.413750998655941515e+01 3.443264144370950675e+01
7.777514703850110720e+17 3.389805673360510951e+01 3.414070193918544760e+01 3.443563868325156108e+01
7.798157312749506560e+17 3.390157290652566502e+01 3.414380456633836758e+01 3.443863592279361541e+01
7.818854710012267520e+17 3.390508907944619921e+01 3.414610396262427372e+01 3.444163316233566263e+01
7.839607041054480640e+17 3.390855585612272449e+01 3.414839276535740709e+01 3.444463040187771696e+01
7.860414451677995520e+17 3.391196861479227209e+01 3.415068156809054756e+01 3.444762764141977129e+01
7.881277088071704320e+17 3.391538993534191349e+01 3.415399754720347403e+01 3.445062380015259151e+01
7.902195096812439040e+17 3.391901965754882298e+01 3.415767115192986125e+01 3.445361560249243382e+01
7.923168624866261760e+17 3.392288618828929003e+01 3.416111353671371376e+01 3.445660740483227613e+01
7.944197819589109760e+17 3.392675271902977130e+01 3.416392788191615892e+01 3.445959920717212555e+01
7.965282828728021760e+17 3.393061924977023125e+01 3.416756682778216003e+01 3.446259100951196075e+01
7.986423800422373120e+17 3.393428179083259977e+01 3.417122461767628749e+01 3.446557074612385208e+01
8.007620883204528640e+17 3.393715397352207930e+01 3.417467207880486058e+01 3.446853847744766597e+01
8.028874226001141760e+17 3.394002615621156593e+01 3.417720894850343427e+01 3.447147927728205730e+01
8.050183978134072320e+17 3.394289833890103836e+01 3.418006338062920690e+01 3.447430492032358273e+01
8.071550289321698560e+17 3.394598397251628796e+01 3.418275777759323830e+01 3.447712648562526283e+01
8.092973309679575040e+17 3.394928932554217482e+01 3.418512700883259470e+01 3.447994763667502838e+01
8.114453189721685760e+17 3.395259458743187508e+01 3.418749624007195820e+01 3.448276878772479392e+01
8.135990080361693440e+17 3.395589984932158245e+01 3.418986348830676292e+01 3.448558993877457368e+01
8.157584132913612800e+17 3.395920511121128271e+01 3.419216860691597049e+01 3.448841108982433923e+01
8.179235499093131520e+17 3.396251037310099719e+01 3.419480974072095592e+01 3.449189370821560630e+01
8.200944331018544640e+17 3.396581563499069034e+01 3.419719386687201279e+01 3.449576023623929899e+01
8.222710781212092160e+17 3.396912089688039060e+01 3.419952190170111095e+01 3.449959828503971693e+01
8.244535002600625920e+17 3.397242615877009797e+01 3.420247839248023070e+01 3.450342812687787841e+01
8.266417148516889600e+17 3.397573142065979823e+01 3.420514645001866683e+01 3.450725796871603279e+01
8.288357372700794880e+17 3.397903643821548769e+01 3.420752718034952977e+01 3.451108622046132979e+01
8.310355829300097280e+17 3.398234018041171822e+01 3.421013469403543894e+01 3.451491156387598380e+01
8.332412672871750400e+17 3.398564392260794165e+01 3.421297556343898805e+01 3.451873690729063071e+01
8.354528058382854400e+17 3.398894830265942346e+01 3.421546277042066464e+01 3.452256225070527051e+01
8.376702141212019200e+17 3.399225276881477242e+01 3.421860063085006232e+01 3.452638759411992453e+01
8.398935077150046720e+17 3.399555723497012139e+01 3.422226783549875506e+01 3.453018757901612190e+01
8.421227022401228800e+17 3.399886170112544903e+01 3.422579442200056121e+01 3.453397579299748088e+01
8.443578133584650240e+17 3.400216616728080510e+01 3.422843829601122678e+01 3.453776400697886118e+01
8.465988567734880000e+17 3.400554547527183757e+01 3.423085186188637863e+01 3.454154463967576305e+01
8.488458482303347200e+17 3.400902930102019184e+01 3.423336721927435633e+01 3.454524537348294899e+01
8.510988035159307520e+17 3.401251185964139268e+01 3.423580933902881185e+01 3.454894610729012072e+01
8.533577384591235840e+17 3.401599387881666559e+01 3.423820784928518890e+01 3.455264611829982613e+01
8.556226689307514880e+17 3.401947514963697472e+01 3.424076329755953196e+01 3.455634082598589885e+01
8.578936108437762560e+17 3.402295300160722036e+01 3.424336734429962803e+01 3.456001678377000985e+01
8.601705801534159360e+17 3.402643085357747310e+01 3.424597697228986704e+01 3.456367396069004627e+01
8.624535928572148480e+17 3.402990870554772584e+01 3.424869627212390810e+01 3.456733113761007559e+01
8.647426649951842560e+17 3.403338655751797859e+01 3.425115568233009355e+01 3.457004674928457888e+01
8.670378126499002880e+17 3.403686440948821712e+01 3.425381013220771820e+01 3.457266028649584655e+01
8.693390519466462720e+17 3.404034226145846986e+01 3.425661030445556321e+01 3.457527382370712843e+01
8.716463990534826240e+17 3.404381961952014279e+01 3.425923133225623474e+01 3.457788736091841031e+01
8.739598701813821440e+17 3.404729511537907172e+01 3.426228071012967291e+01 3.458070185289674470e+01
8.762794815843654400e+17 3.405076656477752550e+01 3.426498346860006450e+01 3.458448532044805290e+01
8.786052495595718400e+17 3.405423801417597929e+01 3.426780887968794787e+01 3.458826460764290545e+01
8.809371904474027520e+17 3.405770946357444018e+01 3.427069413925132579e+01 3.459202592088405481e+01
8.832753206316220160e+17 3.406118091297288686e+01 3.427329672417283746e+01 3.459576459600430809e+01
8.856196565395002880e+17 3.406465236237134064e+01 3.427588650699696871e+01 3.459950327112457558e+01
8.879702146418863360e+17 3.406812381176979443e+01 3.427899257121238463e+01 3.460324194624485017e+01
8.903270114533451520e+17 3.407159526116823400e+01 3.428228516380316648e+01 3.460698062136511055e+01
8.926900635322954240e+17 3.407511847082268730e+01 3.428563862449496469e+01 3.461028073023930318e+01
8.950593874810822400e+17 3.407840395973894232e+01 3.428878397579813253e+01 3.461337254814448272e+01
8.974349999461230080e+17 3.408177411857285932e+01 3.429187102475729887e+01 3.461682786336699991e+01
8.998169176180097280e+17 3.408514427740675501e+01 3.429492413010378016e+01 3.462061611666310057e+01
9.022051572316556800e+17 3.408851443624067201e+01 3.429768364085347798e+01 3.462437058792691857e+01
9.045997355663686400e+17 3.409188459507458191e+01 3.430033033161571865e+01 3.462810567752128321e+01
9.070006694459910400e+17 3.409478762043912781e+01 3.430323274498171315e+01 3.463184076711563364e+01
9.094079757390405120e+17 3.409794807831114838e+01 3.430655345540844792e+01 3.463557585670999828e+01
9.118216713587838720e+17 3.410114375181267832e+01 3.430931698057581514e+01 3.463931094630434870e+01
9.142417732633850880e+17 3.410433942531420115e+01 3.431209018996332816e+01 3.464304603589871334e+01
9.166682984560106240e+17 3.410753509881571688e+01 3.431548381527010605e+01 3.464678112549306377e+01
9.191012639849776640e+17 3.411073660492012039e+01 3.431873203785806936e+01 3.465051621508742841e+01
9.215406869438297600e+17 3.411393874332397758e+01 3.432175819941467410e+01 3.465424575426464315e+01
9.239865844714790400e+17 3.411714088172782056e+01 3.432492145344249934e+01 3.465792862265173113e+01
9.264389737523493120e+17 3.412031974520581912e+01 3.432795531824288560e+01 3.466160914925296055e+01
9.288978720164517120e+17 3.412325706845702200e+01 3.433145260690801592e+01 3.466528967585418997e+01
9.313632965395353600e+17 3.412619439170822488e+01 3.433453260411243235e+01 3.466897020245541938e+01
9.338352646431946240e+17 3.412926306185949699e+01 3.433735375522392985e+01 3.467265072905664169e+01
9.363137936950201600e+17 3.413235777394766046e+01 3.434017490633543446e+01 3.467633125565787111e+01
9.387989011086759680e+17 3.413545248603583815e+01 3.434299605744693906e+01 3.468001178225910763e+01
9.412906043440444160e+17 3.413854719812399452e+01 3.434581720855844367e+01 3.468366941971044781e+01
9.437889209073716480e+17 3.414165870023715854e+01 3.434874147188870097e+01 3.468722594620555810e+01
9.462938683513448960e+17 3.414534503202420268e+01 3.435134021270759774e+01 3.469074358354536969e+01
9.488054642752462080e+17 3.414903136381125393e+01 3.435393895352649452e+01 3.469426122088518127e+01
9.513237263250611200e+17 3.415283117886940545e+01 3.435653769434538418e+01 3.469777885822497865e+01
9.538486721936330240e+17 3.415671661949853188e+01 3.435947980977072547e+01 3.470129649556479734e+01
9.563803196207415040e+17 3.416018550231402884e+01 3.436317033298568902e+01 3.470481413290460182e+01
9.589186863932499200e+17 3.416347344456460888e+01 3.436584294224164893e+01 3.470809603388286035e+01
9.614637903452538880e+17 3.416667083250560921e+01 3.436801387477414949e+01 3.471119718384870367e+01
9.640156493581597440e+17 3.416986822044661665e+01 3.437051076507408709e+01 3.471429833381453989e+01
9.665742813608413440e+17 3.417306790496551372e+01 3.437307021534924445e+01 3.471739716157635769e+01
9.691397043297502720e+17 3.417621318293486610e+01 3.437539847833508588e+01 3.472048100219500100e+01
9.717119362890741760e+17 3.417910513457451316e+01 3.437769378678191856e+01 3.472355953231654269e+01
9.742909953108153600e+17 3.418199708621416733e+01 3.437967799176655603e+01 3.472663401687328388e+01
9.768768995149419520e+17 3.418488903785380018e+01 3.438234126681957292e+01 3.472961752846305217e+01
9.794696670695385600e+17 3.418778098949345434e+01 3.438535699564130255e+01 3.473260104005282756e+01
9.820693161908869120e+17 3.419067294113310140e+01 3.438847690320551465e+01 3.473558455164261005e+01
9.846758651436249600e+17 3.419295858337744676e+01 3.439153488827183480e+01 3.473856806323239255e+01
9.872893322408595200e+17 3.419473357359503751e+01 3.439415069239693423e+01 3.474155157482216794e+01
9.899097358443274240e+17 3.419662851839315465e+01 3.439649868692188051e+01 3.474453508641194333e+01
9.925370943644756480e+17 3.419981868955668602e+01 3.439919447380079021e+01 3.474751859800172582e+01
9.951714262606149120e+17 3.420347950448780239e+01 3.440204571872192219e+01 3.475049923498730919e+01
9.978127500410743040e+17 3.420714152944774611e+01 3.440523189799328918e+01 3.475346743209984623e+01
1.000461084263281792e+18 3.421080109587167328e+01 3.440841807726467039e+01 3.475643429753217362e+01
1.003116447533927680e+18 3.421435480325198597e+01 3.441160425653603738e+01 3.475940116296450100e+01
1.005778858509078784e+18 3.421731294000424839e+01 3.441419673121178846e+01 3.476236802839682838e+01
1.008448335894342528e+18 3.421964501943439529e+01 3.441666980567649148e+01 3.476533489382916287e+01
1.011124898444948480e+18 3.422290597707258542e+01 3.441901364674964725e+01 3.476830175926149025e+01
1.013808564965905792e+18 3.422587279388898907e+01 3.442144337419141920e+01 3.477126862469381052e+01
1.016499354312159104e+18 3.422864116924245792e+01 3.442341556415608039e+01 3.477423549012614501e+01
1.019197285388672128e+18 3.423140954459591967e+01 3.442566182522944018e+01 3.477720235555847239e+01
1.021902377150593024e+18 3.423424819033972000e+01 3.442850760746107142e+01 3.478016922099080688e+01
1.024614648603371520e+18 3.423717107811823013e+01 3.443103699224731429e+01 3.478313193937186298e+01
1.027334118802925184e+18 3.424009457371742826e+01 3.443362645950580259e+01 3.478608277760096712e+01
1.030060806855723776e+18 3.424301631901008136e+01 3.443597570178907574e+01 3.478903361583007836e+01
1.032794731918956672e+18 3.424593637342759678e+01 3.443797150140144936e+01 3.479198445405919671e+01
1.035535913200650624e+18 3.424885642784510509e+01 3.443996730101382298e+01 3.479493529228829374e+01
1.038284369959838464e+18 3.425140852687660953e+01 3.444196310062621080e+01 3.479788613051740498e+01
1.041040121506643840e+18 3.425384309822793938e+01 3.444416667774908802e+01 3.480083696874651622e+01
1.043803187202441984e+18 3.425627766957925502e+01 3.444615240661269695e+01 3.480378780697562036e+01
1.046573586460021760e+18 3.425871224093058487e+01 3.444874203624726761e+01 3.480673864520473160e+01
1.049351338743670656e+18 3.426114681228191472e+01 3.445097234372519779e+01 3.481018871612656085e+01
1.052136463569336704e+18 3.426358138363323746e+01 3.445300266380367304e+01 3.481371523814276969e+01
1.054928980504792064e+18 3.426601595498456021e+01 3.445596578179431191e+01 3.481673902624766725e+01
1.057728909169718784e+18 3.426844932428369361e+01 3.445893092025966098e+01 3.481952612223825838e+01
1.060536269235880448e+18 3.427087121769973521e+01 3.446193010385441369e+01 3.482206978455640467e+01
1.063351080427244160e+18 3.427329079017133751e+01 3.446505010189015650e+01 3.482447669389083700e+01
1.066173362520152704e+18 3.427571036264295401e+01 3.446817009992590641e+01 3.482732732381408880e+01
1.069003135343412224e+18 3.427812993511457051e+01 3.447129009796165633e+01 3.483026276580559255e+01
1.071840418778466176e+18 3.428049259307883290e+01 3.447441009599739914e+01 3.483319820779708920e+01
1.074685232759516800e+18 3.428274640662143469e+01 3.447756334710703641e+01 3.483613364978857874e+01
1.077537597273701248e+18 3.428509217004960874e+01 3.448104156106224139e+01 3.483906909178007538e+01
1.080397532361179136e+18 3.428820327415875369e+01 3.448394258741687679e+01 3.484200453377157913e+01
1.083265058115298816e+18 3.429173888878210619e+01 3.448647255765172304e+01 3.484493997576306867e+01
1.086140194682766208e+18 3.429466757243980624e+01 3.448861293469613543e+01 3.484786937347448799e+01
1.089022962263732736e+18 3.429744085427946487e+01 3.449077292663760375e+01 3.485079006216265896e+01
1.091913381111963648e+18 3.430028970992200499e+01 3.449293291857905785e+01 3.485371075085082282e+01
1.094811471535007616e+18 3.430321187363693269e+01 3.449506064112226511e+01 3.485661089183541606e+01
1.097717253894285056e+18 3.430613092922061469e+01 3.449717890526576980e+01 3.485946612464773153e+01
1.100630748605267840e+18 3.430810526010566974e+01 3.449929716940926028e+01 3.486232135746005412e+01
1.103551976137604096e+18 3.431098300599244766e+01 3.450191591908536282e+01 3.486545931765937212e+01
1.106480957015298432e+18 3.431413773053468930e+01 3.450505072374482296e+01 3.486845591082683171e+01
1.109417711816801920e+18 3.431686764311490379e+01 3.450818552840428310e+01 3.487140233036500092e+01
1.112362261175192704e+18 3.431834810744688014e+01 3.451036110183486016e+01 3.487435775438965635e+01
1.115314625778302848e+18 3.431989204542950489e+01 3.451247622665578518e+01 3.487725519508675376e+01
1.118274826368900224e+18 3.432161176329685759e+01 3.451459135147671731e+01 3.488015919215754224e+01
1.121242883744779648e+18 3.432339665092781900e+01 3.451670647629765654e+01 3.488305443437272402e+01
1.124218818758935808e+18 3.432611059206437432e+01 3.451882160111858155e+01 3.488594771056630606e+01
1.127202652319738112e+18 3.432938473873002039e+01 3.452093672593950657e+01 3.488872150064886313e+01
1.130194405391021696e+18 3.433290012457332807e+01 3.452344711594372484e+01 3.489149529073141309e+01
1.133194098992263040e+18 3.433645305263348746e+01 3.452644742002242140e+01 3.489426908081395595e+01
1.136201754198754688e+18 3.433929794344356878e+01 3.452973022592759378e+01 3.489704287089650592e+01
1.139217392141698304e+18 3.434155920340889878e+01 3.453251776009740581e+01 3.489981666097906299e+01
1.142241034008389888e+18 3.434445855245178336e+01 3.453521523217310119e+01 3.490259045106160585e+01
1.145272701042350080e+18 3.434782980307736011e+01 3.453791270424878235e+01 3.490536424114415581e+01
1.148312414543511168e+18 3.435120105370295107e+01 3.454068443991867809e+01 3.490813803122670578e+01
1.151360195868309888e+18 3.435457230432854203e+01 3.454369650548549942e+01 3.491091095830528701e+01
1.154416066429875712e+18 3.435794355495412589e+01 3.454627531801391171e+01 3.491365208403497888e+01
1.157480047698161920e+18 3.436071608654486198e+01 3.454870051291268851e+01 3.491639017827588987e+01
1.160552161200134144e+18 3.436245189450143300e+01 3.455112570781147951e+01 3.491913449815783110e+01
1.163632428519865856e+18 3.436426331724793215e+01 3.455379272828898962e+01 3.492195600184226123e+01
1.166720871298717184e+18 3.436605316081008255e+01 3.455667052196120181e+01 3.492477750552667715e+01
1.169817511235515904e+18 3.436785694324033358e+01 3.455953681143961376e+01 3.492759900921110727e+01
1.172922370086653184e+18 3.436967374790900465e+01 3.456249174803599544e+01 3.493042051289553029e+01
1.176035469666264320e+18 3.437149084406852495e+01 3.456550571495030511e+01 3.493324201657995332e+01
1.179156831846411776e+18 3.437330794022803815e+01 3.456819547746729882e+01 3.493622213699288892e+01
1.182286478557179904e+18 3.437522285195310445e+01 3.457097137245767726e+01 3.493934444086059443e+01
1.185424431786868736e+18 3.437803144839002556e+01 3.457368417636777735e+01 3.494246600770965472e+01
1.188570713582128640e+18 3.438073690222901746e+01 3.457621777694915011e+01 3.494556516404741586e+01
1.191725346048153344e+18 3.438351336688926096e+01 3.457875137753054418e+01 3.494865598510207860e+01
1.194888351348778752e+18 3.438631276094495348e+01 3.458128497811193824e+01 3.495174680615673424e+01
1.198059751706675200e+18 3.438911215500064600e+01 3.458409863545556107e+01 3.495483762721138987e+01
1.201239569403486464e+18 3.439191154905633852e+01 3.458741849753943853e+01 3.495792844826604551e+01
1.204427826780023296e+18 3.439426310995127523e+01 3.459072815658661426e+01 3.496101926932070825e+01
1.207624546236363520e+18 3.439637359152010276e+01 3.459365382956710278e+01 3.496411009037536388e+01
1.210829750232036864e+18 3.439879310238593035e+01 3.459622267038866994e+01 3.496720091143001241e+01
1.214043461286214656e+18 3.440248171362802765e+01 3.459892817380845997e+01 3.497029173248467515e+01
1.217265701977806592e+18 3.440521759702030380e+01 3.460202301853883711e+01 3.497322327037610279e+01
1.220496494945659904e+18 3.440715094369868154e+01 3.460499691678008816e+01 3.497614870394021835e+01
1.223735862888699136e+18 3.440929756988952448e+01 3.460750634354488398e+01 3.497906471181164534e+01
1.226983828566124544e+18 3.441241032195221550e+01 3.460994073766285339e+01 3.498198071968307232e+01
1.230240414797512192e+18 3.441559075208137131e+01 3.461237513178082281e+01 3.498489672755450641e+01
1.233505644463004672e+18 3.441870323070539683e+01 3.461480952589877802e+01 3.498781273542592629e+01
1.236779540503502336e+18 3.442060193022779657e+01 3.461724392001674744e+01 3.499072874329735328e+01
1.240062125920762880e+18 3.442333038987246852e+01 3.461967831413471686e+01 3.499364475116878737e+01
1.243353423777604352e+18 3.442586793641288523e+01 3.462211005025342558e+01 3.499656075904022146e+01
1.246653457198046720e+18 3.442889535768696874e+01 3.462452258310626974e+01 3.499947676691164133e+01
1.249962249367514368e+18 3.443151645123976579e+01 3.462719797103942199e+01 3.500239277478307542e+01
1.253279823532938752e+18 3.443359633719685320e+01 3.462989106022942565e+01 3.500530853321824765e+01
1.256606203002952192e+18 3.443571067136014818e+01 3.463219583935772050e+01 3.500821785706675371e+01
1.259941411148081408e+18 3.443791956437156188e+01 3.463533719916357967e+01 3.501111984690349743e+01
1.263285471400851712e+18 3.444068575452877923e+01 3.463833026157972483e+01 3.501402183674024116e+01
1.266638407255981312e+18 3.444350689073188931e+01 3.464098046447482204e+01 3.501692382657697777e+01
1.270000242270577152e+18 3.444587487680853144e+01 3.464363066736991925e+01 3.501982581641372150e+01
1.273371000064239872e+18 3.444811532518330210e+01 3.464591284135946125e+01 3.502272780625046522e+01
1.276750704319269632e+18 3.445048152258982554e+01 3.464823905541164351e+01 3.502562979608720894e+01
1.280139378780812288e+18 3.445302960712874096e+01 3.465056526946382576e+01 3.502853178592394556e+01
1.283537047257068032e+18 3.445552537818706895e+01 3.465257992820387756e+01 3.503164466097983620e+01
1.286943733619396096e+18 3.445732923324190722e+01 3.465433962080507513e+01 3.503482396736200144e+01
1.290359461802524160e+18 3.445902162710788019e+01 3.465609051205198909e+01 3.503800060866552712e+01
1.293784255804695040e+18 3.446084033972941540e+01 3.465825901590189062e+01 3.504115923610422101e+01
1.297218139687878144e+18 3.446252988051809751e+01 3.466065002668650408e+01 3.504429359125812482e+01
1.300661137577875456e+18 3.446433021403834829e+01 3.466304103747111753e+01 3.504742794641202863e+01
1.304113273664521472e+18 3.446601789590287268e+01 3.466558425553020584e+01 3.505056230156592534e+01
1.307574572201885696e+18 3.446771801142716640e+01 3.466832129497454673e+01 3.505369665671982915e+01
1.311045057508380416e+18 3.446941812695146723e+01 3.467119354475603643e+01 3.505683101187373296e+01
1.314524753966961152e+18 3.447111824247575385e+01 3.467411996038680400e+01 3.505996536702762967e+01
1.318013686025332224e+18 3.447281835800004757e+01 3.467676936418653355e+01 3.506309972218153348e+01
1.321511878196052736e+18 3.447451847352434129e+01 3.467958027701477874e+01 3.506623407733543729e+01
1.325019355056752384e+18 3.447719834686151330e+01 3.468281757025521728e+01 3.506936843248934110e+01
1.328536141250283008e+18 3.448061137366367035e+01 3.468605377269179968e+01 3.507249008281802105e+01
1.332062261484934144e+18 3.448410484003514398e+01 3.468917879745744415e+01 3.507558007736586347e+01
1.335597740534541824e+18 3.448663652694128956e+01 3.469183612205044653e+01 3.507867007191370590e+01
1.339142603238706432e+18 3.448899349507552614e+01 3.469449344664344892e+01 3.508176006646154121e+01
1.342696874502945280e+18 3.449098719862296747e+01 3.469749350233706764e+01 3.508485006100937653e+01
1.346260579298910976e+18 3.449317826519398267e+01 3.470050016198142373e+01 3.508790761619148668e+01
1.349833742664501760e+18 3.449598484786795893e+01 3.470353763044793993e+01 3.509093690746379224e+01
1.353416389704069632e+18 3.449877806033688188e+01 3.470685777956320806e+01 3.509396619873609069e+01
1.357008545588630528e+18 3.450099055545402393e+01 3.471003175255862061e+01 3.509684228652484705e+01
1.360610235555973888e+18 3.450265999560371455e+01 3.471288982631531894e+01 3.509950852817505051e+01
1.364221484910885888e+18 3.450432943575340516e+01 3.471574790007201727e+01 3.510217476982524687e+01
1.367842319025303040e+18 3.450599887590308867e+01 3.471838160710382226e+01 3.510482800943165671e+01
1.371472763338536192e+18 3.450829732275956729e+01 3.472085967690741626e+01 3.510746798356270659e+01
1.375112843357382912e+18 3.451015308950012184e+01 3.472365976416216427e+01 3.511010795769375648e+01
1.378762584656338176e+18 3.451217266358488445e+01 3.472645985141689806e+01 3.511274793182480636e+01
1.382422012877809920e+18 3.451422444824801516e+01 3.472907714995570672e+01 3.511538790595585624e+01
1.386091153732230400e+18 3.451631710968957378e+01 3.473162670110077954e+01 3.511802788008690612e+01
1.389770032998281984e+18 3.451840977113113951e+01 3.473442192039023269e+01 3.512066785421795601e+01
1.393458676523056640e+18 3.452050243257269102e+01 3.473679932580535024e+01 3.512330782834899878e+01
1.397157110222281216e+18 3.452259509401425674e+01 3.473900351336688175e+01 3.512594780248005577e+01
1.400865360080433408e+18 3.452468775545581536e+01 3.474189255022348988e+01 3.512858511700910213e+01
1.404583452150956288e+18 3.452650569940860947e+01 3.474423339904343777e+01 3.513120865937275283e+01
1.408311412556477952e+18 3.452823373400071461e+01 3.474657424786340698e+01 3.513382927383802468e+01
1.412049267488924160e+18 3.452996072974436004e+01 3.474927955043561667e+01 3.513644988830329652e+01
1.415797043209749504e+18 3.453168772548801257e+01 3.475213108435650611e+01 3.513900890776244523e+01
1.419554766050098688e+18 3.453341472123166511e+01 3.475497246231844883e+01 3.514154529626175361e+01
1.423322462411037440e+18 3.453518463189805487e+01 3.475781384028039156e+01 3.514448330297391010e+01
1.427100158763669504e+18 3.453686871271897019e+01 3.476018270602722282e+01 3.514762148290127897e+01
1.430887881649355520e+18 3.453876975213465528e+01 3.476245476635666876e+01 3.515075966282864783e+01
1.434685657679936256e+18 3.454069236811586308e+01 3.476472682668612890e+01 3.515389784275601670e+01
1.438493513537849088e+18 3.454261498409707087e+01 3.476699888701557484e+01 3.515703602268339267e+01
1.442311475976361728e+18 3.454453760007827157e+01 3.476960541902813873e+01 3.516017420261076865e+01
1.446139571819736832e+18 3.454604072737737397e+01 3.477261303466578113e+01 3.516331238253813041e+01
1.449977827963468288e+18 3.454751322565766714e+01 3.477562065030343774e+01 3.516645056246550638e+01
1.453826271374398464e+18 3.454898572393796030e+01 3.477862826594109436e+01 3.516956961428868311e+01
1.457684929090943744e+18 3.455045822221824636e+01 3.478127243021953063e+01 3.517267462910366049e+01
1.461553828223319808e+18 3.455201991685554219e+01 3.478377791548264497e+01 3.517524523889037624e+01
1.465432995953660928e+18 3.455366748006373712e+01 3.478643021489959608e+01 3.517814310460669702e+01
1.469322459536258304e+18 3.455531504327193204e+01 3.478936371653359316e+01 3.518163024063195365e+01
1.473222246297728000e+18 3.455696260648013407e+01 3.479229721816758314e+01 3.518511737665720318e+01
1.477132383637250816e+18 3.455864884068515863e+01 3.479523071980158022e+01 3.518860451268245981e+01
1.481052899026692864e+18 3.456035702707503532e+01 3.479772455893441929e+01 3.519200977942853825e+01
1.484983820010833920e+18 3.456199865461589837e+01 3.479981949883275405e+01 3.519527660430612315e+01
1.488925174207597824e+18 3.456360148577588376e+01 3.480191443873109591e+01 3.519854342918371515e+01
1.492876989308174592e+18 3.456520431693586914e+01 3.480426886208759640e+01 3.520179630741386489e+01
1.496839293077261568e+18 3.456680714809586163e+01 3.480713576895444561e+01 3.520503598123183053e+01
1.500812113353236224e+18 3.456840997925583991e+01 3.481000267582128771e+01 3.520824539681643728e+01
1.504795478048399104e+18 3.457001281041583240e+01 3.481286958268813692e+01 3.521138615076053213e+01
1.508789415149097216e+18 3.457161564157581779e+01 3.481572020108136201e+01 3.521452690470461278e+01
1.512793952715957248e+18 3.457346106473181635e+01 3.481833898920150716e+01 3.521766765864869342e+01
1.516809118884119808e+18 3.457533764784344044e+01 3.482076039764804420e+01 3.522080841259278117e+01
1.520834941863363072e+18 3.457693723209727210e+01 3.482337603955099326e+01 3.522394916653686892e+01
1.524871449938349824e+18 3.457853681635108956e+01 3.482599168145394231e+01 3.522687092863791491e+01
1.528918671468802560e+18 3.458016611777425453e+01 3.482860732335689136e+01 3.522979230701948694e+01
1.532976634889751040e+18 3.458180526724073900e+01 3.483122296525984041e+01 3.523270789645307843e+01
1.537045368711659008e+18 3.458344441670722347e+01 3.483383860716280367e+01 3.523560109848867228e+01
1.541124901520659968e+18 3.458508356617371504e+01 3.483657078386558226e+01 3.523849430052425902e+01
1.545215261978797312e+18 3.458672271564019951e+01 3.483936236559729593e+01 3.524138750255985997e+01
1.549316478824149504e+18 3.458836186510668398e+01 3.484215394732899540e+01 3.524428070459545381e+01
1.553428580871082752e+18 3.458999480203347332e+01 3.484494524886401479e+01 3.524717048229621241e+01
1.557551597010427648e+18 3.459159685749595781e+01 3.484752755880255393e+01 3.525002283364000277e+01
1.561685556209733120e+18 3.459319870926965024e+01 3.484984263738144250e+01 3.525287518498381445e+01
1.565830487513394176e+18 3.459480056104334267e+01 3.485214814796511007e+01 3.525572753632762613e+01
1.569986420042893312e+18 3.459640241281703510e+01 3.485445365854877764e+01 3.525857988767142359e+01
1.574153382997044224e+18 3.459800426459072042e+01 3.485675916913244521e+01 3.526143223901522816e+01
1.578331405652119808e+18 3.459960611636441286e+01 3.485906467971611988e+01 3.526427943990776015e+01
1.582520517362108672e+18 3.460120796813810529e+01 3.486137019029979456e+01 3.526710559691464653e+01
1.586720747558896640e+18 3.460281750721919281e+01 3.486367570088345502e+01 3.526992893923837613e+01
1.590932125752524544e+18 3.460445515416138562e+01 3.486598121146712970e+01 3.527275228156211995e+01
1.595154681531318016e+18 3.460609280110358554e+01 3.486828672205079727e+01 3.527557562388585666e+01
1.599388444562134016e+18 3.460773044804577836e+01 3.487059223263446484e+01 3.527839896620957916e+01
1.603633444590609152e+18 3.460936809498797118e+01 3.487289774321813240e+01 3.528122230853332297e+01
1.607889711441289216e+18 3.461105333259244077e+01 3.487520325380179997e+01 3.528404565085705968e+01
1.612157275017892096e+18 3.461281475731978929e+01 3.487793402266453313e+01 3.528686899318079639e+01
1.616436165303491072e+18 3.461457618204713782e+01 3.488077163548463488e+01 3.528969233550452600e+01
1.620726412360777984e+18 3.461633760677447924e+01 3.488360231054969063e+01 3.529251567782826271e+01
1.625028046332195840e+18 3.461809903150183487e+01 3.488647668445671002e+01 3.529533589224849521e+01
1.629341097440189952e+18 3.461986045622917629e+01 3.488926175897653792e+01 3.529814231250185230e+01
1.633665595987459584e+18 3.462162188095652482e+01 3.489204683349638003e+01 3.530093753773788734e+01
1.638001572357092608e+18 3.462335170291954967e+01 3.489490108047726125e+01 3.530373276297392948e+01
1.642349057012830208e+18 3.462507661080301347e+01 3.489775568587494092e+01 3.530652798820996452e+01
1.646708080499255808e+18 3.462680151868647727e+01 3.490058636093998246e+01 3.530932321344599245e+01
1.651078673442062080e+18 3.462852642656994107e+01 3.490321958143324821e+01 3.531211843868203459e+01
1.655460866548187136e+18 3.463025133445341197e+01 3.490542985979193702e+01 3.531491366391806253e+01
1.659854690606068480e+18 3.463197624233687577e+01 3.490764013815061162e+01 3.531770888915409046e+01
1.664260176485901824e+18 3.463370115022033957e+01 3.490984182350901222e+01 3.532050411439013260e+01
1.668677355139775744e+18 3.463542605810381048e+01 3.491203809520679613e+01 3.532329933962616764e+01
1.673106257601943552e+18 3.463715096598727428e+01 3.491422426507449472e+01 3.532609444785872199e+01
1.677546914989014016e+18 3.463887587387073808e+01 3.491640506282180922e+01 3.532888347449334532e+01
1.681999358500225024e+18 3.464060078175420898e+01 3.491858586056912372e+01 3.533165162732182552e+01
1.686463619417580288e+18 3.464232568963767278e+01 3.492076665831643822e+01 3.533441964173138672e+01
1.690939729106110464e+18 3.464405059752113658e+01 3.492294745606373851e+01 3.533718765614094792e+01
1.695427719014134528e+18 3.464577550540460038e+01 3.492529761517826614e+01 3.533992518570388341e+01
1.699927620673398016e+18 3.464750041328807129e+01 3.492794697890479938e+01 3.534261143110013137e+01
1.704439465699350784e+18 3.464922532117153509e+01 3.493004392113478218e+01 3.534572152781873910e+01
1.708963285791340032e+18 3.465095022905499889e+01 3.493224600214733044e+01 3.534877141582702365e+01
1.713499112732888832e+18 3.465267513693846979e+01 3.493444808315988581e+01 3.535110652282627086e+01
1.718046978391837440e+18 3.465438090534767923e+01 3.493665016417244118e+01 3.535352309361265100e+01
1.722606914720606208e+18 3.465607531278354259e+01 3.493885224518498944e+01 3.535623085708959934e+01
1.727178953756465664e+18 3.465776972021940594e+01 3.494105432619754481e+01 3.535893862056656189e+01
1.731763127621673728e+18 3.465945956777211023e+01 3.494324846471026547e+01 3.536139139834497058e+01
1.736359468523760640e+18 3.466114878176587411e+01 3.494590860871065274e+01 3.536377219346454126e+01
1.740968008755724800e+18 3.466283799575963087e+01 3.494867510277123301e+01 3.536615298858410483e+01
1.745588780696318464e+18 3.466440109985421714e+01 3.495144159683183460e+01 3.536853378370368262e+01
1.750221816810187520e+18 3.466592668202724781e+01 3.495420809089243619e+01 3.537091457882325329e+01
1.754867149648144896e+18 3.466745226420027137e+01 3.495697458495301646e+01 3.537329537394281687e+01
1.759524811847439872e+18 3.466897784637330204e+01 3.495974107901361805e+01 3.537567616906238754e+01
1.764194836131902976e+18 3.467050342854632561e+01 3.496250757307421964e+01 3.537805696418195822e+01
1.768877255312232704e+18 3.467202901071935628e+01 3.496527406713481412e+01 3.538043775930152890e+01
1.773572102286196992e+18 3.467355459289238695e+01 3.496804056119540860e+01 3.538281855442109247e+01
1.778279410038922752e+18 3.467508017506541051e+01 3.497080705525600308e+01 3.538519934954066315e+01
